# Auxiliary photon data. Generated by tools/make_photon_aux.py.
# COMPTON: Geant4 G4EMLOW 6.48 doppler/, which distributes
#   Biggs, Mendelsohn and Mann, At. Data Nucl. Data Tables 16 (1975) 201.
# DENSITY: NIST ESTAR mean excitation energies, and Sternheimer, Berger
#   and Seltzer, At. Data Nucl. Data Tables 30 (1984) 261.
# Binding and ionisation energies are in eV.
COMPTON
pz 31 0.0 0.05 0.1 0.15 0.2 0.3 0.4 0.5 0.6 0.7 0.8 1.0 1.2 1.4 1.6 1.8 2.0 2.4 3.0 4.0 5.0 6.0 7.0 8.0 10.0 15.0 20.0 30.0 40.0 60.0 100.0
Z 1 1 1.0 13.61 0.849 0.842 0.824 0.794 0.755 0.655 0.544 0.435 0.337 0.257 0.192 0.106 0.0584 0.0327 0.0188 0.0111 0.00679 0.00275 0.000849 0.000173 4.83e-05 1.68e-05 6.79e-06 3.09e-06 8.2e-07 7.4e-08 1.3e-08 1.2e-09 2.3e-10 4.3e-11 2.6e-11
Z 2 1 2.0 23.419999999999998 0.535 0.534 0.528 0.52 0.509 0.478 0.439 0.396 0.35 0.306 0.264 0.191 0.136 0.0955 0.0672 0.0476 0.034 0.0179 0.0074 0.00206 0.000698 0.000274 0.00012 5.78e-05 1.6e-05 1.6e-06 2.9e-07 2.6e-08 4.7e-09 4.3e-10 3.9e-11
Z 3 2 2.0 1.0 59.85 5.5 0.329 0.328 0.327 0.325 0.322 0.315 0.305 0.293 0.279 0.263 0.247 0.213 0.18 0.149 0.122 0.099 0.0798 0.0513 0.0266 0.00943 0.00371 0.00161 0.000764 0.000389 0.00012 1.2e-05 2.4e-06 2.2e-07 3.9e-08 3.5e-09 1.8e-10 1.94 1.87 1.69 1.43 1.14 0.612 0.274 0.108 0.0411 0.0194 0.0141 0.0134 0.012 0.00958 0.00724 0.00536 0.00395 0.00218 0.000962 0.000295 0.000108 4.48e-05 2.06e-05 1.03e-05 3.1e-06 3.1e-07 5.9e-08 5.4e-09 9.6e-10 8.6e-11 4.4e-12
Z 4 2 2.0 2.0 118.36 8.18 0.237 0.237 0.236 0.236 0.235 0.232 0.228 0.223 0.218 0.211 0.204 0.188 0.171 0.153 0.136 0.119 0.104 0.0771 0.0481 0.0215 0.00986 0.00477 0.00244 0.00131 0.00044 5e-05 9.9e-06 9.4e-07 1.7e-07 1.5e-08 7.4e-10 1.34 1.32 1.25 1.15 1.02 0.743 0.486 0.293 0.165 0.0892 0.0475 0.0164 0.0108 0.0104 0.0102 0.00939 0.00823 0.0058 0.00315 0.00115 0.000461 0.000204 9.87e-05 5.11e-05 1.6e-05 1.8e-06 3.4e-07 3.2e-08 5.8e-09 5.2e-10 2.5e-11
Z 5 3 2.0 2.0 1.0 195.61 12.58 6.67 0.186 0.186 0.186 0.185 0.185 0.184 0.182 0.179 0.176 0.173 0.169 0.161 0.151 0.141 0.13 0.119 0.109 0.0884 0.0628 0.0338 0.0179 0.00961 0.00532 0.00304 0.0011 0.00014 2.9e-05 2.9e-06 5.3e-07 4.8e-08 2.3e-09 1.0 0.992 0.963 0.917 0.857 0.711 0.552 0.405 0.284 0.191 0.124 0.05 0.0209 0.0115 0.00924 0.00897 0.00893 0.00808 0.00573 0.00268 0.00122 0.000586 0.000298 0.000161 5.4e-05 6.3e-06 1.3e-06 1.2e-07 2.2e-08 2e-09 9.4e-11 0.615 0.615 0.614 0.612 0.606 0.581 0.533 0.467 0.393 0.321 0.256 0.157 0.0943 0.0568 0.0346 0.0215 0.0135 0.00571 0.00178 0.000345 8.88e-05 2.82e-05 1.04e-05 4.29e-06 9.3e-07 5e-08 5.7e-09 2.5e-10 2.5e-11 1e-12 1.7e-14
Z 6 3 2.0 2.0 2.0 291.01000000000005 17.560000000000002 8.99 0.153 0.153 0.153 0.153 0.153 0.152 0.151 0.149 0.148 0.146 0.144 0.139 0.133 0.126 0.12 0.112 0.105 0.0905 0.0701 0.0433 0.0258 0.0153 0.00913 0.00555 0.0022 0.00031 6.8e-05 7e-06 1.3e-06 1.2e-07 5.8e-09 0.804 0.798 0.783 0.759 0.726 0.641 0.541 0.439 0.343 0.26 0.192 0.0982 0.0477 0.0234 0.013 0.00909 0.00795 0.00775 0.00695 0.00425 0.00227 0.0012 0.000649 0.000365 0.00013 1.6e-05 3.4e-06 3.3e-07 6.2e-08 5.6e-09 2.7e-10 0.488 0.488 0.488 0.487 0.485 0.475 0.453 0.42 0.379 0.333 0.287 0.204 0.14 0.095 0.0644 0.0438 0.0301 0.0146 0.0053 0.0012 0.000334 0.00011 4.16e-05 1.75e-05 3.9e-06 2.2e-07 2.6e-08 1.2e-09 1.2e-10 4.8e-12 8e-14
Z 7 3 2.0 2.0 3.0 404.85 23.099999999999998 11.5 0.13 0.13 0.13 0.13 0.13 0.129 0.129 0.128 0.127 0.126 0.124 0.121 0.117 0.113 0.109 0.104 0.0987 0.0881 0.0724 0.0495 0.0325 0.0209 0.0133 0.00858 0.0037 0.00059 0.00014 1.5e-05 2.8e-06 2.6e-07 1.3e-08 0.672 0.669 0.66 0.646 0.625 0.572 0.507 0.435 0.364 0.296 0.236 0.142 0.0807 0.0443 0.0244 0.0142 0.00953 0.00694 0.00676 0.00529 0.00333 0.00195 0.00114 0.000674 0.00026 3.5e-05 7.5e-06 7.6e-07 1.4e-07 1.3e-08 6.2e-10 0.407 0.407 0.407 0.407 0.406 0.401 0.39 0.372 0.348 0.319 0.287 0.224 0.168 0.124 0.0908 0.0662 0.0484 0.0261 0.0109 0.00287 0.000882 0.000309 0.000121 5.23e-05 1.2e-05 7.3e-07 8.9e-08 4.1e-09 4.2e-10 1.7e-11 3e-13
Z 8 3 2.0 2.0 4.0 537.28 29.23 14.19 0.113 0.113 0.113 0.113 0.113 0.113 0.112 0.112 0.111 0.11 0.109 0.107 0.105 0.102 0.0986 0.0952 0.0915 0.0838 0.0718 0.0529 0.0373 0.0257 0.0174 0.0118 0.0055 0.001 0.00024 2.8e-05 5.4e-06 5.1e-07 2.5e-08 0.579 0.577 0.571 0.561 0.548 0.513 0.468 0.417 0.363 0.311 0.261 0.175 0.111 0.0684 0.0409 0.0245 0.0151 0.00765 0.00605 0.00561 0.00414 0.00271 0.00171 0.00107 0.00044 6.5e-05 1.5e-05 1.5e-06 2.9e-07 2.7e-08 1.3e-09 0.35 0.35 0.35 0.349 0.349 0.346 0.34 0.33 0.315 0.297 0.275 0.228 0.183 0.143 0.111 0.0852 0.0653 0.0385 0.0179 0.00542 0.00184 0.00069 0.000284 0.000126 3e-05 1.9e-06 2.4e-07 1.1e-08 1.2e-09 5e-11 8.5e-13
Z 9 3 2.0 2.0 5.0 688.37 35.93000000000001 17.05 0.1 0.1 0.1 0.1 0.1 0.0999 0.0996 0.0992 0.0987 0.0982 0.0975 0.096 0.0942 0.0922 0.0899 0.0874 0.0847 0.0789 0.0697 0.0542 0.0405 0.0295 0.0211 0.015 0.0075 0.0015 0.0004 4.8e-05 9.6e-06 9.2e-07 4.5e-08 0.508 0.507 0.503 0.496 0.487 0.462 0.43 0.393 0.353 0.312 0.271 0.197 0.136 0.0911 0.0592 0.0378 0.0241 0.0107 0.00579 0.00539 0.00458 0.00335 0.00228 0.00152 0.00067 0.00011 2.6e-05 2.8e-06 5.4e-07 5e-08 2.4e-09 0.307 0.307 0.307 0.307 0.306 0.305 0.301 0.295 0.286 0.274 0.259 0.224 0.188 0.154 0.125 0.0998 0.0795 0.0503 0.0255 0.00872 0.00324 0.0013 0.000563 0.00026 6.6e-05 4.4e-06 5.7e-07 2.8e-08 3e-09 1.3e-10 2.1e-12
Z 10 3 2.0 2.0 6.0 858.1800000000001 43.23 20.080000000000002 0.09 0.09 0.0899 0.0899 0.0898 0.0897 0.0895 0.0892 0.0888 0.0884 0.088 0.0869 0.0855 0.084 0.0823 0.0805 0.0784 0.074 0.0668 0.0543 0.0424 0.0323 0.0241 0.0178 0.0096 0.0022 0.0006 7.6e-05 1.6e-05 1.5e-06 7.6e-08 0.453 0.452 0.449 0.444 0.438 0.42 0.397 0.369 0.338 0.305 0.272 0.209 0.155 0.11 0.0767 0.0522 0.0351 0.0159 0.00656 0.00493 0.00466 0.00377 0.00278 0.00196 0.00094 0.00017 4.2e-05 4.7e-06 9.3e-07 8.7e-08 4.2e-09 0.274 0.274 0.274 0.273 0.273 0.272 0.27 0.266 0.26 0.252 0.241 0.216 0.188 0.159 0.133 0.11 0.0906 0.0607 0.0332 0.0126 0.00505 0.00216 0.000984 0.000473 0.00013 9e-06 1.2e-06 6e-08 6.7e-09 2.8e-10 4.8e-12
Z 11 4 2.0 2.0 6.0 1.0 1064.0 64.48 36.42 5.1499999999999995 0.0815 0.0815 0.0815 0.0815 0.0814 0.0813 0.0811 0.0809 0.0807 0.0804 0.08 0.0792 0.0782 0.0771 0.0758 0.0743 0.0728 0.0694 0.0637 0.0534 0.0433 0.0342 0.0265 0.0203 0.012 0.003 0.00087 0.00012 2.4e-05 2.4e-06 1.2e-07 0.39 0.39 0.388 0.385 0.381 0.369 0.354 0.335 0.314 0.291 0.267 0.218 0.172 0.132 0.098 0.0713 0.051 0.0252 0.00943 0.00484 0.00472 0.0042 0.00335 0.00251 0.0013 0.00026 6.7e-05 7.9e-06 1.6e-06 1.5e-07 7.4e-09 0.225 0.225 0.225 0.225 0.224 0.224 0.223 0.222 0.22 0.216 0.212 0.199 0.182 0.164 0.144 0.125 0.108 0.0774 0.046 0.0192 0.00832 0.00377 0.0018 0.000896 0.00025 1.9e-05 2.6e-06 1.4e-07 1.5e-08 6.5e-10 1.1e-11 2.07 1.99 1.77 1.46 1.13 0.556 0.223 0.0796 0.0319 0.0205 0.0191 0.018 0.0142 0.01 0.00672 0.0044 0.00286 0.00119 0.000339 0.000115 0.000109 9.89e-05 7.94e-05 5.96e-05 3.1e-05 6.1e-06 1.5e-06 1.8e-07 3.6e-08 3.4e-09 1.7e-10
Z 12 4 2.0 2.0 6.0 2.0 1294.5 89.46 56.55 6.89 0.0745 0.0745 0.0745 0.0745 0.0744 0.0743 0.0742 0.074 0.0738 0.0736 0.0733 0.0727 0.072 0.0711 0.0701 0.069 0.0678 0.0651 0.0605 0.0521 0.0435 0.0354 0.0283 0.0223 0.014 0.0038 0.0012 0.00017 3.6e-05 3.7e-06 1.9e-07 0.342 0.342 0.34 0.338 0.336 0.328 0.317 0.305 0.29 0.273 0.255 0.218 0.181 0.146 0.115 0.0883 0.0667 0.0364 0.0143 0.00517 0.00459 0.00441 0.00379 0.00302 0.0017 0.00039 0.0001 1.3e-05 2.6e-06 2.5e-07 1.2e-08 0.192 0.192 0.192 0.192 0.192 0.192 0.191 0.191 0.19 0.188 0.186 0.179 0.169 0.158 0.144 0.13 0.116 0.0894 0.0578 0.0267 0.0124 0.00593 0.00295 0.00152 0.00045 3.7e-05 5.2e-06 2.8e-07 3.2e-08 1.4e-09 2.4e-11 1.59 1.55 1.44 1.28 1.09 0.696 0.387 0.193 0.0911 0.0449 0.0272 0.0212 0.0207 0.0181 0.0144 0.0107 0.00763 0.00364 0.00112 0.000237 0.000174 0.00017 0.000148 0.000118 6.7e-05 1.5e-05 3.9e-06 4.7e-07 9.6e-08 9.3e-09 4.5e-10
Z 13 5 2.0 2.0 6.0 2.0 1.0 1549.9 119.05 81.19999999999999 10.16 4.88 0.0686 0.0686 0.0686 0.0685 0.0685 0.0684 0.0683 0.0682 0.0681 0.0679 0.0677 0.0672 0.0666 0.0659 0.0651 0.0642 0.0633 0.0611 0.0575 0.0505 0.0432 0.0361 0.0296 0.0239 0.015 0.0047 0.0016 0.00024 5.2e-05 5.5e-06 2.8e-07 0.305 0.304 0.304 0.302 0.3 0.295 0.287 0.278 0.267 0.255 0.241 0.213 0.183 0.153 0.126 0.101 0.0801 0.0479 0.0207 0.00625 0.00445 0.00439 0.00404 0.00342 0.0021 0.00053 0.00015 1.9e-05 4e-06 3.9e-07 1.9e-08 0.168 0.168 0.168 0.168 0.168 0.167 0.167 0.167 0.166 0.166 0.164 0.161 0.155 0.148 0.139 0.129 0.118 0.0964 0.0673 0.0343 0.0171 0.00863 0.00447 0.00239 0.00075 6.6e-05 9.7e-06 5.3e-07 6.1e-08 2.7e-09 4.8e-11 1.24 1.22 1.17 1.08 0.975 0.729 0.494 0.308 0.18 0.101 0.0575 0.0271 0.0233 0.0231 0.0212 0.0179 0.0143 0.00806 0.00293 0.000541 0.000252 0.000241 0.000227 0.000194 0.00012 3e-05 8.2e-06 1e-06 2.1e-07 2.1e-08 1e-09 0.919 0.918 0.916 0.904 0.879 0.776 0.619 0.452 0.307 0.199 0.124 0.0452 0.0162 0.00666 0.00402 0.0035 0.00346 0.00328 0.00249 0.00127 0.000618 0.000307 0.000157 8.33e-05 2.6e-05 2.2e-06 3.2e-07 1.7e-08 2e-09 8.6e-11 1.6e-12
Z 14 5 2.0 2.0 6.0 2.0 2.0 1828.5 151.55 108.67 13.63 6.55 0.0635 0.0635 0.0635 0.0635 0.0635 0.0634 0.0633 0.0632 0.0631 0.063 0.0628 0.0624 0.0619 0.0614 0.0608 0.0601 0.0593 0.0576 0.0545 0.0488 0.0425 0.0363 0.0304 0.0252 0.017 0.0056 0.002 0.00032 7.3e-05 7.8e-06 4e-07 0.275 0.275 0.274 0.273 0.272 0.268 0.262 0.255 0.247 0.237 0.227 0.205 0.181 0.156 0.132 0.11 0.0906 0.0584 0.0279 0.00822 0.0045 0.00425 0.00412 0.00369 0.0025 0.0007 0.00021 2.8e-05 5.9e-06 5.9e-07 2.9e-08 0.149 0.149 0.149 0.149 0.149 0.149 0.149 0.149 0.148 0.148 0.147 0.145 0.142 0.137 0.131 0.124 0.116 0.0992 0.074 0.0414 0.0221 0.0118 0.00636 0.00352 0.0012 0.00011 1.7e-05 9.4e-07 1.1e-07 4.9e-09 8.9e-11 1.04 1.03 0.992 0.94 0.872 0.707 0.531 0.374 0.248 0.158 0.0979 0.0407 0.0256 0.0237 0.0235 0.0221 0.0194 0.0129 0.00566 0.00116 0.000361 0.000287 0.000283 0.000258 0.00018 4.9e-05 1.4e-05 1.9e-06 3.9e-07 3.9e-08 1.9e-09 0.744 0.744 0.743 0.739 0.728 0.681 0.597 0.49 0.38 0.281 0.201 0.0946 0.0419 0.0183 0.00872 0.00524 0.00421 0.00401 0.0036 0.00217 0.00115 0.000599 0.000319 0.000174 5.6e-05 5.2e-06 7.7e-07 4.3e-08 5e-09 2.2e-10 4.1e-12
Z 15 5 2.0 2.0 6.0 2.0 3.0 2130.4 187.15 139.14 17.21 8.379999999999999 0.0592 0.0592 0.0591 0.0591 0.0591 0.0591 0.059 0.0589 0.0588 0.0587 0.0586 0.0583 0.0579 0.0574 0.0569 0.0564 0.0557 0.0543 0.0518 0.047 0.0416 0.0362 0.0309 0.0261 0.018 0.0066 0.0024 0.00042 9.8e-05 1.1e-05 5.7e-07 0.251 0.25 0.25 0.249 0.248 0.245 0.241 0.235 0.229 0.222 0.214 0.196 0.176 0.156 0.136 0.116 0.0982 0.0674 0.0353 0.0111 0.00492 0.00409 0.00406 0.00382 0.0028 0.00089 0.00028 3.9e-05 8.4e-06 8.5e-07 4.3e-08 0.134 0.134 0.134 0.134 0.134 0.134 0.134 0.134 0.134 0.134 0.133 0.132 0.13 0.127 0.123 0.118 0.112 0.0991 0.0781 0.0475 0.0272 0.0152 0.00856 0.00489 0.0017 0.00017 2.7e-05 1.6e-06 1.9e-07 8.5e-09 1.5e-10 0.897 0.89 0.868 0.833 0.786 0.669 0.536 0.407 0.295 0.205 0.138 0.0611 0.032 0.0243 0.0233 0.0232 0.022 0.017 0.00893 0.00221 0.000579 0.00033 0.000317 0.000306 0.00023 7.2e-05 2.2e-05 3e-06 6.5e-07 6.5e-08 3.3e-09 0.631 0.631 0.631 0.629 0.624 0.599 0.551 0.483 0.404 0.325 0.253 0.142 0.0741 0.0371 0.0185 0.0098 0.00609 0.00433 0.0042 0.00304 0.00178 0.000982 0.000544 0.000306 0.0001 1e-05 1.6e-06 9.1e-08 1.1e-08 4.8e-10 8.7e-12
Z 16 5 2.0 2.0 6.0 2.0 4.0 2455.9 225.97 172.73000000000002 20.95 10.34 0.0553 0.0553 0.0553 0.0553 0.0553 0.0553 0.0552 0.0552 0.0551 0.055 0.0549 0.0546 0.0543 0.0539 0.0535 0.053 0.0525 0.0513 0.0493 0.0452 0.0406 0.0358 0.0311 0.0267 0.019 0.0075 0.0029 0.00053 0.00013 1.5e-05 7.8e-07 0.23 0.23 0.23 0.229 0.228 0.226 0.223 0.218 0.213 0.208 0.201 0.187 0.171 0.154 0.137 0.12 0.103 0.0746 0.0423 0.0146 0.00582 0.00404 0.00392 0.00383 0.0031 0.0011 0.00036 5.3e-05 1.2e-05 1.2e-06 6.1e-08 0.122 0.122 0.122 0.122 0.122 0.122 0.122 0.122 0.122 0.122 0.122 0.121 0.119 0.117 0.115 0.111 0.107 0.0971 0.08 0.0524 0.0319 0.0188 0.011 0.0065 0.0024 0.00026 4.2e-05 2.6e-06 3.1e-07 1.4e-08 2.6e-10 0.794 0.788 0.773 0.748 0.715 0.628 0.526 0.421 0.324 0.24 0.173 0.0847 0.0429 0.0272 0.0231 0.0227 0.0225 0.0196 0.0122 0.00371 0.000983 0.000407 0.000339 0.000336 0.00028 9.9e-05 3.2e-05 4.6e-06 1e-06 1e-07 5.2e-09 0.551 0.551 0.55 0.549 0.547 0.533 0.504 0.459 0.404 0.343 0.283 0.179 0.106 0.0596 0.0326 0.0179 0.0103 0.00508 0.00436 0.00372 0.00243 0.00144 0.000829 0.000482 0.00017 1.8e-05 2.9e-06 1.7e-07 2e-08 9.3e-10 1.7e-11
Z 17 5 2.0 2.0 6.0 2.0 5.0 2804.9 268.05 209.48000000000002 24.84 12.42 0.052 0.052 0.052 0.052 0.052 0.0519 0.0519 0.0518 0.0518 0.0517 0.0516 0.0514 0.0511 0.0508 0.0505 0.0501 0.0497 0.0487 0.0469 0.0435 0.0395 0.0353 0.0311 0.0271 0.02 0.0084 0.0034 0.00066 0.00017 1.9e-05 1e-06 0.213 0.213 0.213 0.212 0.212 0.21 0.207 0.204 0.2 0.195 0.19 0.178 0.165 0.15 0.136 0.121 0.107 0.0802 0.0487 0.0185 0.0072 0.0042 0.00377 0.00374 0.0032 0.0013 0.00045 7e-05 1.6e-05 1.7e-06 8.5e-08 0.112 0.112 0.112 0.112 0.112 0.112 0.112 0.112 0.112 0.112 0.112 0.111 0.11 0.109 0.107 0.105 0.101 0.094 0.0803 0.056 0.0361 0.0224 0.0136 0.00831 0.0032 0.00038 6.4e-05 4e-06 4.9e-07 2.3e-08 4.2e-10 0.713 0.709 0.698 0.68 0.655 0.589 0.509 0.423 0.34 0.265 0.201 0.108 0.0569 0.0331 0.0243 0.0221 0.0219 0.0208 0.015 0.00556 0.00163 0.00056 0.000366 0.000352 0.00032 0.00013 4.4e-05 6.6e-06 1.5e-06 1.5e-07 7.8e-09 0.49 0.49 0.489 0.489 0.487 0.479 0.46 0.431 0.392 0.346 0.298 0.206 0.134 0.0826 0.0493 0.0288 0.0169 0.00695 0.0044 0.00412 0.00302 0.00193 0.00117 0.000702 0.00026 3e-05 4.9e-06 3e-07 3.6e-08 1.6e-09 3e-11
Z 18 5 2.0 2.0 6.0 2.0 6.0 3177.6 313.43 249.42999999999998 28.92 14.620000000000001 0.049 0.049 0.049 0.049 0.049 0.049 0.0489 0.0489 0.0488 0.0488 0.0487 0.0485 0.0483 0.048 0.0478 0.0474 0.0471 0.0462 0.0447 0.0418 0.0383 0.0347 0.0309 0.0272 0.021 0.0092 0.0039 0.00081 0.00021 2.5e-05 1.4e-06 0.198 0.198 0.198 0.198 0.197 0.196 0.193 0.191 0.187 0.184 0.179 0.17 0.159 0.146 0.134 0.121 0.108 0.0843 0.0542 0.0226 0.00902 0.00462 0.00368 0.00361 0.0033 0.0015 0.00056 9.1e-05 2.1e-05 2.2e-06 1.2e-07 0.104 0.104 0.104 0.104 0.104 0.104 0.104 0.104 0.104 0.104 0.103 0.103 0.102 0.101 0.1 0.0983 0.0961 0.0904 0.0794 0.0586 0.0398 0.0258 0.0163 0.0103 0.0041 0.00053 9.3e-05 6e-06 7.5e-07 3.5e-08 6.5e-10 0.649 0.646 0.637 0.623 0.604 0.552 0.489 0.419 0.348 0.281 0.222 0.13 0.0723 0.0415 0.0275 0.0224 0.0211 0.0208 0.017 0.00758 0.00253 0.000831 0.00042 0.000362 0.00035 0.00016 5.8e-05 9.2e-06 2.1e-06 2.2e-07 1.1e-08 0.442 0.442 0.441 0.441 0.44 0.435 0.423 0.402 0.374 0.34 0.302 0.224 0.156 0.104 0.0665 0.0416 0.0257 0.0102 0.00465 0.0042 0.00345 0.00238 0.00152 0.000949 0.00037 4.5e-05 7.7e-06 4.8e-07 6e-08 2.8e-09 5.1e-11
Z 19 6 2.0 2.0 6.0 2.0 6.0 1.0 3583.3 371.15999999999997 301.65 40.5 23.75 4.220000000000001 0.0464 0.0464 0.0464 0.0464 0.0464 0.0463 0.0463 0.0463 0.0462 0.0462 0.0461 0.046 0.0458 0.0455 0.0453 0.045 0.0447 0.044 0.0427 0.0402 0.0372 0.0339 0.0306 0.0272 0.021 0.01 0.0045 0.00097 0.00026 3.2e-05 1.8e-06 0.185 0.185 0.185 0.185 0.184 0.183 0.181 0.179 0.176 0.173 0.17 0.162 0.152 0.142 0.131 0.12 0.109 0.0872 0.0588 0.0267 0.0112 0.00535 0.00372 0.00348 0.0033 0.0017 0.00067 0.00012 2.7e-05 2.9e-06 1.5e-07 0.0965 0.0965 0.0965 0.0965 0.0965 0.0965 0.0965 0.0965 0.0964 0.0964 0.0963 0.096 0.0956 0.0949 0.0939 0.0926 0.0909 0.0866 0.0778 0.06 0.0428 0.0289 0.019 0.0123 0.0052 0.00071 0.00013 8.8e-06 1.1e-06 5.3e-08 9.9e-10 0.57 0.568 0.562 0.552 0.539 0.503 0.457 0.405 0.349 0.295 0.243 0.156 0.0946 0.0563 0.0355 0.0257 0.0221 0.0212 0.0192 0.0102 0.0039 0.00133 0.000562 0.000401 0.00038 0.0002 7.8e-05 1.3e-05 3e-06 3.2e-07 1.7e-08 0.376 0.376 0.376 0.376 0.375 0.373 0.367 0.357 0.342 0.322 0.298 0.242 0.185 0.134 0.0933 0.0628 0.0413 0.0174 0.00625 0.00459 0.00417 0.00312 0.00212 0.00137 0.00057 7.3e-05 1.3e-05 8.5e-07 1.1e-07 5e-09 9e-11 2.46 2.32 1.96 1.49 1.02 0.371 0.111 0.0491 0.0427 0.0419 0.0373 0.0233 0.0123 0.00604 0.00295 0.00157 0.00103 0.000823 0.000778 0.000435 0.000167 5.59e-05 2.23e-05 1.51e-05 1.4e-05 7.6e-06 2.9e-06 4.9e-07 1.1e-07 1.2e-08 6.3e-10
Z 20 6 2.0 2.0 6.0 2.0 6.0 2.0 4015.0000000000005 434.10999999999996 359.03999999999996 53.16 34.01 5.45 0.044 0.044 0.044 0.044 0.044 0.044 0.0439 0.0439 0.0439 0.0438 0.0438 0.0436 0.0435 0.0433 0.0431 0.0428 0.0426 0.042 0.0409 0.0387 0.036 0.0332 0.0302 0.0271 0.021 0.011 0.005 0.0012 0.00032 4e-05 2.3e-06 0.174 0.174 0.174 0.174 0.173 0.172 0.171 0.169 0.167 0.164 0.161 0.154 0.146 0.138 0.128 0.118 0.109 0.0891 0.0626 0.0307 0.0137 0.00637 0.00393 0.00339 0.0033 0.0019 0.00079 0.00014 3.4e-05 3.8e-06 2e-07 0.0902 0.0902 0.0902 0.0902 0.0902 0.0902 0.0902 0.0902 0.0901 0.0901 0.09 0.0899 0.0895 0.089 0.0883 0.0873 0.0861 0.0827 0.0758 0.0607 0.0451 0.0317 0.0216 0.0144 0.0064 0.00094 0.00018 1.3e-05 1.6e-06 7.8e-08 1.5e-09 0.508 0.507 0.503 0.496 0.486 0.46 0.426 0.386 0.342 0.298 0.254 0.176 0.115 0.0724 0.046 0.0314 0.0245 0.0212 0.0204 0.0128 0.00559 0.00206 0.000806 0.000466 0.00041 0.00025 0.0001 1.8e-05 4.2e-06 4.6e-07 2.4e-08 0.33 0.33 0.33 0.33 0.33 0.329 0.326 0.32 0.311 0.299 0.283 0.244 0.199 0.155 0.116 0.0835 0.0584 0.0271 0.00905 0.00483 0.00465 0.00379 0.00273 0.00185 0.00081 0.00011 2.1e-05 1.4e-06 1.8e-07 8.4e-09 1.7e-10 1.95 1.87 1.68 1.4 1.09 0.547 0.228 0.0935 0.0532 0.0466 0.0463 0.0392 0.0264 0.0154 0.00831 0.00439 0.00246 0.00134 0.00126 0.000848 0.000376 0.000137 5.12e-05 2.76e-05 2.3e-05 1.4e-05 5.8e-06 1e-06 2.4e-07 2.6e-08 1.4e-09
Z 21 7 2.0 2.0 6.0 2.0 6.0 1.0 2.0 4465.8 494.28999999999996 413.68 60.91 39.6 7.08 5.9 0.0418 0.0418 0.0418 0.0418 0.0418 0.0418 0.0418 0.0418 0.0417 0.0417 0.0416 0.0415 0.0414 0.0412 0.0411 0.0408 0.0406 0.0401 0.0391 0.0372 0.0349 0.0324 0.0297 0.0269 0.022 0.011 0.0055 0.0013 0.00038 5e-05 2.9e-06 0.164 0.164 0.164 0.164 0.163 0.162 0.161 0.16 0.158 0.155 0.153 0.147 0.14 0.133 0.125 0.116 0.108 0.0901 0.0657 0.0344 0.0163 0.00765 0.00433 0.00338 0.0032 0.0021 0.00092 0.00018 4.3e-05 4.9e-06 2.6e-07 0.0847 0.0847 0.0847 0.0847 0.0847 0.0847 0.0847 0.0847 0.0846 0.0846 0.0846 0.0844 0.0842 0.0838 0.0833 0.0825 0.0816 0.079 0.0734 0.0607 0.0467 0.0341 0.0239 0.0165 0.0076 0.0012 0.00024 1.7e-05 2.3e-06 1.1e-07 2.1e-09 0.471 0.47 0.467 0.461 0.453 0.432 0.404 0.371 0.334 0.296 0.258 0.187 0.128 0.0844 0.0549 0.0369 0.0271 0.0208 0.0202 0.0145 0.00719 0.00292 0.00114 0.000562 0.00041 0.00028 0.00012 2.3e-05 5.5e-06 6.2e-07 3.3e-08 0.304 0.304 0.304 0.304 0.304 0.303 0.301 0.297 0.29 0.281 0.27 0.24 0.203 0.165 0.129 0.0971 0.0712 0.0359 0.0124 0.0049 0.00469 0.00413 0.00316 0.00225 0.001 0.00016 3e-05 2.1e-06 2.7e-07 1.3e-08 2.4e-10 0.31 0.31 0.31 0.31 0.31 0.309 0.307 0.303 0.294 0.282 0.266 0.229 0.19 0.154 0.123 0.0974 0.0768 0.0476 0.0235 0.00766 0.0027 0.00103 0.000424 0.000187 4.3e-05 2.3e-06 2.3e-07 6.6e-09 4.6e-10 9.8e-12 1.5e-13 1.84 1.78 1.61 1.37 1.09 0.589 0.266 0.112 0.0569 0.0435 0.0422 0.0389 0.0289 0.0185 0.0108 0.00603 0.00338 0.00147 0.0012 0.000943 0.000479 0.000194 7.36e-05 3.4e-05 2.3e-05 1.6e-05 7e-06 1.3e-06 3.1e-07 3.5e-08 1.8e-09
Z 22 7 2.0 2.0 6.0 2.0 6.0 2.0 2.0 4940.599999999999 557.4399999999999 471.22 68.61 45.1 8.389999999999999 6.28 0.0399 0.0399 0.0399 0.0399 0.0399 0.0399 0.0398 0.0398 0.0398 0.0398 0.0397 0.0396 0.0395 0.0394 0.0392 0.039 0.0388 0.0384 0.0375 0.0359 0.0338 0.0316 0.0291 0.0267 0.022 0.012 0.006 0.0015 0.00045 6.1e-05 3.6e-06 0.155 0.155 0.155 0.155 0.154 0.154 0.153 0.151 0.15 0.148 0.146 0.141 0.135 0.128 0.121 0.114 0.106 0.0905 0.068 0.0378 0.0189 0.00914 0.00492 0.00347 0.0031 0.0022 0.001 0.00021 5.3e-05 6.2e-06 3.3e-07 0.0798 0.0798 0.0798 0.0798 0.0798 0.0798 0.0798 0.0798 0.0798 0.0798 0.0797 0.0796 0.0794 0.0792 0.0787 0.0782 0.0774 0.0754 0.0709 0.0603 0.0479 0.036 0.0261 0.0185 0.009 0.0015 0.00031 2.4e-05 3.2e-06 1.6e-07 3e-09 0.441 0.44 0.437 0.432 0.426 0.408 0.385 0.357 0.326 0.293 0.259 0.194 0.139 0.095 0.0637 0.0431 0.0306 0.0209 0.0195 0.0157 0.00872 0.00389 0.00159 0.000717 0.00041 0.00031 0.00015 2.9e-05 7.1e-06 8e-07 4.3e-08 0.282 0.282 0.282 0.282 0.282 0.282 0.28 0.277 0.273 0.266 0.257 0.233 0.203 0.17 0.138 0.108 0.0822 0.0447 0.0165 0.00522 0.0046 0.0043 0.0035 0.00261 0.0013 0.00021 4.1e-05 3e-06 3.9e-07 1.9e-08 3.5e-10 0.275 0.275 0.275 0.275 0.275 0.275 0.274 0.271 0.266 0.259 0.249 0.223 0.192 0.162 0.134 0.11 0.0894 0.0586 0.0309 0.011 0.00414 0.00166 0.000705 0.000318 7.6e-05 4.2e-06 4.3e-07 1.3e-08 9e-10 1.9e-11 6.5e-14 1.76 1.71 1.56 1.34 1.09 0.619 0.297 0.13 0.0623 0.0419 0.0384 0.037 0.0297 0.0205 0.0128 0.00757 0.00437 0.0017 0.00112 0.000974 0.000561 0.000252 0.000101 4.34e-05 2.2e-05 1.7e-05 8e-06 1.6e-06 3.9e-07 4.4e-08 2.4e-09
Z 23 7 2.0 2.0 6.0 2.0 6.0 3.0 2.0 5439.6 623.7900000000001 531.88 76.42 50.65 9.61 6.63 0.0381 0.0381 0.0381 0.0381 0.0381 0.0381 0.0381 0.0381 0.038 0.038 0.038 0.0379 0.0378 0.0376 0.0375 0.0374 0.0372 0.0368 0.0361 0.0346 0.0328 0.0308 0.0286 0.0263 0.022 0.012 0.0065 0.0018 0.00053 7.3e-05 4.5e-06 0.147 0.147 0.147 0.147 0.146 0.146 0.145 0.144 0.142 0.141 0.139 0.135 0.13 0.124 0.118 0.111 0.104 0.0904 0.0697 0.0408 0.0215 0.0108 0.0057 0.00369 0.003 0.0023 0.0012 0.00025 6.5e-05 7.7e-06 4.2e-07 0.0755 0.0755 0.0755 0.0755 0.0755 0.0755 0.0755 0.0755 0.0755 0.0755 0.0754 0.0754 0.0752 0.075 0.0747 0.0742 0.0737 0.072 0.0684 0.0595 0.0485 0.0376 0.028 0.0204 0.01 0.0019 0.0004 3.2e-05 4.3e-06 2.2e-07 4.3e-09 0.415 0.414 0.412 0.408 0.403 0.388 0.368 0.344 0.317 0.288 0.258 0.199 0.147 0.104 0.0721 0.0495 0.0349 0.0216 0.0187 0.0164 0.0101 0.00494 0.00215 0.000946 0.00042 0.00033 0.00017 3.5e-05 8.9e-06 1e-06 5.6e-08 0.264 0.264 0.264 0.264 0.264 0.264 0.263 0.261 0.257 0.252 0.245 0.226 0.201 0.173 0.144 0.116 0.0915 0.0532 0.0212 0.00587 0.00446 0.00434 0.00375 0.00292 0.0015 0.00027 5.5e-05 4.1e-06 5.5e-07 2.7e-08 5.4e-10 0.25 0.25 0.25 0.25 0.25 0.25 0.249 0.248 0.245 0.24 0.233 0.214 0.19 0.165 0.14 0.118 0.0984 0.0674 0.0377 0.0145 0.00579 0.00243 0.00107 0.000496 0.00012 7.1e-06 7.5e-07 2.3e-08 1.6e-09 3.5e-11 1.2e-13 1.69 1.65 1.51 1.32 1.09 0.643 0.324 0.147 0.0691 0.042 0.0356 0.0346 0.0296 0.0217 0.0144 0.00897 0.00538 0.00203 0.00105 0.000961 0.000622 0.000308 0.000133 5.65e-05 2.2e-05 1.8e-05 8.9e-06 1.9e-06 4.7e-07 5.4e-08 2.9e-09
Z 24 7 2.0 2.0 6.0 2.0 6.0 5.0 1.0 5957.6 687.34 589.7399999999999 79.19000000000001 51.25 6.46 5.96 0.0365 0.0365 0.0365 0.0365 0.0365 0.0365 0.0364 0.0364 0.0364 0.0364 0.0363 0.0363 0.0362 0.0361 0.036 0.0358 0.0357 0.0353 0.0347 0.0334 0.0318 0.03 0.028 0.026 0.022 0.013 0.007 0.002 0.00062 8.8e-05 5.4e-06 0.14 0.14 0.14 0.14 0.139 0.139 0.138 0.137 0.136 0.134 0.133 0.129 0.125 0.12 0.114 0.109 0.103 0.0899 0.0709 0.0434 0.0241 0.0126 0.00663 0.00405 0.0029 0.0024 0.0013 0.0003 7.8e-05 9.4e-06 5.3e-07 0.0716 0.0716 0.0716 0.0716 0.0716 0.0716 0.0716 0.0716 0.0716 0.0716 0.0716 0.0715 0.0714 0.0712 0.071 0.0706 0.0702 0.0689 0.0659 0.0584 0.0488 0.0388 0.0297 0.0221 0.012 0.0023 0.00051 4.2e-05 5.8e-06 3e-07 5.9e-09 0.398 0.398 0.395 0.392 0.387 0.374 0.356 0.334 0.31 0.284 0.256 0.202 0.152 0.111 0.0782 0.0546 0.0385 0.0225 0.0177 0.0164 0.0111 0.00591 0.00274 0.00123 0.00043 0.00035 0.00019 4.2e-05 1.1e-05 1.3e-06 7e-08 0.253 0.253 0.253 0.252 0.252 0.252 0.251 0.249 0.246 0.242 0.236 0.22 0.198 0.173 0.147 0.121 0.0974 0.0594 0.0255 0.00673 0.00427 0.0042 0.00381 0.00312 0.0018 0.00033 7.1e-05 5.5e-06 7.4e-07 3.7e-08 7.4e-10 0.261 0.261 0.261 0.261 0.261 0.261 0.26 0.257 0.251 0.244 0.234 0.209 0.183 0.156 0.133 0.111 0.0933 0.065 0.0376 0.0153 0.00646 0.00283 0.00129 0.000614 0.00016 9.6e-06 1e-06 3.2e-08 2.4e-09 5.3e-11 3.1e-13 1.85 1.79 1.62 1.38 1.11 0.611 0.282 0.117 0.0512 0.0313 0.0275 0.0267 0.0222 0.0161 0.0108 0.00684 0.00421 0.00163 0.00074 0.000673 0.000482 0.000261 0.000121 5.33e-05 1.7e-05 1.3e-05 7.1e-06 1.6e-06 4.1e-07 4.8e-08 2.6e-09
Z 25 7 2.0 2.0 6.0 2.0 6.0 5.0 2.0 6510.9 766.47 662.97 92.58 62.089999999999996 11.85 7.25 0.035 0.035 0.035 0.035 0.035 0.035 0.035 0.0349 0.0349 0.0349 0.0349 0.0348 0.0347 0.0346 0.0345 0.0344 0.0343 0.034 0.0334 0.0322 0.0308 0.0292 0.0274 0.0255 0.022 0.013 0.0074 0.0022 0.00071 0.0001 6.6e-06 0.133 0.133 0.133 0.133 0.133 0.132 0.132 0.131 0.13 0.129 0.127 0.124 0.12 0.116 0.111 0.106 0.1 0.0891 0.0717 0.0457 0.0265 0.0144 0.00771 0.00453 0.0029 0.0025 0.0014 0.00034 9.3e-05 1.1e-05 6.5e-07 0.0681 0.0681 0.0681 0.0681 0.0681 0.0681 0.0681 0.0681 0.0681 0.0681 0.0681 0.0681 0.068 0.0678 0.0676 0.0674 0.067 0.066 0.0635 0.0572 0.0488 0.0397 0.0311 0.0236 0.013 0.0027 0.00063 5.4e-05 7.6e-06 4e-07 8e-09 0.373 0.372 0.37 0.367 0.364 0.352 0.338 0.32 0.299 0.276 0.253 0.205 0.159 0.119 0.087 0.0623 0.0445 0.025 0.0175 0.0166 0.0123 0.00707 0.00352 0.00164 0.00049 0.00036 0.00021 5e-05 1.3e-05 1.6e-06 8.9e-08 0.235 0.235 0.235 0.235 0.235 0.235 0.234 0.233 0.231 0.228 0.223 0.211 0.194 0.173 0.15 0.127 0.105 0.068 0.0315 0.00837 0.00438 0.00417 0.00395 0.00338 0.002 0.00042 9.3e-05 7.5e-06 1e-06 5.2e-08 1e-09 0.215 0.215 0.215 0.215 0.215 0.215 0.214 0.214 0.212 0.21 0.206 0.195 0.18 0.162 0.144 0.126 0.109 0.0801 0.0493 0.0216 0.00959 0.00438 0.00207 0.00101 0.00027 1.7e-05 1.9e-06 6.2e-08 4.6e-09 1e-10 8.2e-13 1.59 1.55 1.44 1.27 1.08 0.677 0.368 0.18 0.0856 0.0458 0.0326 0.0296 0.0277 0.0225 0.0165 0.0112 0.00731 0.00292 0.00105 0.000863 0.000683 0.000405 0.000203 9.3e-05 2.5e-05 1.8e-05 1e-05 2.4e-06 6.5e-07 7.7e-08 4.3e-09
Z 26 7 2.0 2.0 6.0 2.0 6.0 6.0 2.0 7083.400000000001 842.96 733.5500000000001 101.00999999999999 68.04 12.91 7.53 0.0336 0.0336 0.0336 0.0336 0.0336 0.0336 0.0336 0.0336 0.0335 0.0335 0.0335 0.0334 0.0334 0.0333 0.0332 0.0331 0.033 0.0327 0.0322 0.0312 0.0299 0.0284 0.0268 0.0251 0.022 0.014 0.0078 0.0024 0.00081 0.00012 7.9e-06 0.127 0.127 0.127 0.127 0.127 0.127 0.126 0.125 0.124 0.123 0.122 0.119 0.116 0.112 0.108 0.103 0.0983 0.088 0.0721 0.0476 0.0287 0.0162 0.00888 0.00513 0.0029 0.0025 0.0015 0.00039 0.00011 1.4e-05 7.9e-07 0.065 0.065 0.065 0.065 0.065 0.065 0.065 0.065 0.065 0.065 0.065 0.0649 0.0649 0.0648 0.0646 0.0644 0.0641 0.0632 0.0612 0.0559 0.0485 0.0403 0.0322 0.025 0.014 0.0032 0.00077 6.9e-05 9.9e-06 5.3e-07 1.1e-08 0.355 0.354 0.353 0.35 0.347 0.337 0.324 0.309 0.29 0.27 0.249 0.205 0.163 0.125 0.0935 0.0684 0.0496 0.0275 0.0173 0.0163 0.013 0.00806 0.00429 0.00209 0.00057 0.00037 0.00023 5.9e-05 1.6e-05 2e-06 1.1e-07 0.223 0.223 0.223 0.223 0.223 0.223 0.222 0.221 0.22 0.217 0.214 0.203 0.189 0.171 0.151 0.131 0.11 0.0743 0.0367 0.0102 0.00454 0.00403 0.00394 0.00351 0.0023 0.00051 0.00012 9.9e-06 1.4e-06 7.1e-08 1.4e-09 0.201 0.201 0.201 0.201 0.201 0.201 0.201 0.2 0.199 0.197 0.195 0.186 0.174 0.159 0.143 0.127 0.112 0.0845 0.0541 0.025 0.0117 0.00553 0.0027 0.00136 0.00038 2.5e-05 2.9e-06 9.6e-08 7.2e-09 1.6e-10 1.3e-12 1.55 1.51 1.41 1.25 1.07 0.69 0.387 0.196 0.0946 0.0492 0.0324 0.0273 0.0264 0.0224 0.0171 0.0121 0.00815 0.00343 0.00113 0.0008 0.000686 0.000442 0.000237 0.000115 2.9e-05 1.7e-05 1.1e-05 2.7e-06 7.5e-07 9.1e-08 5.1e-09
Z 27 7 2.0 2.0 6.0 2.0 6.0 7.0 2.0 7680.700000000001 922.9499999999999 807.5400000000001 109.69 74.17 13.93 7.81 0.0323 0.0323 0.0323 0.0323 0.0323 0.0323 0.0323 0.0323 0.0323 0.0323 0.0322 0.0322 0.0321 0.0321 0.032 0.0319 0.0318 0.0315 0.0311 0.0301 0.029 0.0277 0.0262 0.0247 0.021 0.014 0.0082 0.0027 0.00091 0.00014 9.4e-06 0.122 0.122 0.122 0.122 0.122 0.121 0.121 0.12 0.119 0.118 0.117 0.115 0.112 0.108 0.105 0.101 0.0961 0.0868 0.0722 0.0492 0.0308 0.018 0.0101 0.00585 0.0029 0.0025 0.0016 0.00045 0.00013 1.7e-05 9.6e-07 0.0621 0.0621 0.0621 0.0621 0.0621 0.0621 0.0621 0.0621 0.0621 0.0621 0.0621 0.0621 0.062 0.0619 0.0618 0.0616 0.0614 0.0607 0.059 0.0545 0.0481 0.0406 0.0331 0.0262 0.016 0.0037 0.00094 8.7e-05 1.3e-05 6.9e-07 1.4e-08 0.339 0.339 0.337 0.335 0.332 0.324 0.312 0.298 0.282 0.264 0.245 0.205 0.166 0.13 0.0992 0.0741 0.0546 0.0303 0.0175 0.0158 0.0134 0.00895 0.00507 0.0026 0.00069 0.00037 0.00025 6.8e-05 1.9e-05 2.4e-06 1.3e-07 0.212 0.212 0.212 0.212 0.212 0.212 0.212 0.211 0.209 0.207 0.205 0.196 0.184 0.169 0.151 0.133 0.114 0.0797 0.0417 0.0123 0.00489 0.00391 0.00387 0.00358 0.0025 0.00061 0.00015 1.3e-05 1.8e-06 9.4e-08 1.9e-09 0.19 0.19 0.19 0.19 0.19 0.189 0.189 0.189 0.188 0.187 0.185 0.178 0.168 0.155 0.141 0.127 0.113 0.0879 0.0582 0.0283 0.0138 0.00678 0.00341 0.00176 0.00051 3.6e-05 4.2e-06 1.4e-07 1.1e-08 2.5e-10 1.7e-12 1.51 1.48 1.38 1.24 1.06 0.7 0.404 0.211 0.104 0.0533 0.033 0.0254 0.0249 0.022 0.0174 0.0128 0.0089 0.00396 0.00125 0.00074 0.000675 0.000469 0.000269 0.000138 3.5e-05 1.6e-05 1.1e-05 3.1e-06 8.5e-07 1.1e-07 6e-09
Z 28 7 2.0 2.0 6.0 2.0 6.0 8.0 2.0 8302.800000000001 1006.5 884.9799999999999 118.64 80.48 14.66 8.09 0.0311 0.0311 0.0311 0.0311 0.0311 0.0311 0.0311 0.0311 0.0311 0.0311 0.0311 0.031 0.031 0.0309 0.0308 0.0307 0.0306 0.0304 0.03 0.0292 0.0282 0.027 0.0256 0.0242 0.021 0.014 0.0085 0.0029 0.001 0.00016 1.1e-05 0.117 0.117 0.117 0.117 0.117 0.116 0.116 0.115 0.115 0.114 0.113 0.111 0.108 0.105 0.102 0.0979 0.0939 0.0855 0.0721 0.0505 0.0326 0.0197 0.0114 0.00665 0.0031 0.0025 0.0017 0.0005 0.00015 2e-05 1.2e-06 0.0595 0.0595 0.0595 0.0595 0.0595 0.0595 0.0595 0.0595 0.0595 0.0595 0.0595 0.0595 0.0594 0.0593 0.0592 0.0591 0.0589 0.0583 0.0569 0.0531 0.0475 0.0408 0.0338 0.0273 0.017 0.0043 0.0011 0.00011 1.6e-05 8.9e-07 1.8e-08 0.325 0.324 0.323 0.321 0.318 0.311 0.301 0.288 0.274 0.258 0.241 0.204 0.168 0.134 0.104 0.0793 0.0595 0.0334 0.018 0.0152 0.0137 0.00972 0.00584 0.00316 0.00085 0.00036 0.00027 7.7e-05 2.2e-05 2.8e-06 1.6e-07 0.202 0.202 0.202 0.202 0.202 0.202 0.202 0.201 0.2 0.199 0.196 0.189 0.179 0.166 0.151 0.134 0.117 0.0844 0.0466 0.0147 0.00544 0.00384 0.00376 0.0036 0.0026 0.00071 0.00018 1.6e-05 2.3e-06 1.2e-07 2.5e-09 0.179 0.179 0.179 0.179 0.179 0.179 0.179 0.179 0.178 0.177 0.176 0.17 0.162 0.151 0.139 0.127 0.114 0.0904 0.0617 0.0314 0.0159 0.00809 0.00419 0.00222 0.00067 4.9e-05 5.9e-06 2.1e-07 1.6e-08 3.6e-10 2.4e-12 1.47 1.44 1.35 1.22 1.05 0.709 0.42 0.225 0.113 0.058 0.0342 0.0238 0.0234 0.0213 0.0175 0.0133 0.00954 0.00448 0.00142 0.000688 0.000652 0.000487 0.000298 0.000162 4.2e-05 1.6e-05 1.2e-05 3.4e-06 9.6e-07 1.2e-07 7.1e-09
Z 29 7 2.0 2.0 6.0 2.0 6.0 10.0 1.0 8943.2 1086.1 958.53 121.26 80.5 9.799999999999999 7.109999999999999 0.0301 0.0301 0.03 0.03 0.03 0.03 0.03 0.03 0.03 0.03 0.03 0.0299 0.0299 0.0298 0.0298 0.0297 0.0296 0.0294 0.029 0.0283 0.0273 0.0263 0.0251 0.0238 0.021 0.014 0.0089 0.0032 0.0011 0.00019 1.3e-05 0.112 0.112 0.112 0.112 0.112 0.112 0.111 0.111 0.11 0.11 0.109 0.107 0.104 0.102 0.0986 0.0953 0.0917 0.0841 0.0718 0.0516 0.0343 0.0214 0.0128 0.00753 0.0033 0.0024 0.0018 0.00056 0.00017 2.3e-05 1.4e-06 0.0571 0.0571 0.0571 0.0571 0.0571 0.0571 0.0571 0.0571 0.0571 0.0571 0.0571 0.0571 0.057 0.057 0.0569 0.0568 0.0566 0.0561 0.055 0.0517 0.0467 0.0407 0.0343 0.0282 0.018 0.0048 0.0013 0.00013 2e-05 1.1e-06 2.4e-08 0.315 0.315 0.314 0.312 0.309 0.302 0.293 0.282 0.268 0.253 0.237 0.203 0.169 0.137 0.108 0.0831 0.0631 0.036 0.0185 0.0145 0.0136 0.0102 0.0065 0.00369 0.001 0.00035 0.00028 8.6e-05 2.5e-05 3.3e-06 1.9e-07 0.196 0.196 0.196 0.196 0.196 0.196 0.195 0.195 0.194 0.193 0.19 0.184 0.175 0.163 0.149 0.134 0.118 0.0872 0.0502 0.0169 0.00607 0.00378 0.00359 0.00352 0.0027 0.00081 0.00021 2e-05 3e-06 1.6e-07 3.3e-09 0.185 0.185 0.185 0.185 0.185 0.185 0.185 0.184 0.183 0.181 0.179 0.171 0.161 0.148 0.135 0.122 0.11 0.0869 0.0599 0.0314 0.0164 0.00862 0.00459 0.00249 0.00078 6.1e-05 7.5e-06 2.8e-07 2.2e-08 5.1e-10 3.5e-12 1.64 1.6 1.48 1.31 1.1 0.686 0.37 0.179 0.0819 0.0392 0.0234 0.018 0.0177 0.0156 0.0125 0.00936 0.00675 0.00325 0.00106 0.000461 0.000443 0.000351 0.000229 0.000131 3.6e-05 1.1e-05 8.4e-06 2.6e-06 7.7e-07 1e-07 5.9e-09
Z 30 7 2.0 2.0 6.0 2.0 6.0 10.0 2.0 9622.4 1184.3999999999999 1050.5 137.42999999999998 90.59 16.849999999999998 8.610000000000001 0.029 0.029 0.029 0.029 0.029 0.029 0.029 0.029 0.029 0.029 0.029 0.0289 0.0289 0.0288 0.0288 0.0287 0.0286 0.0284 0.0281 0.0274 0.0266 0.0256 0.0245 0.0233 0.021 0.014 0.0092 0.0034 0.0013 0.00022 1.5e-05 0.108 0.108 0.108 0.108 0.108 0.108 0.107 0.107 0.106 0.106 0.105 0.103 0.101 0.0985 0.0958 0.0928 0.0896 0.0826 0.0713 0.0524 0.0358 0.023 0.0141 0.00847 0.0035 0.0024 0.0019 0.00062 0.00019 2.7e-05 1.6e-06 0.0549 0.0549 0.0549 0.0549 0.0549 0.0549 0.0549 0.0549 0.0549 0.0549 0.0549 0.0549 0.0548 0.0548 0.0547 0.0546 0.0545 0.0541 0.0531 0.0503 0.046 0.0406 0.0347 0.0289 0.019 0.0054 0.0015 0.00016 2.5e-05 1.4e-06 3e-08 0.299 0.299 0.298 0.297 0.294 0.289 0.281 0.271 0.259 0.246 0.232 0.201 0.17 0.14 0.113 0.0885 0.0685 0.04 0.02 0.0142 0.0136 0.0109 0.00727 0.00434 0.0013 0.00035 0.00029 9.7e-05 3e-05 4e-06 2.3e-07 0.186 0.186 0.186 0.186 0.186 0.185 0.185 0.185 0.184 0.183 0.181 0.176 0.169 0.159 0.147 0.134 0.12 0.0915 0.0553 0.0199 0.00714 0.00394 0.00353 0.0035 0.0029 0.00093 0.00026 2.5e-05 3.8e-06 2.1e-07 4.3e-09 0.162 0.162 0.162 0.162 0.162 0.162 0.162 0.162 0.162 0.161 0.16 0.157 0.151 0.143 0.134 0.124 0.114 0.0933 0.0671 0.037 0.0201 0.0109 0.00594 0.0033 0.0011 8.9e-05 1.1e-05 4.3e-07 3.4e-08 8.1e-10 6.2e-12 1.41 1.38 1.3 1.18 1.04 0.721 0.446 0.251 0.132 0.0687 0.0383 0.0216 0.0206 0.0198 0.0172 0.0138 0.0105 0.00545 0.00183 0.000624 0.000588 0.000497 0.000343 0.000207 6.1e-05 1.4e-05 1.2e-05 3.9e-06 1.2e-06 1.6e-07 9.4e-09
Z 31 8 2.0 2.0 6.0 2.0 6.0 10.0 2.0 1.0 10331.0 1290.7 1150.4 157.75 111.00999999999999 11.69 5.0 4.88 0.0281 0.0281 0.0281 0.0281 0.0281 0.0281 0.0281 0.028 0.028 0.028 0.028 0.028 0.0279 0.0279 0.0278 0.0278 0.0277 0.0275 0.0272 0.0266 0.0259 0.025 0.0239 0.0228 0.02 0.014 0.0094 0.0036 0.0014 0.00024 1.8e-05 0.104 0.104 0.104 0.104 0.104 0.104 0.103 0.103 0.103 0.102 0.101 0.0997 0.0978 0.0956 0.0931 0.0904 0.0875 0.0811 0.0707 0.053 0.0371 0.0245 0.0154 0.00945 0.0039 0.0023 0.0019 0.00068 0.00022 3.1e-05 1.9e-06 0.0528 0.0528 0.0528 0.0528 0.0528 0.0528 0.0528 0.0528 0.0528 0.0528 0.0528 0.0528 0.0528 0.0527 0.0527 0.0526 0.0525 0.0521 0.0513 0.0489 0.0451 0.0403 0.0349 0.0295 0.02 0.006 0.0018 0.00019 3.1e-05 1.8e-06 3.9e-08 0.285 0.284 0.284 0.282 0.281 0.275 0.269 0.26 0.25 0.238 0.226 0.199 0.17 0.143 0.117 0.0934 0.0736 0.0443 0.0219 0.0139 0.0136 0.0114 0.00802 0.00501 0.0016 0.00035 0.0003 0.00011 3.4e-05 4.7e-06 2.8e-07 0.176 0.176 0.176 0.176 0.176 0.176 0.175 0.175 0.175 0.174 0.173 0.169 0.163 0.155 0.145 0.133 0.121 0.0952 0.0602 0.0233 0.0085 0.00424 0.00351 0.00348 0.003 0.0011 0.00031 3.2e-05 4.8e-06 2.7e-07 5.6e-09 0.146 0.146 0.146 0.146 0.146 0.146 0.146 0.146 0.145 0.145 0.145 0.143 0.14 0.135 0.129 0.122 0.114 0.0971 0.0729 0.0424 0.0238 0.0133 0.00747 0.00424 0.0014 0.00012 1.6e-05 6.4e-07 5.2e-08 1.3e-09 1e-11 1.18 1.16 1.11 1.04 0.944 0.723 0.506 0.327 0.198 0.116 0.0673 0.0302 0.0244 0.0241 0.0227 0.0196 0.0158 0.00899 0.00322 0.000891 0.000784 0.000701 0.000512 0.000325 0.0001 1.9e-05 1.7e-05 6e-06 1.9e-06 2.6e-07 1.5e-08 0.915 0.914 0.912 0.901 0.876 0.773 0.618 0.452 0.309 0.201 0.126 0.0464 0.0168 0.00712 0.00447 0.00398 0.00395 0.00367 0.00255 0.000981 0.000326 0.000131 9.21e-05 8.92e-05 8e-05 2.9e-05 8.3e-06 8.5e-07 1.3e-07 7.1e-09 1.5e-10
Z 32 8 2.0 2.0 6.0 2.0 6.0 10.0 2.0 2.0 11067.0 1402.3 1255.4 179.25 129.38000000000002 38.19 14.780000000000001 6.5 0.0272 0.0272 0.0272 0.0272 0.0272 0.0272 0.0272 0.0272 0.0271 0.0271 0.0271 0.0271 0.0271 0.027 0.027 0.0269 0.0268 0.0267 0.0264 0.0259 0.0252 0.0243 0.0234 0.0224 0.02 0.015 0.0097 0.0039 0.0015 0.00028 2e-05 0.101 0.101 0.101 0.1 0.1 0.1 0.0999 0.0995 0.0991 0.0985 0.0979 0.0965 0.0948 0.0928 0.0905 0.0881 0.0854 0.0796 0.07 0.0535 0.0383 0.0259 0.0167 0.0105 0.0043 0.0023 0.0019 0.00074 0.00025 3.6e-05 2.2e-06 0.0509 0.0509 0.0509 0.0509 0.0509 0.0509 0.0509 0.0509 0.0509 0.0509 0.0509 0.0509 0.0509 0.0508 0.0508 0.0507 0.0506 0.0503 0.0496 0.0475 0.0442 0.0399 0.035 0.0299 0.021 0.0066 0.002 0.00023 3.8e-05 2.2e-06 4.8e-08 0.271 0.271 0.27 0.269 0.267 0.263 0.257 0.25 0.241 0.231 0.22 0.195 0.17 0.144 0.12 0.0978 0.0784 0.0486 0.0241 0.0138 0.0135 0.0118 0.00873 0.0057 0.0019 0.00035 0.00031 0.00012 3.9e-05 5.6e-06 3.4e-07 0.167 0.167 0.167 0.167 0.167 0.167 0.166 0.166 0.166 0.165 0.164 0.161 0.156 0.15 0.142 0.132 0.121 0.098 0.0648 0.027 0.0101 0.0047 0.00353 0.00344 0.0031 0.0012 0.00036 3.9e-05 6.1e-06 3.4e-07 7.2e-09 0.133 0.133 0.133 0.133 0.133 0.133 0.133 0.133 0.133 0.133 0.132 0.131 0.13 0.127 0.123 0.118 0.112 0.0984 0.0771 0.0472 0.0276 0.0159 0.00913 0.00529 0.0018 0.00017 2.3e-05 9.3e-07 7.7e-08 1.9e-09 1.5e-11 1.03 1.02 0.985 0.934 0.866 0.702 0.527 0.371 0.246 0.156 0.0971 0.0415 0.0277 0.0262 0.0258 0.0238 0.0204 0.0128 0.00501 0.00121 0.000938 0.00088 0.00068 0.000453 0.00015 2.3e-05 2.1e-05 8.1e-06 2.6e-06 3.7e-07 2.2e-08 0.769 0.769 0.768 0.763 0.751 0.698 0.605 0.489 0.371 0.269 0.187 0.0837 0.0351 0.015 0.00775 0.00561 0.0052 0.00509 0.00395 0.0017 0.000595 0.000226 0.000137 0.000126 0.00012 4.8e-05 1.4e-05 1.5e-06 2.3e-07 1.3e-08 2.8e-10
Z 33 8 2.0 2.0 6.0 2.0 6.0 10.0 2.0 3.0 11829.0 1519.2 1365.7 202.01999999999998 148.95 50.550000000000004 17.86 8.120000000000001 0.0263 0.0263 0.0263 0.0263 0.0263 0.0263 0.0263 0.0263 0.0263 0.0263 0.0263 0.0263 0.0262 0.0262 0.0261 0.0261 0.026 0.0259 0.0257 0.0251 0.0245 0.0237 0.0229 0.022 0.02 0.015 0.0099 0.0041 0.0016 0.00031 2.3e-05 0.0971 0.0971 0.0971 0.097 0.097 0.0968 0.0965 0.0962 0.0958 0.0953 0.0948 0.0935 0.0919 0.0901 0.0881 0.0858 0.0834 0.0781 0.0693 0.0538 0.0393 0.0272 0.0179 0.0115 0.0047 0.0022 0.002 0.0008 0.00027 4.1e-05 2.6e-06 0.0491 0.0491 0.0491 0.0491 0.0491 0.0491 0.0491 0.0491 0.0491 0.0491 0.0491 0.0491 0.0491 0.0491 0.049 0.049 0.0489 0.0487 0.0481 0.0463 0.0433 0.0395 0.035 0.0302 0.021 0.0072 0.0023 0.00027 4.6e-05 2.7e-06 6e-08 0.258 0.258 0.258 0.257 0.255 0.252 0.246 0.24 0.232 0.223 0.213 0.192 0.169 0.145 0.122 0.101 0.0826 0.0528 0.0266 0.0139 0.0133 0.0121 0.00937 0.00639 0.0023 0.00035 0.00032 0.00013 4.5e-05 6.5e-06 4e-07 0.158 0.158 0.158 0.158 0.158 0.158 0.158 0.158 0.158 0.157 0.156 0.154 0.15 0.145 0.138 0.13 0.121 0.0999 0.0689 0.0307 0.012 0.00532 0.00362 0.00341 0.0032 0.0014 0.00043 4.8e-05 7.6e-06 4.3e-07 9.3e-09 0.123 0.123 0.123 0.123 0.123 0.123 0.123 0.123 0.123 0.122 0.122 0.122 0.121 0.119 0.116 0.113 0.109 0.0979 0.0797 0.0514 0.0312 0.0185 0.0109 0.00646 0.0023 0.00023 3.2e-05 1.3e-06 1.1e-07 2.8e-09 2.1e-11 0.922 0.914 0.89 0.852 0.801 0.673 0.531 0.396 0.28 0.19 0.125 0.0552 0.0321 0.0275 0.0273 0.0264 0.0239 0.0165 0.00719 0.00165 0.00107 0.00103 0.000845 0.00059 0.00022 2.7e-05 2.5e-05 1e-05 3.5e-06 5e-07 3.1e-08 0.674 0.674 0.673 0.67 0.664 0.632 0.573 0.491 0.399 0.31 0.232 0.12 0.0569 0.0263 0.0129 0.00789 0.00636 0.00607 0.00524 0.00255 0.000954 0.000354 0.000188 0.00016 0.00015 6.8e-05 2.1e-05 2.4e-06 3.7e-07 2.1e-08 4.6e-10
Z 34 8 2.0 2.0 6.0 2.0 6.0 10.0 2.0 4.0 12619.0 1641.5 1481.2 226.1 169.76999999999998 63.97 20.990000000000002 9.819999999999999 0.0255 0.0255 0.0255 0.0255 0.0255 0.0255 0.0255 0.0255 0.0255 0.0255 0.0255 0.0255 0.0254 0.0254 0.0254 0.0253 0.0253 0.0251 0.0249 0.0244 0.0239 0.0232 0.0224 0.0215 0.02 0.015 0.01 0.0043 0.0018 0.00034 2.7e-05 0.0939 0.0939 0.0939 0.0939 0.0938 0.0936 0.0934 0.0931 0.0927 0.0923 0.0918 0.0906 0.0892 0.0876 0.0857 0.0837 0.0815 0.0766 0.0684 0.054 0.0401 0.0283 0.0191 0.0125 0.0052 0.0022 0.002 0.00086 0.0003 4.7e-05 3e-06 0.0475 0.0475 0.0475 0.0475 0.0475 0.0475 0.0475 0.0475 0.0475 0.0475 0.0475 0.0475 0.0475 0.0474 0.0474 0.0473 0.0473 0.0471 0.0466 0.045 0.0424 0.039 0.0349 0.0305 0.022 0.0079 0.0026 0.00032 5.5e-05 3.3e-06 7.5e-08 0.247 0.247 0.246 0.245 0.244 0.241 0.236 0.23 0.223 0.216 0.207 0.188 0.167 0.145 0.124 0.104 0.0864 0.0568 0.0293 0.0142 0.013 0.0123 0.00994 0.00706 0.0028 0.00036 0.00033 0.00015 5.1e-05 7.6e-06 4.8e-07 0.151 0.151 0.151 0.151 0.151 0.151 0.151 0.15 0.15 0.15 0.149 0.147 0.144 0.14 0.134 0.127 0.119 0.101 0.0723 0.0344 0.0142 0.00613 0.00379 0.00338 0.0033 0.0015 0.0005 5.8e-05 9.4e-06 5.5e-07 1.2e-08 0.114 0.114 0.114 0.114 0.114 0.114 0.114 0.114 0.114 0.114 0.114 0.114 0.113 0.112 0.11 0.108 0.104 0.0963 0.0809 0.0549 0.0347 0.0212 0.0128 0.00773 0.0029 0.0003 4.2e-05 1.8e-06 1.6e-07 4e-09 2.9e-11 0.839 0.833 0.814 0.785 0.745 0.643 0.526 0.409 0.304 0.217 0.15 0.0702 0.0381 0.0291 0.028 0.0277 0.0262 0.0198 0.00964 0.00224 0.00119 0.00116 0.001 0.000734 0.00029 3.2e-05 2.8e-05 1.3e-05 4.4e-06 6.5e-07 4.1e-08 0.604 0.604 0.603 0.602 0.598 0.578 0.538 0.479 0.408 0.333 0.263 0.151 0.0797 0.04 0.0202 0.0113 0.00791 0.00673 0.00628 0.00349 0.00141 0.000528 0.000252 0.000192 0.00018 9e-05 3e-05 3.5e-06 5.6e-07 3.2e-08 7e-10
Z 35 8 2.0 2.0 6.0 2.0 6.0 10.0 2.0 5.0 13435.0 1769.2 1602.1 251.48999999999998 191.82 78.45 24.18 11.590000000000002 0.0248 0.0248 0.0248 0.0248 0.0248 0.0248 0.0248 0.0248 0.0248 0.0248 0.0248 0.0247 0.0247 0.0247 0.0246 0.0246 0.0245 0.0244 0.0242 0.0238 0.0233 0.0226 0.0219 0.0211 0.019 0.015 0.01 0.0045 0.0019 0.00038 3e-05 0.0909 0.0909 0.0909 0.0909 0.0908 0.0907 0.0904 0.0902 0.0898 0.0894 0.089 0.0879 0.0866 0.0851 0.0834 0.0816 0.0796 0.0751 0.0675 0.054 0.0409 0.0294 0.0203 0.0135 0.0058 0.0021 0.002 0.00092 0.00034 5.3e-05 3.5e-06 0.0459 0.0459 0.0459 0.0459 0.0459 0.0459 0.0459 0.0459 0.0459 0.0459 0.0459 0.0459 0.0459 0.0459 0.0459 0.0458 0.0458 0.0456 0.0451 0.0438 0.0415 0.0384 0.0347 0.0306 0.023 0.0085 0.0029 0.00037 6.5e-05 4e-06 9.2e-08 0.236 0.236 0.236 0.235 0.234 0.231 0.227 0.222 0.216 0.209 0.201 0.184 0.165 0.145 0.125 0.107 0.0895 0.0605 0.0321 0.0147 0.0128 0.0124 0.0104 0.00769 0.0032 0.00039 0.00033 0.00016 5.8e-05 8.8e-06 5.6e-07 0.144 0.144 0.144 0.144 0.144 0.144 0.144 0.143 0.143 0.143 0.142 0.141 0.138 0.135 0.13 0.124 0.117 0.101 0.0751 0.038 0.0165 0.00712 0.00405 0.00339 0.0033 0.0017 0.00057 7e-05 1.2e-05 6.8e-07 1.5e-08 0.107 0.107 0.107 0.107 0.107 0.107 0.107 0.107 0.107 0.107 0.107 0.107 0.106 0.105 0.104 0.102 0.1 0.0938 0.0812 0.0577 0.0378 0.0238 0.0147 0.00909 0.0035 0.00038 5.6e-05 2.5e-06 2.2e-07 5.6e-09 3.8e-11 0.772 0.767 0.752 0.729 0.697 0.614 0.516 0.415 0.32 0.238 0.172 0.0855 0.0454 0.0314 0.0284 0.0282 0.0276 0.0226 0.0122 0.00303 0.00134 0.00126 0.00114 0.000878 0.00038 3.9e-05 3.1e-05 1.5e-05 5.5e-06 8.3e-07 6.3e-08 0.549 0.549 0.549 0.548 0.545 0.532 0.504 0.461 0.406 0.345 0.283 0.177 0.102 0.0551 0.0292 0.0161 0.0102 0.00728 0.00703 0.00444 0.00195 0.000756 0.000335 0.000227 0.00021 0.00011 3.9e-05 4.8e-06 7.8e-07 4.6e-08 1e-09
Z 36 12 2.0 2.0 2.0 4.0 2.0 2.0 4.0 4.0 6.0 2.0 2.0 4.0 14280.0 1902.3 1728.3000000000002 1673.4 278.17 215.11999999999998 206.96 95.35 93.98 27.44 13.43 12.72 0.0234 0.0234 0.0234 0.0234 0.0234 0.0234 0.0234 0.0234 0.0234 0.0234 0.0234 0.0234 0.0233 0.0233 0.0233 0.0232 0.0232 0.0231 0.0229 0.0226 0.0221 0.0215 0.0209 0.0202 0.019 0.014 0.01 0.0049 0.0022 0.00049 4.9e-05 0.0862 0.0862 0.0862 0.0861 0.0861 0.0859 0.0858 0.0855 0.0852 0.0849 0.0845 0.0836 0.0825 0.0812 0.0798 0.0782 0.0764 0.0725 0.0659 0.0538 0.0418 0.031 0.022 0.0152 0.0068 0.002 0.0019 0.001 0.00041 7.5e-05 6.1e-06 0.0433 0.0433 0.0433 0.0433 0.0433 0.0433 0.0433 0.0433 0.0433 0.0433 0.0433 0.0433 0.0433 0.0433 0.0433 0.0432 0.0432 0.0431 0.0427 0.0416 0.0398 0.0373 0.0341 0.0305 0.023 0.0095 0.0035 0.00052 0.0001 7.8e-06 2.8e-07 0.0443 0.0443 0.0443 0.0443 0.0443 0.0443 0.0443 0.0443 0.0443 0.0443 0.0443 0.0443 0.0443 0.0442 0.0442 0.0442 0.0441 0.044 0.0436 0.0424 0.0405 0.0377 0.0344 0.0306 0.023 0.0091 0.0032 0.00045 8.2e-05 5.6e-06 1.5e-07 0.222 0.222 0.222 0.221 0.22 0.218 0.214 0.21 0.205 0.199 0.192 0.178 0.161 0.144 0.126 0.109 0.0934 0.0655 0.0363 0.0156 0.0123 0.0121 0.0108 0.0085 0.004 0.00045 0.00032 0.00019 7.3e-05 1.3e-05 1e-06 0.134 0.134 0.134 0.134 0.134 0.134 0.134 0.134 0.134 0.134 0.134 0.132 0.131 0.128 0.124 0.12 0.114 0.101 0.0781 0.0429 0.0201 0.00892 0.00462 0.00339 0.0032 0.0019 0.00072 0.0001 1.9e-05 1.4e-06 4.8e-08 0.137 0.137 0.137 0.137 0.137 0.137 0.137 0.137 0.137 0.136 0.136 0.135 0.133 0.13 0.126 0.121 0.115 0.101 0.0774 0.0415 0.019 0.00837 0.00445 0.00342 0.0033 0.0018 0.00067 8.8e-05 1.5e-05 9.9e-07 2.6e-08 0.101 0.101 0.101 0.101 0.101 0.101 0.101 0.101 0.101 0.101 0.101 0.1 0.1 0.0996 0.0988 0.0975 0.0958 0.0909 0.0805 0.0597 0.0406 0.0264 0.0168 0.0106 0.0042 0.0005 7.7e-05 3.7e-06 3.5e-07 1.1e-08 1.3e-10 0.101 0.101 0.101 0.101 0.101 0.101 0.101 0.101 0.101 0.101 0.101 0.101 0.101 0.1 0.0994 0.0981 0.0963 0.0913 0.0807 0.0595 0.0403 0.0261 0.0165 0.0104 0.0041 0.00048 7.3e-05 3.4e-06 3.1e-07 8.6e-09 9.3e-11 0.705 0.701 0.689 0.671 0.646 0.581 0.501 0.416 0.333 0.259 0.195 0.104 0.0561 0.0353 0.0288 0.0277 0.0276 0.0247 0.0154 0.00438 0.00156 0.00131 0.00125 0.00104 0.00051 5e-05 3.3e-05 1.9e-05 7.6e-06 1.3e-06 1e-07 0.496 0.496 0.496 0.495 0.494 0.485 0.467 0.436 0.396 0.348 0.298 0.202 0.126 0.0745 0.0423 0.0239 0.0143 0.00797 0.00731 0.00545 0.00273 0.00114 0.000483 0.000274 0.00022 0.00014 5.5e-05 7.6e-06 1.4e-06 1e-07 3.5e-09 0.508 0.508 0.508 0.507 0.505 0.496 0.475 0.442 0.398 0.348 0.295 0.196 0.121 0.0698 0.039 0.0219 0.0132 0.00782 0.00734 0.00527 0.00254 0.00104 0.000442 0.000264 0.00023 0.00014 5.1e-05 6.6e-06 1.1e-06 7.3e-08 1.9e-09
Z 37 13 2.0 2.0 2.0 4.0 2.0 2.0 4.0 4.0 6.0 2.0 2.0 4.0 1.0 15159.0 2048.0 1867.1 1805.1 313.18 246.69 237.29 119.2 117.57000000000001 36.72 20.73 19.75 4.02 0.0227 0.0227 0.0227 0.0227 0.0227 0.0227 0.0227 0.0227 0.0227 0.0227 0.0227 0.0227 0.0227 0.0226 0.0226 0.0226 0.0225 0.0225 0.0223 0.022 0.0215 0.021 0.0204 0.0198 0.018 0.014 0.011 0.0051 0.0023 0.00054 5.6e-05 0.0835 0.0835 0.0835 0.0834 0.0834 0.0833 0.0831 0.0829 0.0826 0.0823 0.082 0.0811 0.0801 0.079 0.0776 0.0762 0.0745 0.071 0.0649 0.0536 0.0422 0.0318 0.0231 0.0161 0.0074 0.002 0.0019 0.0011 0.00045 8.4e-05 7.1e-06 0.0419 0.0419 0.0419 0.0419 0.0419 0.0419 0.0419 0.0419 0.0419 0.0419 0.0419 0.0419 0.0419 0.0419 0.0419 0.0419 0.0418 0.0417 0.0414 0.0405 0.0389 0.0366 0.0337 0.0305 0.024 0.01 0.0039 0.0006 0.00012 9.4e-06 3.4e-07 0.0429 0.0429 0.0429 0.0429 0.0429 0.0429 0.0429 0.0429 0.0429 0.0429 0.0429 0.0429 0.0429 0.0429 0.0429 0.0428 0.0428 0.0427 0.0423 0.0413 0.0396 0.0371 0.0341 0.0306 0.023 0.0097 0.0036 0.00052 9.7e-05 6.7e-06 1.8e-07 0.213 0.213 0.213 0.212 0.211 0.209 0.206 0.202 0.198 0.192 0.187 0.173 0.158 0.143 0.127 0.111 0.0955 0.0686 0.0392 0.0167 0.0121 0.0119 0.011 0.00899 0.0045 0.00051 0.00032 0.0002 8.1e-05 1.5e-05 1.2e-06 0.129 0.129 0.129 0.129 0.129 0.129 0.129 0.128 0.128 0.128 0.128 0.127 0.126 0.123 0.12 0.116 0.112 0.1 0.0796 0.046 0.0227 0.0104 0.0052 0.00352 0.0032 0.002 0.00081 0.00012 2.3e-05 1.7e-06 6e-08 0.131 0.131 0.131 0.131 0.131 0.131 0.131 0.131 0.131 0.13 0.13 0.129 0.128 0.125 0.122 0.118 0.113 0.101 0.079 0.0447 0.0215 0.00971 0.00496 0.00352 0.0033 0.002 0.00076 0.0001 1.9e-05 1.2e-06 3.2e-08 0.095 0.095 0.095 0.095 0.095 0.095 0.095 0.095 0.095 0.095 0.095 0.0949 0.0947 0.0944 0.0938 0.0929 0.0916 0.0879 0.0795 0.0611 0.0431 0.0288 0.0188 0.0121 0.005 0.00062 9.8e-05 4.9e-06 4.7e-07 1.4e-08 1.8e-10 0.0957 0.0957 0.0957 0.0957 0.0957 0.0957 0.0957 0.0957 0.0957 0.0957 0.0956 0.0956 0.0954 0.095 0.0944 0.0934 0.0921 0.0883 0.0797 0.061 0.0429 0.0286 0.0185 0.0119 0.0049 0.0006 9.3e-05 4.5e-06 4.2e-07 1.2e-08 1.3e-10 0.631 0.629 0.62 0.607 0.589 0.539 0.478 0.41 0.341 0.276 0.217 0.126 0.0711 0.0432 0.032 0.029 0.0287 0.0272 0.0188 0.00602 0.00196 0.00144 0.00141 0.00123 0.00065 6.6e-05 3.6e-05 2.3e-05 9.4e-06 1.7e-06 1.4e-07 0.433 0.433 0.433 0.433 0.432 0.428 0.418 0.4 0.375 0.343 0.307 0.228 0.157 0.101 0.0613 0.0364 0.0218 0.0103 0.00826 0.00686 0.00378 0.00168 0.000714 0.000369 0.00027 0.00018 7.5e-05 1.1e-05 2.1e-06 1.5e-07 5.4e-09 0.443 0.443 0.443 0.442 0.441 0.437 0.425 0.406 0.379 0.345 0.306 0.225 0.152 0.0958 0.0575 0.0337 0.0201 0.00993 0.00838 0.00673 0.00357 0.00154 0.00065 0.000351 0.00027 0.00018 6.9e-05 9.5e-06 1.7e-06 1.1e-07 2.8e-09 2.56 2.4 2.0 1.48 0.977 0.324 0.0972 0.0556 0.0537 0.05 0.0414 0.0224 0.0104 0.00461 0.0023 0.00154 0.00137 0.00134 0.000988 0.000323 9.67e-05 6.56e-05 6.43e-05 5.63e-05 3e-05 3e-06 1.6e-06 1e-06 4.3e-07 7.6e-08 6.2e-09
Z 38 13 2.0 2.0 2.0 4.0 2.0 2.0 4.0 4.0 6.0 2.0 2.0 4.0 2.0 16067.000000000002 2200.1 2012.1000000000001 1942.3999999999999 350.32 280.32000000000005 269.53 144.93 143.01 46.39 28.47 27.2 5.1000000000000005 0.0221 0.0221 0.0221 0.0221 0.0221 0.0221 0.0221 0.0221 0.0221 0.0221 0.0221 0.0221 0.022 0.022 0.022 0.0219 0.0219 0.0218 0.0217 0.0214 0.021 0.0205 0.02 0.0194 0.018 0.014 0.011 0.0053 0.0025 0.00059 6.3e-05 0.0809 0.0809 0.0809 0.0809 0.0808 0.0807 0.0806 0.0804 0.0801 0.0799 0.0795 0.0788 0.0779 0.0768 0.0756 0.0742 0.0728 0.0695 0.0638 0.0533 0.0426 0.0326 0.024 0.0171 0.0081 0.0021 0.0019 0.0011 0.00049 9.4e-05 8.1e-06 0.0406 0.0406 0.0406 0.0406 0.0406 0.0406 0.0406 0.0406 0.0406 0.0406 0.0406 0.0406 0.0406 0.0406 0.0406 0.0406 0.0405 0.0404 0.0402 0.0394 0.0379 0.0359 0.0333 0.0303 0.024 0.011 0.0042 0.00068 0.00014 1.1e-05 4.2e-07 0.0416 0.0416 0.0416 0.0416 0.0416 0.0416 0.0416 0.0416 0.0416 0.0416 0.0416 0.0416 0.0416 0.0416 0.0416 0.0415 0.0415 0.0414 0.0411 0.0402 0.0387 0.0365 0.0337 0.0305 0.024 0.01 0.0039 0.00059 0.00011 8e-06 2.2e-07 0.204 0.204 0.204 0.204 0.203 0.201 0.198 0.195 0.191 0.186 0.181 0.169 0.155 0.141 0.126 0.111 0.0972 0.0714 0.0421 0.0179 0.0121 0.0117 0.0111 0.00941 0.0051 0.00059 0.00031 0.00021 9e-05 1.7e-05 1.4e-06 0.123 0.123 0.123 0.123 0.123 0.123 0.123 0.123 0.123 0.123 0.123 0.122 0.121 0.119 0.116 0.113 0.109 0.0991 0.0806 0.0489 0.0253 0.012 0.00592 0.00373 0.0031 0.0022 0.00091 0.00014 2.7e-05 2.1e-06 7.5e-08 0.125 0.125 0.125 0.125 0.125 0.125 0.125 0.125 0.125 0.125 0.125 0.124 0.123 0.121 0.118 0.115 0.11 0.0996 0.0802 0.0476 0.0241 0.0112 0.00559 0.00368 0.0032 0.0021 0.00085 0.00012 2.2e-05 1.5e-06 4e-08 0.0901 0.0901 0.0901 0.0901 0.0901 0.0901 0.0901 0.0901 0.0901 0.0901 0.0901 0.09 0.0899 0.0896 0.0892 0.0886 0.0876 0.0848 0.078 0.0621 0.0452 0.0312 0.0208 0.0136 0.0058 0.00076 0.00012 6.4e-06 6.3e-07 1.9e-08 2.5e-10 0.0907 0.0907 0.0907 0.0907 0.0907 0.0907 0.0907 0.0907 0.0907 0.0907 0.0907 0.0906 0.0905 0.0902 0.0898 0.0891 0.0882 0.0852 0.0783 0.062 0.045 0.0309 0.0205 0.0134 0.0057 0.00073 0.00012 5.9e-06 5.5e-07 1.6e-08 1.7e-10 0.573 0.571 0.564 0.554 0.54 0.502 0.454 0.399 0.341 0.285 0.232 0.145 0.0862 0.0525 0.0365 0.0307 0.0295 0.0289 0.022 0.00801 0.00252 0.00159 0.00155 0.00141 0.00081 8.8e-05 4e-05 2.7e-05 1.2e-05 2.1e-06 1.8e-07 0.389 0.389 0.389 0.389 0.388 0.386 0.379 0.368 0.352 0.33 0.303 0.241 0.178 0.123 0.0803 0.0505 0.0312 0.0136 0.00902 0.00808 0.0049 0.00233 0.00101 0.000494 0.0003 0.00023 9.7e-05 1.5e-05 2.9e-06 2.2e-07 7.8e-09 0.397 0.397 0.397 0.397 0.396 0.393 0.387 0.374 0.356 0.333 0.304 0.239 0.174 0.118 0.0761 0.0472 0.029 0.0129 0.00915 0.00801 0.00467 0.00215 0.000922 0.000461 0.00031 0.00022 9e-05 1.3e-05 2.3e-06 1.6e-07 4.1e-09 2.06 1.97 1.74 1.41 1.06 0.486 0.187 0.0821 0.0604 0.0591 0.0568 0.041 0.0233 0.0117 0.00565 0.00312 0.00229 0.00211 0.00175 0.000666 0.000195 0.000109 0.000105 9.64e-05 5.6e-05 6e-06 2.7e-06 1.8e-06 7.8e-07 1.4e-07 1.2e-08
Z 39 14 2.0 2.0 2.0 4.0 2.0 2.0 4.0 4.0 6.0 2.0 2.0 4.0 1.0 2.0 17000.0 2354.9 2159.7000000000003 2081.5 385.79 312.26000000000005 299.92 168.73999999999998 166.51 53.35 33.71 32.14 5.24 5.13 0.0215 0.0215 0.0215 0.0215 0.0215 0.0215 0.0215 0.0215 0.0215 0.0215 0.0215 0.0214 0.0214 0.0214 0.0214 0.0213 0.0213 0.0212 0.0211 0.0208 0.0204 0.02 0.0195 0.019 0.018 0.014 0.011 0.0054 0.0026 0.00065 7e-05 0.0785 0.0785 0.0785 0.0785 0.0784 0.0783 0.0782 0.078 0.0778 0.0775 0.0773 0.0766 0.0757 0.0747 0.0736 0.0724 0.071 0.068 0.0628 0.053 0.0428 0.0332 0.0249 0.018 0.0088 0.0021 0.0018 0.0012 0.00053 0.00011 9.2e-06 0.0394 0.0394 0.0394 0.0394 0.0394 0.0394 0.0394 0.0394 0.0394 0.0394 0.0394 0.0394 0.0394 0.0394 0.0393 0.0393 0.0393 0.0392 0.039 0.0383 0.037 0.0352 0.0329 0.0301 0.024 0.011 0.0046 0.00077 0.00016 1.3e-05 5.1e-07 0.0404 0.0404 0.0404 0.0404 0.0404 0.0404 0.0404 0.0404 0.0404 0.0404 0.0404 0.0404 0.0404 0.0404 0.0404 0.0403 0.0403 0.0402 0.04 0.0392 0.0378 0.0358 0.0333 0.0304 0.024 0.011 0.0043 0.00067 0.00013 9.5e-06 2.7e-07 0.196 0.196 0.196 0.196 0.195 0.193 0.191 0.188 0.184 0.18 0.175 0.165 0.152 0.139 0.126 0.112 0.0984 0.0738 0.0448 0.0192 0.0122 0.0115 0.0112 0.00974 0.0056 0.00069 0.00031 0.00022 9.9e-05 1.9e-05 1.6e-06 0.118 0.118 0.118 0.118 0.118 0.118 0.118 0.118 0.118 0.118 0.118 0.117 0.116 0.115 0.113 0.11 0.106 0.0976 0.0811 0.0514 0.0279 0.0137 0.00678 0.00403 0.0031 0.0023 0.001 0.00016 3.3e-05 2.6e-06 9.3e-08 0.12 0.12 0.12 0.12 0.12 0.12 0.12 0.12 0.12 0.12 0.12 0.119 0.118 0.117 0.114 0.111 0.108 0.0984 0.0809 0.0502 0.0266 0.0128 0.00634 0.00392 0.0032 0.0022 0.00095 0.00014 2.7e-05 1.8e-06 4.9e-08 0.0856 0.0856 0.0856 0.0856 0.0856 0.0856 0.0856 0.0856 0.0856 0.0856 0.0856 0.0856 0.0855 0.0853 0.085 0.0845 0.0839 0.0817 0.0762 0.0625 0.047 0.0333 0.0227 0.0152 0.0067 0.00092 0.00016 8.3e-06 8.2e-07 2.6e-08 3.3e-10 0.0863 0.0863 0.0863 0.0863 0.0863 0.0863 0.0863 0.0863 0.0863 0.0862 0.0862 0.0862 0.0861 0.0859 0.0856 0.0851 0.0844 0.0822 0.0766 0.0626 0.0468 0.033 0.0224 0.015 0.0065 0.00089 0.00015 7.6e-06 7.3e-07 2.1e-08 2.2e-10 0.533 0.531 0.526 0.518 0.506 0.475 0.434 0.388 0.338 0.288 0.24 0.157 0.0979 0.0608 0.041 0.0324 0.0298 0.0293 0.0242 0.01 0.00319 0.00172 0.00164 0.00154 0.00096 0.00011 4.2e-05 3.1e-05 1.4e-05 2.6e-06 2.2e-07 0.361 0.361 0.361 0.361 0.361 0.359 0.354 0.346 0.333 0.316 0.295 0.244 0.188 0.137 0.0943 0.0623 0.0401 0.0173 0.00951 0.00877 0.00585 0.00298 0.00135 0.000636 0.00033 0.00026 0.00012 1.9e-05 3.7e-06 2.9e-07 1.1e-08 0.366 0.366 0.366 0.366 0.366 0.364 0.359 0.351 0.337 0.319 0.297 0.243 0.186 0.134 0.091 0.0594 0.0378 0.0164 0.00966 0.00886 0.00568 0.0028 0.00124 0.000591 0.00034 0.00026 0.00011 1.7e-05 3.1e-06 2.1e-07 5.6e-09 0.454 0.454 0.454 0.454 0.454 0.45 0.439 0.417 0.384 0.344 0.301 0.218 0.151 0.101 0.0666 0.0432 0.0277 0.0112 0.00326 0.0016 0.00154 0.00128 0.000945 0.000658 0.0003 4.2e-05 7.1e-06 3.8e-07 3.7e-08 1.2e-09 1.5e-11 1.9 1.83 1.64 1.37 1.07 0.544 0.231 0.0998 0.062 0.0566 0.0562 0.046 0.0295 0.0163 0.00836 0.00444 0.00284 0.00226 0.00205 0.00091 0.000276 0.000129 0.000119 0.000113 7.1e-05 8.3e-06 3.1e-06 2.2e-06 9.8e-07 1.9e-07 1.6e-08
Z 40 14 2.0 2.0 2.0 4.0 2.0 2.0 4.0 4.0 6.0 2.0 2.0 4.0 2.0 2.0 17962.0 2514.6 2312.2 2224.7999999999997 422.06 344.93 330.88 193.09 190.49 59.96 38.63 36.739999999999995 6.67 6.5200000000000005 0.0209 0.0209 0.0209 0.0209 0.0209 0.0209 0.0209 0.0209 0.0209 0.0209 0.0209 0.0209 0.0208 0.0208 0.0208 0.0208 0.0207 0.0207 0.0205 0.0203 0.0199 0.0195 0.0191 0.0186 0.017 0.014 0.011 0.0056 0.0028 0.0007 7.8e-05 0.0762 0.0762 0.0762 0.0762 0.0761 0.0761 0.0759 0.0758 0.0756 0.0753 0.0751 0.0744 0.0737 0.0728 0.0717 0.0706 0.0693 0.0666 0.0617 0.0526 0.043 0.0338 0.0257 0.0189 0.0095 0.0022 0.0018 0.0012 0.00056 0.00012 1e-05 0.0382 0.0382 0.0382 0.0382 0.0382 0.0382 0.0382 0.0382 0.0382 0.0382 0.0382 0.0382 0.0382 0.0382 0.0382 0.0382 0.0381 0.0381 0.0379 0.0372 0.0361 0.0345 0.0324 0.0299 0.024 0.012 0.005 0.00087 0.00019 1.6e-05 6.1e-07 0.0392 0.0392 0.0392 0.0392 0.0392 0.0392 0.0392 0.0392 0.0392 0.0392 0.0392 0.0392 0.0392 0.0392 0.0392 0.0392 0.0392 0.0391 0.0389 0.0382 0.037 0.0352 0.0329 0.0302 0.024 0.011 0.0046 0.00076 0.00015 1.1e-05 3.2e-07 0.189 0.189 0.189 0.188 0.188 0.186 0.184 0.181 0.178 0.174 0.17 0.16 0.149 0.137 0.125 0.112 0.0993 0.0758 0.0474 0.0207 0.0124 0.0113 0.0111 0.00998 0.0061 0.00081 0.00031 0.00023 0.00011 2.2e-05 1.9e-06 0.114 0.114 0.114 0.114 0.114 0.114 0.114 0.113 0.113 0.113 0.113 0.113 0.112 0.111 0.109 0.106 0.104 0.096 0.0813 0.0536 0.0304 0.0155 0.00775 0.00442 0.003 0.0024 0.0011 0.00019 3.9e-05 3.1e-06 1.2e-07 0.116 0.116 0.116 0.116 0.116 0.116 0.116 0.116 0.116 0.116 0.115 0.115 0.114 0.113 0.111 0.108 0.105 0.0969 0.0812 0.0524 0.029 0.0145 0.00721 0.00423 0.0031 0.0024 0.0011 0.00017 3.1e-05 2.2e-06 6e-08 0.0816 0.0816 0.0816 0.0816 0.0816 0.0816 0.0816 0.0816 0.0816 0.0816 0.0816 0.0816 0.0815 0.0814 0.0812 0.0808 0.0803 0.0786 0.0743 0.0626 0.0484 0.0352 0.0246 0.0168 0.0076 0.0011 0.00019 1.1e-05 1.1e-06 3.4e-08 4.4e-10 0.0823 0.0823 0.0823 0.0823 0.0823 0.0823 0.0823 0.0823 0.0823 0.0823 0.0823 0.0822 0.0822 0.082 0.0818 0.0815 0.0809 0.0792 0.0747 0.0627 0.0482 0.0349 0.0243 0.0165 0.0074 0.0011 0.00018 9.7e-06 9.4e-07 2.8e-08 2.9e-10 0.501 0.5 0.496 0.488 0.479 0.452 0.417 0.377 0.333 0.288 0.245 0.167 0.108 0.0686 0.0458 0.0345 0.0302 0.0291 0.0258 0.0121 0.00401 0.0019 0.00169 0.00164 0.0011 0.00014 4.5e-05 3.4e-05 1.6e-05 3.1e-06 2.7e-07 0.339 0.339 0.339 0.339 0.338 0.337 0.333 0.327 0.317 0.304 0.287 0.244 0.195 0.147 0.106 0.0731 0.0488 0.0215 0.0102 0.00917 0.00669 0.00367 0.00173 0.000814 0.00036 0.00029 0.00014 2.3e-05 4.7e-06 3.8e-07 1.4e-08 0.342 0.342 0.342 0.342 0.342 0.341 0.337 0.331 0.321 0.306 0.289 0.244 0.194 0.145 0.103 0.0705 0.0466 0.0204 0.0103 0.00938 0.00659 0.00349 0.0016 0.000753 0.00037 0.00029 0.00013 2.1e-05 3.9e-06 2.7e-07 7.3e-09 0.393 0.393 0.393 0.393 0.393 0.392 0.387 0.375 0.357 0.332 0.303 0.238 0.178 0.128 0.0894 0.0613 0.0414 0.0183 0.00548 0.00197 0.00188 0.00166 0.00128 0.00092 0.00044 6.5e-05 1.1e-05 6.2e-07 6.1e-08 2e-09 2.6e-11 1.8 1.74 1.58 1.34 1.07 0.579 0.264 0.115 0.0645 0.0537 0.0531 0.0471 0.0331 0.0198 0.0108 0.00581 0.00345 0.00229 0.00217 0.00112 0.000363 0.000149 0.000124 0.000122 8.3e-05 1.1e-05 3.3e-06 2.5e-06 1.2e-06 2.3e-07 2e-08
Z 41 14 2.0 2.0 2.0 4.0 2.0 2.0 4.0 4.0 6.0 2.0 2.0 4.0 4.0 1.0 18948.0 2676.2999999999997 2466.6000000000004 2369.1 455.97999999999996 375.22 359.28000000000003 214.82 211.81 63.449999999999996 40.58 38.36 5.9399999999999995 5.76 0.0203 0.0203 0.0203 0.0203 0.0203 0.0203 0.0203 0.0203 0.0203 0.0203 0.0203 0.0203 0.0203 0.0203 0.0203 0.0202 0.0202 0.0201 0.02 0.0198 0.0195 0.0191 0.0187 0.0182 0.017 0.014 0.011 0.0058 0.0029 0.00076 8.7e-05 0.0741 0.074 0.074 0.074 0.074 0.0739 0.0738 0.0736 0.0735 0.0732 0.073 0.0724 0.0717 0.0709 0.0699 0.0689 0.0677 0.0651 0.0607 0.0521 0.0431 0.0343 0.0264 0.0197 0.01 0.0023 0.0017 0.0013 0.0006 0.00013 1.2e-05 0.0371 0.0371 0.0371 0.0371 0.0371 0.0371 0.0371 0.0371 0.0371 0.0371 0.0371 0.0371 0.0371 0.0371 0.0371 0.037 0.037 0.037 0.0368 0.0363 0.0353 0.0338 0.0319 0.0296 0.024 0.012 0.0053 0.00098 0.00021 1.9e-05 7.4e-07 0.0381 0.0381 0.0381 0.0381 0.0381 0.0381 0.0381 0.0381 0.0381 0.0381 0.0381 0.0381 0.0381 0.0381 0.0381 0.0381 0.0381 0.038 0.0378 0.0372 0.0361 0.0345 0.0325 0.03 0.024 0.012 0.005 0.00085 0.00017 1.3e-05 3.8e-07 0.182 0.182 0.182 0.182 0.181 0.18 0.178 0.175 0.172 0.169 0.165 0.156 0.146 0.135 0.124 0.112 0.0999 0.0776 0.0497 0.0222 0.0127 0.0111 0.011 0.0101 0.0066 0.00095 0.00031 0.00024 0.00012 2.4e-05 2.1e-06 0.109 0.109 0.109 0.109 0.109 0.109 0.109 0.109 0.109 0.109 0.109 0.109 0.108 0.107 0.105 0.103 0.101 0.0942 0.0811 0.0554 0.0327 0.0174 0.00884 0.0049 0.003 0.0025 0.0012 0.00022 4.6e-05 3.8e-06 1.4e-07 0.112 0.112 0.112 0.112 0.112 0.112 0.112 0.112 0.111 0.111 0.111 0.111 0.11 0.109 0.107 0.105 0.102 0.0952 0.0812 0.0544 0.0313 0.0162 0.00818 0.00464 0.0031 0.0025 0.0012 0.00019 3.7e-05 2.7e-06 7.3e-08 0.0779 0.0779 0.0779 0.0779 0.0779 0.0779 0.0779 0.0779 0.0779 0.0779 0.0779 0.0779 0.0779 0.0778 0.0776 0.0774 0.077 0.0757 0.0722 0.0623 0.0495 0.0369 0.0264 0.0184 0.0086 0.0013 0.00024 1.3e-05 1.4e-06 4.5e-08 5.7e-10 0.0787 0.0787 0.0787 0.0787 0.0787 0.0787 0.0787 0.0787 0.0787 0.0787 0.0787 0.0787 0.0786 0.0785 0.0784 0.0781 0.0777 0.0763 0.0727 0.0624 0.0493 0.0366 0.026 0.0181 0.0084 0.0013 0.00022 1.2e-05 1.2e-06 3.6e-08 3.8e-10 0.48 0.479 0.475 0.469 0.46 0.436 0.405 0.368 0.328 0.287 0.247 0.173 0.115 0.0746 0.0497 0.0364 0.0305 0.0284 0.0263 0.0138 0.0049 0.0021 0.00171 0.00169 0.0012 0.00018 4.7e-05 3.6e-05 1.8e-05 3.6e-06 3.2e-07 0.324 0.324 0.324 0.324 0.324 0.323 0.32 0.315 0.306 0.294 0.279 0.241 0.198 0.153 0.114 0.0808 0.0557 0.0255 0.0108 0.00915 0.00724 0.00426 0.00212 0.00101 0.00038 0.0003 0.00016 2.8e-05 5.8e-06 4.7e-07 1.8e-08 0.326 0.326 0.326 0.326 0.325 0.324 0.322 0.316 0.308 0.296 0.281 0.243 0.198 0.153 0.112 0.0791 0.054 0.0244 0.0109 0.00952 0.00726 0.00412 0.00199 0.000936 0.00039 0.00031 0.00015 2.5e-05 4.8e-06 3.4e-07 9.4e-09 0.385 0.385 0.385 0.385 0.384 0.383 0.377 0.366 0.348 0.323 0.295 0.235 0.179 0.132 0.095 0.0674 0.0471 0.0223 0.00711 0.00205 0.00182 0.00169 0.00137 0.00102 0.0005 7.9e-05 1.4e-05 8e-07 8.1e-08 2.6e-09 3.5e-11 1.88 1.81 1.63 1.37 1.08 0.567 0.248 0.103 0.0555 0.0457 0.0452 0.0402 0.0286 0.0176 0.00993 0.00547 0.00321 0.00189 0.00179 0.00105 0.000373 0.000141 0.000105 0.000104 7.6e-05 1.1e-05 2.9e-06 2.2e-06 1.1e-06 2.2e-07 1.9e-08
Z 42 15 2.0 2.0 2.0 4.0 2.0 2.0 4.0 4.0 6.0 2.0 2.0 4.0 4.0 1.0 1.0 19965.0 2846.5 2629.5 2521.0 494.09 409.64000000000004 391.63 240.45 237.0 69.63 45.07 42.459999999999994 7.0 6.7700000000000005 5.97 0.0198 0.0198 0.0198 0.0198 0.0198 0.0198 0.0198 0.0198 0.0198 0.0198 0.0198 0.0198 0.0198 0.0197 0.0197 0.0197 0.0197 0.0196 0.0195 0.0193 0.019 0.0186 0.0182 0.0178 0.017 0.014 0.011 0.0059 0.003 0.00082 9.7e-05 0.072 0.072 0.072 0.072 0.0719 0.0719 0.0717 0.0716 0.0714 0.0712 0.071 0.0705 0.0698 0.0691 0.0682 0.0672 0.0662 0.0638 0.0596 0.0516 0.0431 0.0347 0.0271 0.0205 0.011 0.0024 0.0017 0.0013 0.00064 0.00014 1.3e-05 0.036 0.036 0.036 0.036 0.036 0.036 0.036 0.036 0.036 0.036 0.036 0.036 0.036 0.036 0.036 0.036 0.036 0.0359 0.0358 0.0353 0.0344 0.0331 0.0314 0.0293 0.024 0.013 0.0057 0.0011 0.00025 2.2e-05 8.8e-07 0.0371 0.0371 0.0371 0.0371 0.0371 0.0371 0.0371 0.0371 0.0371 0.0371 0.0371 0.0371 0.0371 0.0371 0.0371 0.0371 0.037 0.037 0.0368 0.0363 0.0353 0.0339 0.032 0.0297 0.024 0.012 0.0053 0.00095 0.0002 1.5e-05 4.5e-07 0.176 0.176 0.176 0.175 0.175 0.174 0.172 0.17 0.167 0.164 0.16 0.152 0.143 0.133 0.122 0.111 0.1 0.079 0.0519 0.0238 0.0131 0.0109 0.0108 0.0102 0.007 0.0011 0.00032 0.00025 0.00013 2.7e-05 2.5e-06 0.105 0.105 0.105 0.105 0.105 0.105 0.105 0.105 0.105 0.105 0.105 0.105 0.104 0.103 0.102 0.1 0.0981 0.0924 0.0807 0.0569 0.0349 0.0192 0.01 0.00548 0.003 0.0025 0.0013 0.00025 5.3e-05 4.5e-06 1.7e-07 0.108 0.108 0.108 0.108 0.108 0.108 0.108 0.108 0.108 0.107 0.107 0.107 0.106 0.105 0.104 0.102 0.0997 0.0935 0.081 0.056 0.0336 0.018 0.00926 0.00513 0.0031 0.0025 0.0013 0.00022 4.3e-05 3.2e-06 8.9e-08 0.0747 0.0747 0.0747 0.0747 0.0747 0.0747 0.0747 0.0747 0.0747 0.0747 0.0747 0.0747 0.0746 0.0746 0.0744 0.0743 0.074 0.073 0.0701 0.0617 0.0502 0.0384 0.028 0.0199 0.0096 0.0015 0.00029 1.7e-05 1.8e-06 5.8e-08 7.4e-10 0.0754 0.0754 0.0754 0.0754 0.0754 0.0754 0.0754 0.0754 0.0754 0.0754 0.0754 0.0754 0.0753 0.0753 0.0752 0.0749 0.0746 0.0736 0.0706 0.0619 0.0501 0.0381 0.0277 0.0196 0.0094 0.0015 0.00027 1.5e-05 1.5e-06 4.6e-08 4.9e-10 0.456 0.455 0.452 0.446 0.439 0.418 0.39 0.358 0.322 0.285 0.248 0.179 0.123 0.0817 0.0548 0.0393 0.0316 0.0279 0.0268 0.0156 0.00597 0.00241 0.00176 0.00173 0.0013 0.00022 5e-05 3.9e-05 2e-05 4.2e-06 3.8e-07 0.306 0.306 0.306 0.306 0.306 0.305 0.303 0.298 0.292 0.283 0.27 0.239 0.2 0.16 0.123 0.0902 0.0643 0.0308 0.0122 0.00926 0.00787 0.00498 0.00261 0.00127 0.00043 0.00033 0.00018 3.4e-05 7.1e-06 6e-07 2.3e-08 0.309 0.309 0.309 0.309 0.309 0.308 0.306 0.302 0.295 0.285 0.273 0.24 0.2 0.159 0.121 0.0878 0.0618 0.0292 0.012 0.00959 0.00789 0.0048 0.00244 0.00117 0.00043 0.00034 0.00017 3e-05 5.9e-06 4.3e-07 1.2e-08 0.347 0.347 0.347 0.347 0.347 0.346 0.343 0.336 0.325 0.308 0.287 0.24 0.191 0.147 0.111 0.0815 0.0592 0.03 0.0103 0.00256 0.002 0.00193 0.00163 0.00125 0.00065 0.00011 2e-05 1.2e-06 1.2e-07 4e-09 5.2e-11 0.357 0.357 0.357 0.357 0.357 0.356 0.352 0.344 0.33 0.311 0.288 0.237 0.187 0.143 0.106 0.078 0.0563 0.0283 0.00963 0.00245 0.00197 0.00189 0.00159 0.00121 0.00062 0.0001 1.9e-05 1e-06 1e-07 3.1e-09 3.4e-11 1.82 1.76 1.6 1.36 1.09 0.59 0.269 0.114 0.0576 0.0435 0.042 0.039 0.0295 0.0192 0.0114 0.00651 0.00379 0.00193 0.00174 0.00115 0.000451 0.000164 0.000107 0.000104 8.2e-05 1.3e-05 3e-06 2.3e-06 1.2e-06 2.5e-07 2.3e-08
Z 43 15 2.0 2.0 2.0 4.0 2.0 2.0 4.0 4.0 6.0 2.0 2.0 4.0 4.0 2.0 1.0 21012.0 3022.4 2797.9 2677.6 533.4200000000001 445.24 424.95 267.01 263.07 75.85 49.6 46.55 8.07 7.78 6.19 0.0193 0.0193 0.0193 0.0193 0.0193 0.0193 0.0193 0.0193 0.0193 0.0193 0.0193 0.0193 0.0193 0.0192 0.0192 0.0192 0.0192 0.0191 0.019 0.0188 0.0185 0.0182 0.0179 0.0174 0.016 0.014 0.011 0.006 0.0032 0.00088 0.00011 0.07 0.07 0.07 0.07 0.07 0.0699 0.0698 0.0697 0.0695 0.0693 0.0691 0.0686 0.068 0.0673 0.0665 0.0656 0.0647 0.0624 0.0586 0.0511 0.043 0.035 0.0276 0.0212 0.012 0.0025 0.0017 0.0013 0.00068 0.00016 1.5e-05 0.035 0.035 0.035 0.035 0.035 0.035 0.035 0.035 0.035 0.035 0.035 0.035 0.035 0.035 0.035 0.035 0.035 0.0349 0.0348 0.0344 0.0336 0.0325 0.0309 0.029 0.024 0.013 0.0061 0.0012 0.00028 2.6e-05 1e-06 0.0361 0.0361 0.0361 0.0361 0.0361 0.0361 0.0361 0.0361 0.0361 0.0361 0.0361 0.0361 0.0361 0.0361 0.0361 0.0361 0.0361 0.036 0.0359 0.0354 0.0345 0.0333 0.0315 0.0294 0.025 0.013 0.0057 0.0011 0.00022 1.8e-05 5.3e-07 0.17 0.17 0.17 0.169 0.169 0.168 0.166 0.164 0.162 0.159 0.156 0.149 0.14 0.131 0.121 0.111 0.1 0.0802 0.054 0.0255 0.0137 0.0108 0.0106 0.0102 0.0074 0.0013 0.00033 0.00026 0.00014 3e-05 2.8e-06 0.102 0.102 0.102 0.102 0.102 0.102 0.102 0.102 0.102 0.102 0.101 0.101 0.101 0.0999 0.0988 0.0973 0.0954 0.0904 0.08 0.0582 0.037 0.0211 0.0113 0.00616 0.0031 0.0026 0.0014 0.00028 6.2e-05 5.4e-06 2.1e-07 0.104 0.104 0.104 0.104 0.104 0.104 0.104 0.104 0.104 0.104 0.104 0.103 0.103 0.102 0.101 0.0992 0.0971 0.0917 0.0805 0.0574 0.0356 0.0198 0.0104 0.00571 0.0031 0.0026 0.0014 0.00025 5e-05 3.8e-06 1.1e-07 0.0717 0.0717 0.0717 0.0717 0.0717 0.0717 0.0717 0.0717 0.0717 0.0717 0.0717 0.0717 0.0717 0.0716 0.0715 0.0714 0.0711 0.0704 0.0681 0.0609 0.0507 0.0396 0.0295 0.0214 0.011 0.0018 0.00034 2.1e-05 2.2e-06 7.4e-08 9.6e-10 0.0724 0.0724 0.0724 0.0724 0.0724 0.0724 0.0724 0.0724 0.0724 0.0724 0.0724 0.0724 0.0724 0.0723 0.0722 0.0721 0.0718 0.071 0.0686 0.0612 0.0506 0.0393 0.0292 0.021 0.01 0.0017 0.00032 1.9e-05 1.9e-06 5.9e-08 6.3e-10 0.43 0.429 0.426 0.422 0.415 0.397 0.374 0.346 0.315 0.282 0.249 0.185 0.131 0.0896 0.0611 0.0433 0.0337 0.0279 0.0271 0.0175 0.00726 0.00284 0.00185 0.00178 0.0015 0.00027 5.5e-05 4.2e-05 2.2e-05 4.9e-06 4.5e-07 0.287 0.287 0.287 0.287 0.287 0.286 0.285 0.282 0.277 0.269 0.26 0.234 0.202 0.166 0.131 0.0999 0.0735 0.0371 0.0143 0.00939 0.00847 0.00574 0.00319 0.0016 0.0005 0.00035 0.0002 4.1e-05 8.8e-06 7.6e-07 2.9e-08 0.291 0.291 0.291 0.291 0.291 0.29 0.289 0.285 0.28 0.273 0.263 0.236 0.202 0.165 0.129 0.0971 0.0707 0.0351 0.0137 0.00972 0.00852 0.00556 0.00298 0.00146 0.00048 0.00036 0.0002 3.6e-05 7.2e-06 5.4e-07 1.5e-08 0.299 0.299 0.299 0.299 0.299 0.298 0.297 0.295 0.29 0.282 0.271 0.241 0.204 0.167 0.132 0.102 0.0773 0.0422 0.0157 0.00361 0.00235 0.0023 0.00204 0.00163 0.00088 0.00016 3e-05 1.8e-06 1.9e-07 6.3e-09 8.3e-11 0.305 0.305 0.305 0.305 0.305 0.304 0.303 0.3 0.295 0.286 0.273 0.241 0.203 0.164 0.129 0.0992 0.0747 0.0404 0.0149 0.00346 0.00234 0.00229 0.00201 0.00159 0.00086 0.00015 2.8e-05 1.6e-06 1.6e-07 5e-09 5.5e-11 1.62 1.58 1.46 1.28 1.06 0.643 0.334 0.158 0.0784 0.0505 0.0441 0.0429 0.0363 0.026 0.0167 0.01 0.0059 0.00258 0.00205 0.00153 0.000659 0.000239 0.000135 0.000126 0.00011 2e-05 3.9e-06 3e-06 1.6e-06 3.4e-07 3.2e-08
Z 44 15 2.0 2.0 2.0 4.0 2.0 2.0 4.0 4.0 6.0 2.0 2.0 4.0 4.0 3.0 1.0 22087.0 3203.9 2971.8 2838.7 574.03 482.06 459.29 294.53 290.04999999999995 82.14 54.19 50.66 9.15 8.790000000000001 6.38 0.0188 0.0188 0.0188 0.0188 0.0188 0.0188 0.0188 0.0188 0.0188 0.0188 0.0188 0.0188 0.0188 0.0188 0.0187 0.0187 0.0187 0.0187 0.0186 0.0184 0.0181 0.0178 0.0175 0.0171 0.016 0.014 0.011 0.0062 0.0033 0.00094 0.00012 0.0682 0.0682 0.0682 0.0681 0.0681 0.0681 0.068 0.0678 0.0677 0.0675 0.0673 0.0669 0.0663 0.0657 0.0649 0.0641 0.0632 0.0611 0.0575 0.0506 0.0429 0.0353 0.0282 0.0219 0.012 0.0027 0.0016 0.0013 0.00072 0.00017 1.7e-05 0.0341 0.0341 0.0341 0.0341 0.0341 0.0341 0.0341 0.0341 0.0341 0.0341 0.0341 0.0341 0.0341 0.0341 0.034 0.034 0.034 0.034 0.0339 0.0335 0.0328 0.0318 0.0304 0.0286 0.024 0.014 0.0065 0.0013 0.00032 3e-05 1.2e-06 0.0352 0.0352 0.0352 0.0352 0.0352 0.0352 0.0352 0.0352 0.0352 0.0352 0.0352 0.0352 0.0352 0.0352 0.0352 0.0352 0.0351 0.0351 0.035 0.0346 0.0338 0.0326 0.0311 0.0291 0.025 0.013 0.006 0.0012 0.00025 2.1e-05 6.2e-07 0.164 0.164 0.164 0.164 0.163 0.162 0.161 0.159 0.157 0.154 0.152 0.145 0.137 0.129 0.119 0.11 0.1 0.0811 0.0558 0.0271 0.0143 0.0108 0.0104 0.0102 0.0077 0.0015 0.00034 0.00026 0.00015 3.3e-05 3.2e-06 0.0982 0.0982 0.0982 0.0982 0.0982 0.0982 0.0982 0.0981 0.0981 0.0981 0.098 0.0978 0.0973 0.0967 0.0957 0.0945 0.0929 0.0885 0.0792 0.0592 0.0389 0.0229 0.0126 0.00691 0.0032 0.0026 0.0015 0.00032 7.2e-05 6.4e-06 2.5e-07 0.101 0.101 0.101 0.101 0.101 0.101 0.1 0.1 0.1 0.1 0.1 0.1 0.0996 0.0988 0.0978 0.0964 0.0946 0.0898 0.0798 0.0585 0.0375 0.0216 0.0116 0.00636 0.0032 0.0027 0.0015 0.00028 5.8e-05 4.5e-06 1.3e-07 0.069 0.069 0.069 0.069 0.069 0.069 0.069 0.069 0.069 0.069 0.069 0.069 0.069 0.0689 0.0689 0.0687 0.0686 0.0679 0.0661 0.06 0.0509 0.0406 0.0309 0.0227 0.012 0.0021 0.00041 2.6e-05 2.8e-06 9.4e-08 1.2e-09 0.0697 0.0697 0.0697 0.0697 0.0697 0.0697 0.0697 0.0697 0.0697 0.0697 0.0697 0.0696 0.0696 0.0696 0.0695 0.0694 0.0692 0.0685 0.0666 0.0603 0.0509 0.0404 0.0306 0.0224 0.011 0.002 0.00039 2.3e-05 2.4e-06 7.5e-08 8.1e-10 0.416 0.415 0.412 0.408 0.402 0.386 0.365 0.339 0.31 0.279 0.248 0.188 0.135 0.0944 0.065 0.046 0.035 0.0274 0.0266 0.0187 0.00839 0.00329 0.00192 0.00177 0.0015 0.00032 6e-05 4.4e-05 2.4e-05 5.5e-06 5.2e-07 0.276 0.276 0.276 0.276 0.276 0.275 0.274 0.271 0.267 0.261 0.252 0.23 0.201 0.168 0.136 0.106 0.0796 0.042 0.0162 0.00923 0.00868 0.00629 0.00369 0.00193 0.00057 0.00036 0.00022 4.7e-05 1.1e-05 9.3e-07 3.6e-08 0.281 0.281 0.281 0.281 0.281 0.281 0.279 0.276 0.272 0.265 0.256 0.232 0.201 0.167 0.133 0.102 0.0761 0.0393 0.0152 0.00949 0.00872 0.00607 0.00343 0.00174 0.00054 0.00037 0.00021 4.2e-05 8.5e-06 6.5e-07 1.9e-08 0.296 0.296 0.296 0.296 0.296 0.296 0.294 0.292 0.286 0.277 0.266 0.236 0.2 0.165 0.132 0.104 0.0798 0.0455 0.0181 0.00415 0.00227 0.00221 0.00203 0.00168 0.00096 0.00018 3.6e-05 2.2e-06 2.4e-07 8e-09 1.1e-10 0.303 0.303 0.303 0.303 0.303 0.302 0.301 0.298 0.291 0.281 0.269 0.236 0.199 0.162 0.129 0.101 0.077 0.0434 0.0171 0.00393 0.00224 0.00219 0.002 0.00164 0.00092 0.00017 3.3e-05 2e-06 2e-07 6.3e-09 6.9e-11 1.74 1.69 1.54 1.33 1.09 0.624 0.304 0.135 0.0639 0.0411 0.0365 0.0355 0.0296 0.0212 0.0138 0.00841 0.00504 0.00215 0.00157 0.00127 0.0006 0.000225 0.000114 9.95e-05 8.9e-05 1.9e-05 3.4e-06 2.4e-06 1.4e-06 3.1e-07 2.9e-08
Z 45 15 2.0 2.0 2.0 4.0 2.0 2.0 4.0 4.0 6.0 2.0 2.0 4.0 4.0 4.0 1.0 23191.0 3391.2 3151.5 3004.5 615.9499999999999 520.1500000000001 494.65999999999997 323.03 317.96 88.52 58.839999999999996 54.78 10.24 9.809999999999999 6.56 0.0184 0.0184 0.0184 0.0184 0.0184 0.0184 0.0184 0.0184 0.0183 0.0183 0.0183 0.0183 0.0183 0.0183 0.0183 0.0183 0.0183 0.0182 0.0181 0.0179 0.0177 0.0174 0.0171 0.0167 0.016 0.013 0.011 0.0063 0.0034 0.001 0.00013 0.0664 0.0664 0.0664 0.0664 0.0663 0.0663 0.0662 0.0661 0.066 0.0658 0.0656 0.0652 0.0647 0.0641 0.0634 0.0626 0.0618 0.0599 0.0565 0.05 0.0428 0.0355 0.0286 0.0225 0.013 0.0029 0.0016 0.0014 0.00075 0.00018 1.9e-05 0.0332 0.0332 0.0332 0.0332 0.0332 0.0332 0.0332 0.0332 0.0332 0.0332 0.0332 0.0331 0.0331 0.0331 0.0331 0.0331 0.0331 0.0331 0.033 0.0327 0.0321 0.0311 0.0299 0.0283 0.024 0.014 0.0068 0.0015 0.00036 3.5e-05 1.5e-06 0.0343 0.0343 0.0343 0.0343 0.0343 0.0343 0.0343 0.0343 0.0343 0.0343 0.0343 0.0343 0.0343 0.0343 0.0343 0.0343 0.0343 0.0342 0.0341 0.0337 0.0331 0.032 0.0306 0.0288 0.025 0.014 0.0064 0.0013 0.00029 2.4e-05 7.3e-07 0.159 0.159 0.159 0.159 0.158 0.157 0.156 0.154 0.152 0.15 0.147 0.141 0.134 0.126 0.118 0.109 0.0998 0.0818 0.0574 0.0288 0.0151 0.0108 0.0102 0.0101 0.008 0.0017 0.00036 0.00027 0.00015 3.7e-05 3.6e-06 0.0949 0.0949 0.0949 0.0949 0.0949 0.0949 0.0949 0.0949 0.0949 0.0949 0.0948 0.0946 0.0942 0.0937 0.0929 0.0918 0.0904 0.0865 0.0783 0.0599 0.0405 0.0247 0.014 0.00775 0.0033 0.0027 0.0016 0.00036 8.3e-05 7.5e-06 3e-07 0.0973 0.0973 0.0973 0.0973 0.0973 0.0973 0.0973 0.0973 0.0972 0.0972 0.0971 0.0969 0.0965 0.0959 0.095 0.0938 0.0922 0.088 0.079 0.0593 0.0392 0.0233 0.0129 0.0071 0.0033 0.0027 0.0016 0.00031 6.7e-05 5.2e-06 1.5e-07 0.0665 0.0665 0.0665 0.0665 0.0665 0.0665 0.0665 0.0665 0.0665 0.0665 0.0665 0.0665 0.0664 0.0664 0.0664 0.0663 0.0661 0.0656 0.0641 0.059 0.0509 0.0414 0.0321 0.024 0.013 0.0024 0.00048 3.1e-05 3.4e-06 1.2e-07 1.6e-09 0.0671 0.0671 0.0671 0.0671 0.0671 0.0671 0.0671 0.0671 0.0671 0.0671 0.0671 0.0671 0.0671 0.0671 0.067 0.0669 0.0668 0.0662 0.0646 0.0593 0.0509 0.0412 0.0318 0.0237 0.012 0.0023 0.00045 2.8e-05 3e-06 9.5e-08 1e-09 0.399 0.398 0.396 0.392 0.387 0.372 0.353 0.33 0.304 0.276 0.247 0.191 0.14 0.1 0.07 0.0497 0.0372 0.0274 0.0262 0.0199 0.00965 0.00388 0.00205 0.00178 0.0016 0.00038 6.8e-05 4.5e-05 2.6e-05 6.3e-06 6.1e-07 0.263 0.263 0.263 0.263 0.263 0.263 0.262 0.259 0.256 0.251 0.244 0.225 0.2 0.17 0.14 0.112 0.0862 0.0476 0.0187 0.00924 0.00887 0.00684 0.00425 0.00232 0.00067 0.00038 0.00024 5.5e-05 1.3e-05 1.1e-06 4.5e-08 0.27 0.27 0.27 0.27 0.269 0.269 0.268 0.265 0.262 0.256 0.248 0.228 0.2 0.169 0.138 0.108 0.0824 0.0444 0.0173 0.00943 0.00895 0.00662 0.00395 0.00209 0.00061 0.00039 0.00024 4.8e-05 1e-05 7.8e-07 2.3e-08 0.277 0.277 0.277 0.277 0.277 0.277 0.276 0.274 0.27 0.264 0.255 0.231 0.201 0.169 0.139 0.112 0.0882 0.0527 0.0225 0.00529 0.00244 0.00228 0.00217 0.00186 0.0011 0.00022 4.6e-05 2.9e-06 3.2e-07 1.1e-08 1.4e-10 0.283 0.283 0.283 0.283 0.283 0.283 0.282 0.279 0.275 0.268 0.258 0.232 0.2 0.167 0.137 0.109 0.0856 0.0506 0.0213 0.005 0.0024 0.00227 0.00215 0.00183 0.0011 0.00021 4.3e-05 2.6e-06 2.7e-07 8.6e-09 9.4e-11 1.7 1.65 1.52 1.32 1.09 0.638 0.319 0.145 0.0677 0.0409 0.0345 0.0335 0.029 0.0216 0.0146 0.00923 0.00566 0.00233 0.00149 0.00128 0.000667 0.000261 0.000122 9.7e-05 9e-05 2.1e-05 3.7e-06 2.5e-06 1.4e-06 3.4e-07 3.3e-08
Z 46 14 2.0 2.0 2.0 4.0 2.0 2.0 4.0 4.0 6.0 2.0 2.0 4.0 4.0 6.0 24321.0 3580.0 3332.6 3170.6 654.94 555.25 526.8 348.24 342.51000000000005 91.00999999999999 59.68 55.09 8.14 7.669999999999999 0.0179 0.0179 0.0179 0.0179 0.0179 0.0179 0.0179 0.0179 0.0179 0.0179 0.0179 0.0179 0.0179 0.0179 0.0179 0.0178 0.0178 0.0178 0.0177 0.0175 0.0173 0.017 0.0167 0.0164 0.016 0.013 0.011 0.0064 0.0035 0.0011 0.00014 0.0647 0.0647 0.0647 0.0647 0.0646 0.0646 0.0645 0.0644 0.0643 0.0642 0.064 0.0636 0.0631 0.0626 0.0619 0.0612 0.0604 0.0587 0.0555 0.0494 0.0426 0.0357 0.0291 0.0231 0.014 0.0031 0.0016 0.0014 0.00079 0.0002 2.1e-05 0.0323 0.0323 0.0323 0.0323 0.0323 0.0323 0.0323 0.0323 0.0323 0.0323 0.0323 0.0323 0.0323 0.0323 0.0323 0.0323 0.0323 0.0322 0.0321 0.0318 0.0313 0.0305 0.0293 0.0279 0.024 0.014 0.0072 0.0016 0.0004 4e-05 1.7e-06 0.0335 0.0335 0.0335 0.0335 0.0335 0.0335 0.0335 0.0335 0.0335 0.0335 0.0335 0.0335 0.0335 0.0334 0.0334 0.0334 0.0334 0.0334 0.0333 0.033 0.0323 0.0314 0.0301 0.0285 0.024 0.014 0.0067 0.0014 0.00032 2.7e-05 8.5e-07 0.154 0.154 0.154 0.154 0.153 0.153 0.151 0.15 0.148 0.146 0.144 0.138 0.131 0.124 0.116 0.108 0.0993 0.0823 0.0589 0.0304 0.0159 0.0109 0.01 0.00996 0.0083 0.002 0.00039 0.00027 0.00016 4.1e-05 4.1e-06 0.0919 0.0919 0.0919 0.0919 0.0919 0.0919 0.0919 0.0919 0.0919 0.0918 0.0918 0.0916 0.0913 0.0908 0.0901 0.0892 0.0879 0.0846 0.0772 0.0604 0.042 0.0264 0.0154 0.00866 0.0035 0.0027 0.0017 0.0004 9.5e-05 8.9e-06 3.6e-07 0.0943 0.0943 0.0943 0.0943 0.0943 0.0943 0.0943 0.0943 0.0942 0.0942 0.0941 0.0939 0.0936 0.0931 0.0923 0.0912 0.0898 0.0861 0.078 0.0599 0.0408 0.025 0.0142 0.0079 0.0034 0.0027 0.0016 0.00035 7.6e-05 6.1e-06 1.8e-07 0.0642 0.0642 0.0642 0.0642 0.0642 0.0642 0.0642 0.0642 0.0642 0.0642 0.0642 0.0641 0.0641 0.0641 0.0641 0.064 0.0639 0.0635 0.0623 0.0579 0.0507 0.042 0.0331 0.0252 0.014 0.0027 0.00056 3.8e-05 4.2e-06 1.5e-07 2e-09 0.0647 0.0647 0.0647 0.0647 0.0647 0.0647 0.0647 0.0647 0.0647 0.0647 0.0647 0.0647 0.0647 0.0647 0.0646 0.0646 0.0644 0.064 0.0627 0.0582 0.0508 0.0419 0.0329 0.025 0.013 0.0026 0.00053 3.4e-05 3.7e-06 1.2e-07 1.3e-09 0.386 0.385 0.383 0.38 0.375 0.362 0.344 0.323 0.299 0.272 0.246 0.192 0.144 0.104 0.0739 0.0527 0.0392 0.0275 0.0255 0.0207 0.0108 0.00451 0.00223 0.00179 0.0017 0.00044 7.7e-05 4.7e-05 2.8e-05 7e-06 6.9e-07 0.254 0.254 0.254 0.254 0.254 0.253 0.252 0.251 0.248 0.243 0.237 0.22 0.198 0.171 0.143 0.116 0.0911 0.0524 0.0212 0.00924 0.00886 0.00724 0.00475 0.00271 0.00079 0.00038 0.00026 6.3e-05 1.5e-05 1.4e-06 5.5e-08 0.261 0.261 0.261 0.261 0.261 0.261 0.26 0.258 0.254 0.249 0.242 0.224 0.199 0.17 0.14 0.112 0.0869 0.0486 0.0193 0.0093 0.00895 0.00701 0.00441 0.00243 0.0007 0.00039 0.00025 5.5e-05 1.2e-05 9.3e-07 2.7e-08 0.278 0.278 0.278 0.278 0.278 0.277 0.276 0.274 0.269 0.261 0.251 0.225 0.196 0.165 0.137 0.111 0.0888 0.0548 0.0247 0.00611 0.00248 0.00216 0.00211 0.00187 0.0012 0.00025 5.3e-05 3.5e-06 3.9e-07 1.4e-08 1.8e-10 0.285 0.285 0.285 0.285 0.285 0.284 0.283 0.28 0.274 0.265 0.254 0.226 0.195 0.163 0.134 0.108 0.0861 0.0526 0.0234 0.00572 0.00239 0.00212 0.00206 0.00181 0.0011 0.00023 4.9e-05 3.1e-06 3.3e-07 1.1e-08 1.2e-10
Z 47 15 2.0 2.0 2.0 4.0 2.0 2.0 4.0 4.0 6.0 2.0 2.0 4.0 4.0 6.0 1.0 25489.0 3783.4 3528.1000000000004 3350.0 703.8 600.19 568.5300000000001 382.99 376.55 101.61 68.41000000000001 63.13999999999999 12.469999999999999 11.86 6.89 0.0175 0.0175 0.0175 0.0175 0.0175 0.0175 0.0175 0.0175 0.0175 0.0175 0.0175 0.0175 0.0175 0.0174 0.0174 0.0174 0.0174 0.0174 0.0173 0.0171 0.0169 0.0167 0.0164 0.0161 0.015 0.013 0.011 0.0065 0.0037 0.0011 0.00015 0.0631 0.0631 0.0631 0.0631 0.063 0.063 0.0629 0.0628 0.0627 0.0626 0.0624 0.0621 0.0616 0.0611 0.0605 0.0598 0.0591 0.0575 0.0545 0.0488 0.0424 0.0358 0.0294 0.0236 0.014 0.0033 0.0016 0.0014 0.00082 0.00022 2.3e-05 0.0315 0.0315 0.0315 0.0315 0.0315 0.0315 0.0315 0.0315 0.0315 0.0315 0.0315 0.0315 0.0314 0.0314 0.0314 0.0314 0.0314 0.0314 0.0313 0.0311 0.0306 0.0298 0.0288 0.0275 0.024 0.015 0.0076 0.0018 0.00045 4.6e-05 2e-06 0.0327 0.0327 0.0327 0.0327 0.0327 0.0327 0.0327 0.0327 0.0327 0.0327 0.0327 0.0326 0.0326 0.0326 0.0326 0.0326 0.0326 0.0326 0.0325 0.0322 0.0317 0.0308 0.0296 0.0281 0.024 0.014 0.0071 0.0015 0.00036 3.1e-05 9.9e-07 0.149 0.149 0.149 0.149 0.149 0.148 0.147 0.146 0.144 0.142 0.14 0.135 0.129 0.122 0.114 0.107 0.0987 0.0827 0.0602 0.0319 0.0168 0.0111 0.00986 0.0098 0.0085 0.0022 0.00043 0.00027 0.00017 4.5e-05 4.6e-06 0.0891 0.0891 0.0891 0.0891 0.0891 0.089 0.089 0.089 0.089 0.089 0.0889 0.0888 0.0885 0.0881 0.0875 0.0867 0.0856 0.0827 0.0761 0.0607 0.0434 0.028 0.0168 0.00963 0.0037 0.0027 0.0018 0.00044 0.00011 1e-05 4.3e-07 0.0915 0.0915 0.0915 0.0915 0.0915 0.0915 0.0914 0.0914 0.0914 0.0914 0.0913 0.0912 0.0909 0.0904 0.0897 0.0888 0.0876 0.0843 0.077 0.0604 0.0422 0.0266 0.0155 0.00876 0.0036 0.0028 0.0017 0.00039 8.7e-05 7.1e-06 2.1e-07 0.062 0.062 0.062 0.062 0.062 0.062 0.062 0.062 0.062 0.062 0.062 0.062 0.062 0.062 0.0619 0.0619 0.0618 0.0615 0.0604 0.0567 0.0504 0.0424 0.034 0.0263 0.015 0.003 0.00066 4.5e-05 5.2e-06 1.8e-07 2.5e-09 0.0625 0.0625 0.0625 0.0625 0.0625 0.0625 0.0625 0.0625 0.0625 0.0625 0.0625 0.0625 0.0625 0.0625 0.0625 0.0624 0.0623 0.062 0.0609 0.0571 0.0505 0.0423 0.0338 0.0261 0.014 0.0029 0.00062 4.1e-05 4.5e-06 1.5e-07 1.6e-09 0.369 0.368 0.366 0.363 0.359 0.347 0.332 0.313 0.291 0.268 0.243 0.194 0.148 0.11 0.0793 0.0571 0.0423 0.0282 0.0251 0.0215 0.0121 0.0053 0.0025 0.00183 0.0017 0.00052 8.9e-05 4.8e-05 3.1e-05 7.9e-06 8e-07 0.242 0.242 0.242 0.242 0.242 0.241 0.241 0.239 0.237 0.233 0.228 0.214 0.195 0.172 0.146 0.121 0.0972 0.0583 0.0245 0.00954 0.00892 0.00768 0.00531 0.00317 0.00095 0.00039 0.00028 7.2e-05 1.7e-05 1.6e-06 6.8e-08 0.249 0.249 0.249 0.249 0.249 0.249 0.248 0.246 0.243 0.239 0.234 0.218 0.197 0.171 0.144 0.118 0.0932 0.0544 0.0223 0.0095 0.00907 0.0075 0.00497 0.00285 0.00083 0.00041 0.00028 6.3e-05 1.4e-05 1.1e-06 3.4e-08 0.247 0.247 0.247 0.247 0.247 0.247 0.246 0.245 0.243 0.239 0.234 0.218 0.197 0.172 0.147 0.123 0.101 0.0657 0.0315 0.00828 0.00301 0.00237 0.00234 0.00214 0.0014 0.00032 7.1e-05 4.9e-06 5.4e-07 1.9e-08 2.6e-10 0.251 0.251 0.251 0.251 0.251 0.251 0.251 0.25 0.247 0.243 0.237 0.22 0.197 0.172 0.146 0.121 0.0993 0.0637 0.0301 0.0078 0.0029 0.00234 0.00231 0.0021 0.0014 0.0003 6.5e-05 4.3e-06 4.7e-07 1.5e-08 1.7e-10 1.64 1.6 1.48 1.3 1.08 0.66 0.346 0.164 0.0763 0.042 0.0316 0.0296 0.0272 0.0218 0.0157 0.0106 0.00682 0.00281 0.00137 0.00124 0.000771 0.00034 0.000146 9.47e-05 8.8e-05 2.7e-05 4.6e-06 2.4e-06 1.5e-06 4e-07 4e-08
Z 48 15 2.0 2.0 2.0 4.0 2.0 2.0 4.0 4.0 6.0 2.0 2.0 4.0 4.0 6.0 2.0 26688.0 3994.1000000000004 3730.9 3535.4 755.37 647.79 612.63 420.06 412.85999999999996 113.36 78.22000000000001 72.19 17.71 16.97 8.219999999999999 0.0171 0.0171 0.0171 0.0171 0.0171 0.0171 0.0171 0.0171 0.0171 0.0171 0.0171 0.0171 0.017 0.017 0.017 0.017 0.017 0.017 0.0169 0.0167 0.0165 0.0163 0.0161 0.0158 0.015 0.013 0.011 0.0066 0.0038 0.0012 0.00017 0.0615 0.0615 0.0615 0.0615 0.0615 0.0614 0.0614 0.0613 0.0612 0.0611 0.0609 0.0606 0.0602 0.0597 0.0591 0.0585 0.0578 0.0563 0.0536 0.0482 0.0421 0.0358 0.0297 0.0241 0.015 0.0036 0.0016 0.0014 0.00085 0.00023 2.6e-05 0.0307 0.0307 0.0307 0.0307 0.0307 0.0307 0.0307 0.0307 0.0307 0.0307 0.0307 0.0307 0.0307 0.0307 0.0306 0.0306 0.0306 0.0306 0.0305 0.0303 0.0299 0.0292 0.0283 0.0271 0.024 0.015 0.0079 0.0019 0.0005 5.3e-05 2.4e-06 0.0319 0.0319 0.0319 0.0319 0.0319 0.0319 0.0319 0.0319 0.0319 0.0319 0.0319 0.0319 0.0319 0.0319 0.0319 0.0319 0.0319 0.0318 0.0317 0.0315 0.031 0.0302 0.0291 0.0277 0.024 0.015 0.0074 0.0017 0.0004 3.5e-05 1.1e-06 0.145 0.145 0.145 0.145 0.144 0.144 0.143 0.142 0.14 0.138 0.136 0.131 0.126 0.12 0.113 0.106 0.098 0.0829 0.0613 0.0334 0.0178 0.0113 0.00973 0.00962 0.0086 0.0025 0.00048 0.00027 0.00018 4.9e-05 5.1e-06 0.0864 0.0864 0.0864 0.0864 0.0864 0.0864 0.0864 0.0863 0.0863 0.0863 0.0863 0.0861 0.0859 0.0856 0.085 0.0843 0.0834 0.0808 0.0749 0.0608 0.0445 0.0296 0.0182 0.0107 0.004 0.0026 0.0019 0.00049 0.00012 1.2e-05 5.1e-07 0.0888 0.0888 0.0888 0.0888 0.0888 0.0888 0.0888 0.0888 0.0887 0.0887 0.0887 0.0885 0.0883 0.0879 0.0873 0.0864 0.0854 0.0825 0.076 0.0607 0.0434 0.0281 0.0168 0.00967 0.0038 0.0028 0.0018 0.00043 9.8e-05 8.2e-06 2.5e-07 0.06 0.06 0.06 0.06 0.06 0.06 0.06 0.06 0.06 0.06 0.06 0.06 0.0599 0.0599 0.0599 0.0599 0.0598 0.0595 0.0587 0.0555 0.05 0.0426 0.0348 0.0274 0.016 0.0034 0.00076 5.4e-05 6.3e-06 2.3e-07 3.1e-09 0.0605 0.0605 0.0605 0.0605 0.0605 0.0605 0.0605 0.0605 0.0605 0.0605 0.0605 0.0605 0.0605 0.0605 0.0605 0.0604 0.0604 0.0601 0.0592 0.0559 0.0501 0.0426 0.0346 0.0271 0.015 0.0033 0.00071 4.9e-05 5.5e-06 1.8e-07 2e-09 0.352 0.351 0.35 0.347 0.343 0.333 0.32 0.303 0.284 0.263 0.24 0.195 0.152 0.115 0.0846 0.0617 0.0457 0.0294 0.0248 0.0223 0.0135 0.00619 0.00284 0.0019 0.0018 0.0006 0.00011 4.9e-05 3.3e-05 8.9e-06 9.3e-07 0.23 0.23 0.23 0.23 0.23 0.23 0.229 0.228 0.226 0.224 0.22 0.208 0.191 0.171 0.148 0.125 0.103 0.0641 0.0282 0.01 0.00894 0.00805 0.00587 0.00365 0.0011 0.0004 0.00031 8.3e-05 2e-05 2e-06 8.4e-08 0.237 0.237 0.237 0.237 0.237 0.237 0.236 0.235 0.233 0.23 0.225 0.212 0.194 0.171 0.147 0.122 0.0989 0.0601 0.0256 0.00986 0.00915 0.00794 0.00553 0.00331 0.00099 0.00042 0.0003 7.2e-05 1.6e-05 1.4e-06 4.1e-08 0.224 0.224 0.224 0.224 0.224 0.224 0.224 0.223 0.222 0.22 0.217 0.207 0.193 0.174 0.153 0.132 0.111 0.0756 0.0385 0.0109 0.00369 0.00256 0.00252 0.00238 0.0017 0.0004 9.1e-05 6.5e-06 7.4e-07 2.7e-08 3.6e-10 0.228 0.228 0.228 0.228 0.228 0.228 0.228 0.227 0.226 0.224 0.22 0.21 0.194 0.174 0.153 0.131 0.11 0.0738 0.0371 0.0103 0.00354 0.00254 0.00251 0.00235 0.0016 0.00038 8.5e-05 5.8e-06 6.4e-07 2.1e-08 2.3e-10 1.45 1.42 1.33 1.2 1.04 0.694 0.409 0.219 0.112 0.0605 0.0398 0.0325 0.0317 0.0275 0.0213 0.0152 0.0102 0.00432 0.00179 0.00156 0.00106 0.000498 0.000213 0.000124 0.00011 3.9e-05 6.7e-06 3e-06 2e-06 5.5e-07 5.7e-08
Z 49 16 2.0 2.0 2.0 4.0 2.0 2.0 4.0 4.0 6.0 2.0 2.0 4.0 4.0 6.0 2.0 1.0 27921.0 4213.8 3942.5 3728.4 811.24 699.62 660.6700000000001 461.04 453.0 127.89999999999999 90.77 83.86999999999999 25.490000000000002 24.58 10.83 4.909999999999999 0.0167 0.0167 0.0167 0.0167 0.0167 0.0167 0.0167 0.0167 0.0167 0.0167 0.0167 0.0167 0.0167 0.0166 0.0166 0.0166 0.0166 0.0166 0.0165 0.0164 0.0162 0.016 0.0157 0.0155 0.015 0.013 0.011 0.0067 0.0039 0.0013 0.00018 0.06 0.06 0.06 0.06 0.06 0.06 0.0599 0.0598 0.0597 0.0596 0.0595 0.0592 0.0588 0.0583 0.0578 0.0572 0.0566 0.0552 0.0526 0.0476 0.0418 0.0358 0.03 0.0245 0.015 0.0039 0.0016 0.0014 0.00088 0.00025 2.8e-05 0.0299 0.0299 0.0299 0.0299 0.0299 0.0299 0.0299 0.0299 0.0299 0.0299 0.0299 0.0299 0.0299 0.0299 0.0299 0.0299 0.0299 0.0299 0.0298 0.0296 0.0292 0.0286 0.0278 0.0266 0.024 0.015 0.0082 0.0021 0.00056 6e-05 2.7e-06 0.0311 0.0311 0.0311 0.0311 0.0311 0.0311 0.0311 0.0311 0.0311 0.0311 0.0311 0.0311 0.0311 0.0311 0.0311 0.0311 0.0311 0.0311 0.031 0.0308 0.0303 0.0296 0.0286 0.0274 0.024 0.015 0.0077 0.0018 0.00044 4e-05 1.3e-06 0.141 0.141 0.141 0.141 0.14 0.14 0.139 0.138 0.136 0.135 0.133 0.128 0.123 0.117 0.111 0.104 0.0973 0.0829 0.0623 0.0349 0.0187 0.0117 0.00965 0.00944 0.0087 0.0028 0.00054 0.00027 0.00019 5.3e-05 5.7e-06 0.0838 0.0838 0.0838 0.0838 0.0838 0.0838 0.0838 0.0838 0.0838 0.0838 0.0837 0.0836 0.0834 0.0831 0.0827 0.082 0.0812 0.0789 0.0737 0.0608 0.0455 0.031 0.0196 0.0117 0.0044 0.0026 0.0019 0.00054 0.00014 1.4e-05 6e-07 0.0863 0.0863 0.0863 0.0863 0.0863 0.0863 0.0862 0.0862 0.0862 0.0862 0.0862 0.086 0.0858 0.0854 0.0849 0.0842 0.0833 0.0807 0.0748 0.0608 0.0444 0.0295 0.0181 0.0106 0.0041 0.0027 0.0019 0.00047 0.00011 9.5e-06 2.9e-07 0.0581 0.0581 0.0581 0.0581 0.0581 0.0581 0.0581 0.0581 0.0581 0.0581 0.0581 0.0581 0.0581 0.058 0.058 0.058 0.0579 0.0577 0.057 0.0543 0.0494 0.0428 0.0354 0.0283 0.017 0.0038 0.00087 6.4e-05 7.6e-06 2.8e-07 3.8e-09 0.0586 0.0586 0.0586 0.0586 0.0586 0.0586 0.0586 0.0586 0.0586 0.0586 0.0586 0.0586 0.0586 0.0586 0.0586 0.0586 0.0585 0.0583 0.0575 0.0547 0.0496 0.0428 0.0353 0.028 0.016 0.0036 0.00082 5.9e-05 6.6e-06 2.2e-07 2.4e-09 0.336 0.336 0.335 0.332 0.329 0.32 0.308 0.293 0.276 0.257 0.237 0.195 0.155 0.119 0.0895 0.0663 0.0494 0.0309 0.0246 0.0228 0.0147 0.00715 0.00327 0.00201 0.0018 0.00069 0.00012 5e-05 3.5e-05 9.9e-06 1.1e-06 0.219 0.219 0.219 0.219 0.219 0.219 0.219 0.218 0.216 0.214 0.211 0.201 0.187 0.17 0.15 0.129 0.107 0.0699 0.0323 0.0108 0.00894 0.00836 0.0064 0.00417 0.0014 0.0004 0.00033 9.4e-05 2.4e-05 2.4e-06 1e-07 0.226 0.226 0.226 0.226 0.226 0.226 0.226 0.225 0.223 0.22 0.216 0.206 0.19 0.171 0.149 0.126 0.104 0.0658 0.0293 0.0104 0.00918 0.00831 0.00608 0.0038 0.0012 0.00043 0.00032 8.3e-05 1.9e-05 1.6e-06 5e-08 0.206 0.206 0.206 0.206 0.206 0.206 0.206 0.206 0.205 0.204 0.202 0.196 0.186 0.172 0.155 0.137 0.119 0.0843 0.0457 0.0139 0.00455 0.00278 0.00267 0.00258 0.0019 0.0005 0.00012 8.5e-06 9.9e-07 3.6e-08 4.9e-10 0.208 0.208 0.208 0.208 0.208 0.208 0.208 0.208 0.207 0.206 0.204 0.198 0.187 0.173 0.156 0.137 0.118 0.0831 0.0445 0.0133 0.00438 0.00277 0.00268 0.00257 0.0019 0.00047 0.00011 7.7e-06 8.6e-07 2.9e-08 3.2e-10 1.24 1.22 1.16 1.07 0.961 0.706 0.467 0.283 0.162 0.0919 0.0568 0.0374 0.0365 0.0341 0.0284 0.0215 0.0152 0.00676 0.00246 0.00197 0.00145 0.000734 0.000319 0.000171 0.00014 5.6e-05 1e-05 3.9e-06 2.7e-06 7.7e-07 8.2e-08 0.962 0.961 0.958 0.944 0.914 0.792 0.614 0.43 0.279 0.17 0.0999 0.0326 0.0126 0.00824 0.00779 0.0077 0.00719 0.00526 0.00248 0.000594 0.000359 0.000347 0.000279 0.000187 6.2e-05 1.6e-05 1.3e-05 3.9e-06 9.8e-07 9.8e-08 4.2e-09
Z 50 16 2.0 2.0 2.0 4.0 2.0 2.0 4.0 4.0 6.0 2.0 2.0 4.0 4.0 6.0 2.0 2.0 29184.0 4440.3 4160.8 3926.8 869.05 753.36 710.3199999999999 503.56999999999994 494.62 142.81 103.64 95.8 33.49 32.39 13.39 6.28 0.0163 0.0163 0.0163 0.0163 0.0163 0.0163 0.0163 0.0163 0.0163 0.0163 0.0163 0.0163 0.0163 0.0163 0.0163 0.0162 0.0162 0.0162 0.0161 0.016 0.0158 0.0156 0.0154 0.0152 0.015 0.013 0.011 0.0068 0.004 0.0013 0.0002 0.0586 0.0586 0.0586 0.0586 0.0586 0.0585 0.0585 0.0584 0.0583 0.0582 0.0581 0.0578 0.0574 0.057 0.0565 0.056 0.0554 0.0541 0.0517 0.0469 0.0415 0.0358 0.0302 0.0249 0.016 0.0042 0.0016 0.0014 0.00091 0.00027 3.1e-05 0.0292 0.0292 0.0292 0.0292 0.0292 0.0292 0.0292 0.0292 0.0292 0.0292 0.0292 0.0292 0.0292 0.0292 0.0292 0.0292 0.0292 0.0291 0.0291 0.0289 0.0286 0.028 0.0272 0.0262 0.024 0.015 0.0086 0.0023 0.00062 6.8e-05 3.2e-06 0.0304 0.0304 0.0304 0.0304 0.0304 0.0304 0.0304 0.0304 0.0304 0.0304 0.0304 0.0304 0.0304 0.0304 0.0304 0.0304 0.0304 0.0304 0.0303 0.0301 0.0297 0.0291 0.0282 0.027 0.024 0.015 0.008 0.0019 0.00048 4.5e-05 1.5e-06 0.137 0.137 0.137 0.137 0.136 0.136 0.135 0.134 0.133 0.131 0.129 0.125 0.121 0.115 0.109 0.103 0.0964 0.0829 0.0631 0.0363 0.0198 0.0121 0.00962 0.00926 0.0087 0.0031 0.00061 0.00027 0.0002 5.7e-05 6.4e-06 0.0814 0.0814 0.0814 0.0814 0.0814 0.0814 0.0814 0.0814 0.0814 0.0813 0.0813 0.0812 0.0811 0.0808 0.0804 0.0798 0.0791 0.0771 0.0724 0.0607 0.0463 0.0323 0.0209 0.0128 0.0048 0.0026 0.002 0.00059 0.00016 1.6e-05 7.1e-07 0.0839 0.0839 0.0839 0.0839 0.0839 0.0839 0.0839 0.0838 0.0838 0.0838 0.0838 0.0837 0.0835 0.0832 0.0827 0.0821 0.0812 0.0789 0.0737 0.0608 0.0454 0.0308 0.0194 0.0116 0.0044 0.0027 0.002 0.00052 0.00012 1.1e-05 3.4e-07 0.0563 0.0563 0.0563 0.0563 0.0563 0.0563 0.0563 0.0563 0.0563 0.0563 0.0563 0.0563 0.0563 0.0563 0.0563 0.0562 0.0562 0.056 0.0554 0.0531 0.0488 0.0428 0.0359 0.0291 0.018 0.0042 0.00099 7.6e-05 9.1e-06 3.4e-07 4.7e-09 0.0569 0.0569 0.0569 0.0569 0.0569 0.0569 0.0569 0.0569 0.0569 0.0569 0.0569 0.0569 0.0568 0.0568 0.0568 0.0568 0.0567 0.0566 0.056 0.0536 0.0491 0.0429 0.0358 0.0289 0.017 0.004 0.00093 6.9e-05 7.9e-06 2.7e-07 3e-09 0.322 0.322 0.32 0.318 0.316 0.308 0.297 0.283 0.268 0.251 0.233 0.195 0.157 0.123 0.0941 0.0707 0.0531 0.0327 0.0245 0.0231 0.0159 0.00818 0.00378 0.00216 0.0018 0.00078 0.00015 5.1e-05 3.8e-05 1.1e-05 1.2e-06 0.209 0.209 0.209 0.209 0.209 0.209 0.208 0.208 0.207 0.205 0.202 0.194 0.183 0.168 0.15 0.131 0.111 0.0753 0.0366 0.0118 0.00895 0.0086 0.00691 0.0047 0.0016 0.00041 0.00035 0.00011 2.8e-05 2.9e-06 1.2e-07 0.216 0.216 0.216 0.216 0.216 0.216 0.216 0.215 0.213 0.211 0.208 0.199 0.186 0.169 0.15 0.129 0.108 0.0712 0.0333 0.0112 0.00919 0.00862 0.00661 0.0043 0.0014 0.00044 0.00035 9.4e-05 2.2e-05 1.9e-06 6e-08 0.192 0.192 0.192 0.192 0.192 0.192 0.192 0.191 0.191 0.19 0.189 0.185 0.178 0.167 0.154 0.139 0.123 0.0913 0.0525 0.0172 0.00563 0.00304 0.00279 0.00274 0.0021 0.00059 0.00014 1.1e-05 1.3e-06 4.8e-08 6.6e-10 0.193 0.193 0.193 0.193 0.193 0.193 0.193 0.193 0.192 0.192 0.191 0.187 0.179 0.169 0.155 0.14 0.123 0.0908 0.0515 0.0166 0.00542 0.00302 0.00281 0.00275 0.0021 0.00057 0.00014 9.9e-06 1.1e-06 3.8e-08 4.2e-10 1.1 1.09 1.05 0.981 0.897 0.697 0.495 0.326 0.202 0.122 0.0754 0.0424 0.0389 0.038 0.0338 0.0272 0.0202 0.00965 0.00328 0.0023 0.00183 0.000991 0.000444 0.000223 0.00016 7.4e-05 1.4e-05 4.6e-06 3.4e-06 1e-06 1.1e-07 0.836 0.836 0.834 0.827 0.81 0.736 0.614 0.472 0.337 0.228 0.148 0.0567 0.0222 0.0117 0.00963 0.0095 0.00929 0.00748 0.0039 0.000953 0.000481 0.000465 0.000395 0.000278 9.8e-05 2.2e-05 1.9e-05 5.8e-06 1.5e-06 1.5e-07 6.7e-09
Z 51 17 2.0 2.0 2.0 4.0 2.0 2.0 4.0 4.0 6.0 2.0 2.0 4.0 4.0 6.0 2.0 2.0 1.0 30479.0 4673.7 4386.0 4130.5 928.98 809.16 761.6899999999999 547.7900000000001 537.85 158.26999999999998 117.02 108.12 41.87 40.559999999999995 15.92 7.73 7.02 0.0159 0.0159 0.0159 0.0159 0.0159 0.0159 0.0159 0.0159 0.0159 0.0159 0.0159 0.0159 0.0159 0.0159 0.0159 0.0159 0.0159 0.0158 0.0158 0.0157 0.0155 0.0153 0.0151 0.0149 0.014 0.013 0.011 0.0068 0.0041 0.0014 0.00021 0.0572 0.0572 0.0572 0.0572 0.0572 0.0572 0.0571 0.0571 0.057 0.0569 0.0568 0.0565 0.0562 0.0558 0.0553 0.0548 0.0543 0.053 0.0508 0.0463 0.0412 0.0358 0.0304 0.0252 0.016 0.0045 0.0016 0.0013 0.00093 0.00029 3.4e-05 0.0285 0.0285 0.0285 0.0285 0.0285 0.0285 0.0285 0.0285 0.0285 0.0285 0.0285 0.0285 0.0285 0.0285 0.0285 0.0285 0.0285 0.0284 0.0284 0.0282 0.0279 0.0274 0.0267 0.0258 0.023 0.016 0.0089 0.0024 0.00068 7.7e-05 3.7e-06 0.0298 0.0298 0.0298 0.0298 0.0298 0.0298 0.0298 0.0298 0.0298 0.0298 0.0298 0.0298 0.0298 0.0298 0.0298 0.0298 0.0297 0.0297 0.0297 0.0295 0.0291 0.0285 0.0277 0.0266 0.024 0.015 0.0083 0.0021 0.00053 5.1e-05 1.7e-06 0.133 0.133 0.133 0.133 0.133 0.132 0.131 0.13 0.129 0.128 0.126 0.122 0.118 0.113 0.107 0.102 0.0955 0.0827 0.0638 0.0376 0.0208 0.0125 0.00964 0.00909 0.0087 0.0033 0.0007 0.00027 0.0002 6.2e-05 7.1e-06 0.0791 0.0791 0.0791 0.0791 0.0791 0.0791 0.0791 0.0791 0.0791 0.0791 0.079 0.079 0.0788 0.0786 0.0782 0.0777 0.0771 0.0753 0.0711 0.0605 0.047 0.0335 0.0222 0.0139 0.0053 0.0025 0.0021 0.00064 0.00017 1.8e-05 8.3e-07 0.0816 0.0816 0.0816 0.0816 0.0816 0.0816 0.0816 0.0816 0.0816 0.0815 0.0815 0.0814 0.0812 0.081 0.0806 0.08 0.0793 0.0772 0.0725 0.0607 0.0461 0.0321 0.0207 0.0126 0.0048 0.0027 0.002 0.00057 0.00014 1.2e-05 4e-07 0.0546 0.0546 0.0546 0.0546 0.0546 0.0546 0.0546 0.0546 0.0546 0.0546 0.0546 0.0546 0.0546 0.0546 0.0546 0.0546 0.0545 0.0544 0.0539 0.052 0.0482 0.0427 0.0363 0.0298 0.019 0.0046 0.0011 8.9e-05 1.1e-05 4.2e-07 5.7e-09 0.0552 0.0552 0.0552 0.0552 0.0552 0.0552 0.0552 0.0552 0.0552 0.0552 0.0552 0.0552 0.0552 0.0552 0.0552 0.0551 0.0551 0.0549 0.0544 0.0524 0.0484 0.0428 0.0363 0.0296 0.018 0.0044 0.0011 8.1e-05 9.4e-06 3.3e-07 3.6e-09 0.309 0.308 0.307 0.305 0.303 0.296 0.286 0.274 0.261 0.245 0.229 0.194 0.159 0.127 0.0982 0.0749 0.0568 0.0348 0.0245 0.0232 0.017 0.00925 0.00437 0.00237 0.0018 0.00087 0.00017 5.2e-05 4e-05 1.2e-05 1.4e-06 0.2 0.2 0.2 0.2 0.2 0.2 0.199 0.199 0.198 0.196 0.194 0.188 0.178 0.165 0.15 0.132 0.115 0.0801 0.0409 0.0131 0.00897 0.00875 0.00735 0.00522 0.0019 0.00042 0.00037 0.00012 3.2e-05 3.4e-06 1.5e-07 0.207 0.207 0.207 0.207 0.207 0.207 0.206 0.206 0.204 0.203 0.2 0.193 0.182 0.167 0.15 0.131 0.112 0.0762 0.0374 0.0122 0.00921 0.00885 0.0071 0.00482 0.0017 0.00044 0.00037 0.00011 2.6e-05 2.3e-06 7.3e-08 0.179 0.179 0.179 0.179 0.179 0.179 0.179 0.179 0.179 0.178 0.178 0.175 0.17 0.162 0.152 0.14 0.126 0.0971 0.059 0.021 0.00696 0.00339 0.0029 0.00287 0.0023 0.0007 0.00018 1.4e-05 1.7e-06 6.3e-08 8.7e-10 0.181 0.181 0.181 0.181 0.181 0.18 0.18 0.18 0.18 0.18 0.179 0.176 0.171 0.163 0.153 0.14 0.126 0.0966 0.058 0.0202 0.00667 0.00334 0.00292 0.00289 0.0023 0.00068 0.00017 1.3e-05 1.4e-06 5e-08 5.6e-10 1.0 0.99 0.958 0.907 0.841 0.679 0.508 0.355 0.234 0.149 0.0947 0.0485 0.0404 0.0401 0.0375 0.0319 0.025 0.0129 0.00433 0.00256 0.00218 0.00127 0.000592 0.000285 0.00019 9.4e-05 1.9e-05 5.3e-06 4.1e-06 1.2e-06 1.4e-07 0.737 0.737 0.736 0.732 0.723 0.678 0.596 0.489 0.377 0.275 0.192 0.0849 0.0356 0.0171 0.0119 0.011 0.011 0.00961 0.00558 0.00145 0.000617 0.000579 0.000517 0.000382 0.00015 2.8e-05 2.4e-05 8.1e-06 2.2e-06 2.3e-07 1e-08 0.764 0.764 0.763 0.758 0.747 0.696 0.604 0.487 0.367 0.262 0.178 0.0746 0.0303 0.0153 0.0116 0.0113 0.0111 0.00926 0.00497 0.00122 0.0006 0.000579 0.000492 0.000346 0.00012 2.8e-05 2.4e-05 6.9e-06 1.7e-06 1.5e-07 4.7e-09
Z 52 17 2.0 2.0 2.0 4.0 2.0 2.0 4.0 4.0 6.0 2.0 2.0 4.0 4.0 6.0 2.0 2.0 2.0 31805.0 4914.2 4618.2 4339.7 991.08 867.09 814.85 593.74 582.74 174.32999999999998 130.97 120.92 50.71 49.18 18.450000000000003 9.23 8.31 0.0156 0.0156 0.0156 0.0156 0.0156 0.0156 0.0156 0.0156 0.0156 0.0156 0.0156 0.0156 0.0156 0.0156 0.0156 0.0155 0.0155 0.0155 0.0154 0.0153 0.0152 0.015 0.0148 0.0146 0.014 0.012 0.01 0.0069 0.0042 0.0015 0.00023 0.0559 0.0559 0.0559 0.0559 0.0559 0.0559 0.0558 0.0558 0.0557 0.0556 0.0555 0.0552 0.0549 0.0546 0.0541 0.0537 0.0531 0.052 0.0499 0.0457 0.0408 0.0357 0.0305 0.0255 0.017 0.0048 0.0017 0.0013 0.00096 0.00031 3.8e-05 0.0278 0.0278 0.0278 0.0278 0.0278 0.0278 0.0278 0.0278 0.0278 0.0278 0.0278 0.0278 0.0278 0.0278 0.0278 0.0278 0.0278 0.0278 0.0277 0.0276 0.0273 0.0269 0.0262 0.0254 0.023 0.016 0.0092 0.0026 0.00074 8.7e-05 4.2e-06 0.0291 0.0291 0.0291 0.0291 0.0291 0.0291 0.0291 0.0291 0.0291 0.0291 0.0291 0.0291 0.0291 0.0291 0.0291 0.0291 0.0291 0.0291 0.029 0.0289 0.0285 0.028 0.0272 0.0263 0.024 0.015 0.0086 0.0022 0.00058 5.7e-05 2e-06 0.13 0.13 0.129 0.129 0.129 0.129 0.128 0.127 0.126 0.125 0.123 0.12 0.116 0.111 0.106 0.1 0.0945 0.0824 0.0644 0.0388 0.0219 0.0131 0.00971 0.00895 0.0087 0.0036 0.00079 0.00026 0.00021 6.7e-05 7.8e-06 0.0769 0.0769 0.0769 0.0769 0.0769 0.0769 0.0769 0.0769 0.0769 0.0769 0.0769 0.0768 0.0767 0.0765 0.0761 0.0757 0.0752 0.0736 0.0698 0.0601 0.0475 0.0346 0.0234 0.015 0.0058 0.0025 0.0021 0.00069 0.00019 2.1e-05 9.7e-07 0.0794 0.0794 0.0794 0.0794 0.0794 0.0794 0.0794 0.0794 0.0794 0.0794 0.0794 0.0793 0.0791 0.0789 0.0785 0.078 0.0774 0.0755 0.0713 0.0604 0.0468 0.0332 0.0219 0.0136 0.0052 0.0027 0.0021 0.00061 0.00016 1.4e-05 4.6e-07 0.053 0.053 0.053 0.053 0.053 0.053 0.053 0.053 0.053 0.053 0.053 0.053 0.053 0.053 0.053 0.053 0.053 0.0528 0.0524 0.0508 0.0474 0.0425 0.0366 0.0304 0.019 0.005 0.0013 0.0001 1.3e-05 5e-07 7e-09 0.0536 0.0536 0.0536 0.0536 0.0536 0.0536 0.0536 0.0536 0.0536 0.0536 0.0536 0.0536 0.0536 0.0536 0.0536 0.0536 0.0535 0.0534 0.053 0.0512 0.0478 0.0427 0.0366 0.0302 0.019 0.0049 0.0012 9.4e-05 1.1e-05 4e-07 4.4e-09 0.296 0.296 0.295 0.293 0.291 0.285 0.276 0.266 0.253 0.239 0.224 0.192 0.16 0.129 0.102 0.0788 0.0605 0.037 0.0247 0.0232 0.018 0.0103 0.00503 0.00263 0.0018 0.00097 0.00021 5.2e-05 4.2e-05 1.4e-05 1.6e-06 0.191 0.191 0.191 0.191 0.191 0.191 0.191 0.191 0.19 0.189 0.187 0.181 0.173 0.162 0.149 0.133 0.117 0.0843 0.0452 0.0146 0.00904 0.00883 0.00772 0.00572 0.0023 0.00043 0.00038 0.00013 3.7e-05 4e-06 1.8e-07 0.198 0.198 0.198 0.198 0.198 0.198 0.198 0.197 0.196 0.195 0.193 0.186 0.177 0.164 0.149 0.132 0.115 0.0807 0.0415 0.0134 0.00924 0.00901 0.00754 0.00533 0.002 0.00045 0.00039 0.00012 3e-05 2.7e-06 8.7e-08 0.168 0.168 0.168 0.168 0.168 0.168 0.168 0.168 0.168 0.168 0.167 0.166 0.162 0.156 0.148 0.138 0.127 0.101 0.0649 0.0249 0.00854 0.00382 0.00301 0.00297 0.0025 0.00082 0.00021 1.7e-05 2.1e-06 8.2e-08 1.1e-09 0.17 0.17 0.17 0.17 0.17 0.17 0.17 0.17 0.17 0.17 0.169 0.167 0.163 0.158 0.149 0.139 0.127 0.101 0.0639 0.024 0.00816 0.00374 0.00302 0.00299 0.0025 0.00079 0.0002 1.6e-05 1.8e-06 6.4e-08 7.2e-10 0.92 0.911 0.886 0.845 0.792 0.659 0.512 0.374 0.259 0.173 0.114 0.056 0.042 0.0409 0.0397 0.0355 0.0292 0.0164 0.00565 0.00277 0.0025 0.00156 0.000763 0.000361 0.00021 0.00011 2.4e-05 5.8e-06 4.7e-06 1.5e-06 1.8e-07 0.665 0.665 0.664 0.662 0.656 0.626 0.569 0.489 0.397 0.307 0.227 0.113 0.0513 0.0243 0.0147 0.0123 0.0121 0.0113 0.00732 0.00208 0.000771 0.000678 0.00063 0.000489 0.0002 3.3e-05 3e-05 1.1e-05 2.9e-06 3.1e-07 1.4e-08 0.693 0.693 0.693 0.69 0.682 0.647 0.581 0.49 0.39 0.294 0.212 0.0998 0.0437 0.021 0.0138 0.0124 0.0123 0.0111 0.0066 0.00173 0.000726 0.00068 0.000605 0.000446 0.00017 3.4e-05 2.9e-05 9.1e-06 2.3e-06 2.1e-07 6.6e-09
Z 53 17 2.0 2.0 2.0 4.0 2.0 2.0 4.0 4.0 6.0 2.0 2.0 4.0 4.0 6.0 2.0 2.0 3.0 33164.0 5161.9 4857.5 4554.5 1055.3999999999999 927.1999999999999 869.8100000000001 641.4599999999999 629.3100000000001 191.04 145.53 134.21 60.04 58.26 21.01 10.77 9.629999999999999 0.0153 0.0153 0.0153 0.0153 0.0153 0.0153 0.0153 0.0153 0.0153 0.0153 0.0153 0.0152 0.0152 0.0152 0.0152 0.0152 0.0152 0.0152 0.0151 0.015 0.0149 0.0147 0.0145 0.0143 0.014 0.012 0.01 0.0069 0.0043 0.0015 0.00025 0.0547 0.0547 0.0547 0.0547 0.0547 0.0546 0.0546 0.0545 0.0544 0.0544 0.0543 0.054 0.0537 0.0534 0.053 0.0526 0.0521 0.051 0.049 0.045 0.0405 0.0356 0.0306 0.0258 0.017 0.0051 0.0017 0.0013 0.00098 0.00033 4.1e-05 0.0272 0.0272 0.0272 0.0272 0.0272 0.0272 0.0272 0.0272 0.0272 0.0272 0.0272 0.0272 0.0272 0.0272 0.0272 0.0272 0.0271 0.0271 0.0271 0.027 0.0267 0.0263 0.0257 0.025 0.023 0.016 0.0095 0.0028 0.00081 9.8e-05 4.9e-06 0.0285 0.0285 0.0285 0.0285 0.0285 0.0285 0.0285 0.0285 0.0285 0.0285 0.0285 0.0285 0.0285 0.0285 0.0285 0.0285 0.0285 0.0285 0.0284 0.0283 0.028 0.0275 0.0268 0.0259 0.023 0.016 0.0089 0.0024 0.00064 6.4e-05 2.3e-06 0.126 0.126 0.126 0.126 0.126 0.125 0.125 0.124 0.123 0.122 0.12 0.117 0.113 0.109 0.104 0.0989 0.0934 0.0821 0.0649 0.04 0.0229 0.0137 0.00983 0.00883 0.0086 0.0039 0.00089 0.00026 0.00021 7.2e-05 8.7e-06 0.0748 0.0748 0.0748 0.0748 0.0748 0.0748 0.0748 0.0748 0.0748 0.0748 0.0748 0.0747 0.0746 0.0744 0.0742 0.0738 0.0733 0.0719 0.0685 0.0597 0.048 0.0356 0.0246 0.0161 0.0063 0.0025 0.0021 0.00075 0.00021 2.4e-05 1.1e-06 0.0774 0.0774 0.0774 0.0774 0.0774 0.0774 0.0774 0.0774 0.0774 0.0773 0.0773 0.0772 0.0771 0.0769 0.0766 0.0761 0.0756 0.0739 0.0701 0.0601 0.0473 0.0343 0.0231 0.0146 0.0057 0.0026 0.0022 0.00066 0.00017 1.6e-05 5.4e-07 0.0515 0.0515 0.0515 0.0515 0.0515 0.0515 0.0515 0.0515 0.0515 0.0515 0.0515 0.0515 0.0515 0.0515 0.0515 0.0515 0.0515 0.0514 0.0511 0.0496 0.0467 0.0423 0.0368 0.0309 0.02 0.0055 0.0014 0.00012 1.5e-05 6.1e-07 8.5e-09 0.0521 0.0521 0.0521 0.0521 0.0521 0.0521 0.0521 0.0521 0.0521 0.0521 0.0521 0.0521 0.0521 0.0521 0.0521 0.0521 0.0521 0.052 0.0516 0.0501 0.047 0.0424 0.0368 0.0308 0.02 0.0053 0.0013 0.00011 1.3e-05 4.8e-07 5.3e-09 0.285 0.284 0.284 0.282 0.28 0.275 0.267 0.257 0.246 0.233 0.22 0.19 0.16 0.131 0.105 0.0824 0.064 0.0394 0.0251 0.0231 0.0188 0.0114 0.00576 0.00295 0.0018 0.0011 0.00024 5.3e-05 4.4e-05 1.5e-05 1.8e-06 0.184 0.184 0.184 0.184 0.184 0.183 0.183 0.183 0.182 0.181 0.18 0.175 0.168 0.159 0.147 0.133 0.118 0.0879 0.0493 0.0163 0.00919 0.00885 0.00803 0.00619 0.0026 0.00044 0.0004 0.00015 4.3e-05 4.7e-06 2.2e-07 0.19 0.19 0.19 0.19 0.19 0.19 0.19 0.189 0.188 0.187 0.186 0.18 0.172 0.161 0.148 0.133 0.117 0.0846 0.0456 0.0149 0.00932 0.0091 0.00793 0.00583 0.0023 0.00046 0.00041 0.00013 3.4e-05 3.2e-06 1e-07 0.159 0.159 0.159 0.159 0.159 0.159 0.159 0.159 0.159 0.159 0.159 0.157 0.155 0.15 0.144 0.136 0.126 0.104 0.0699 0.0289 0.0103 0.00438 0.00313 0.00304 0.0027 0.00095 0.00025 2.1e-05 2.7e-06 1e-07 1.5e-09 0.161 0.161 0.161 0.161 0.161 0.161 0.161 0.161 0.161 0.161 0.16 0.159 0.156 0.152 0.145 0.137 0.127 0.104 0.069 0.0279 0.00987 0.00425 0.00314 0.00307 0.0027 0.00091 0.00024 1.9e-05 2.3e-06 8.2e-08 9.3e-10 0.853 0.846 0.826 0.792 0.748 0.637 0.51 0.387 0.279 0.194 0.131 0.0645 0.0441 0.0413 0.0409 0.0381 0.0327 0.0199 0.00725 0.00298 0.00277 0.00186 0.000958 0.000454 0.00022 0.00014 3.1e-05 6.3e-06 5.3e-06 1.8e-06 2.1e-07 0.608 0.608 0.608 0.606 0.602 0.582 0.541 0.479 0.405 0.327 0.254 0.138 0.0683 0.0333 0.0187 0.0139 0.013 0.0126 0.00902 0.00286 0.000958 0.000764 0.000734 0.000597 0.00026 3.9e-05 3.5e-05 1.3e-05 3.8e-06 4.2e-07 1.9e-08 0.637 0.637 0.637 0.635 0.63 0.605 0.556 0.485 0.401 0.317 0.239 0.124 0.0584 0.0281 0.0167 0.0135 0.0131 0.0124 0.00823 0.00237 0.000872 0.000767 0.000711 0.000548 0.00022 3.9e-05 3.5e-05 1.1e-05 2.9e-06 2.7e-07 8.9e-09
Z 54 17 2.0 2.0 2.0 4.0 2.0 2.0 4.0 4.0 6.0 2.0 2.0 4.0 4.0 6.0 2.0 2.0 4.0 34556.0 5416.9 5103.9 4774.7 1122.0 989.4700000000001 926.56 690.91 677.52 208.37 160.69 147.98 69.83999999999999 67.78 23.61 12.35 10.96 0.0149 0.0149 0.0149 0.0149 0.0149 0.0149 0.0149 0.0149 0.0149 0.0149 0.0149 0.0149 0.0149 0.0149 0.0149 0.0149 0.0149 0.0149 0.0148 0.0147 0.0146 0.0144 0.0142 0.014 0.014 0.012 0.01 0.007 0.0044 0.0016 0.00027 0.0535 0.0535 0.0535 0.0535 0.0534 0.0534 0.0534 0.0533 0.0532 0.0532 0.0531 0.0528 0.0526 0.0523 0.0519 0.0515 0.051 0.05 0.0481 0.0444 0.0401 0.0354 0.0306 0.026 0.018 0.0054 0.0018 0.0013 0.00099 0.00034 4.5e-05 0.0265 0.0265 0.0265 0.0265 0.0265 0.0265 0.0265 0.0265 0.0265 0.0265 0.0265 0.0265 0.0265 0.0265 0.0265 0.0265 0.0265 0.0265 0.0265 0.0264 0.0261 0.0258 0.0253 0.0245 0.023 0.016 0.0097 0.003 0.00089 0.00011 5.6e-06 0.0279 0.0279 0.0279 0.0279 0.0279 0.0279 0.0279 0.0279 0.0279 0.0279 0.0279 0.0279 0.0279 0.0279 0.0279 0.0279 0.0279 0.0279 0.0278 0.0277 0.0274 0.027 0.0263 0.0255 0.023 0.016 0.0092 0.0025 0.00069 7.2e-05 2.6e-06 0.123 0.123 0.123 0.123 0.123 0.122 0.121 0.121 0.12 0.119 0.117 0.114 0.111 0.107 0.102 0.0975 0.0924 0.0816 0.0653 0.0411 0.024 0.0143 0.01 0.00874 0.0085 0.0042 0.001 0.00026 0.00022 7.7e-05 9.5e-06 0.0729 0.0729 0.0729 0.0729 0.0729 0.0729 0.0729 0.0729 0.0729 0.0728 0.0728 0.0728 0.0727 0.0725 0.0723 0.0719 0.0715 0.0702 0.0672 0.0592 0.0483 0.0365 0.0258 0.0172 0.0069 0.0024 0.0022 0.0008 0.00024 2.7e-05 1.3e-06 0.0754 0.0754 0.0754 0.0754 0.0754 0.0754 0.0754 0.0754 0.0754 0.0754 0.0754 0.0753 0.0752 0.075 0.0747 0.0743 0.0738 0.0723 0.0689 0.0598 0.0478 0.0352 0.0242 0.0157 0.0062 0.0026 0.0022 0.00071 0.00019 1.8e-05 6.2e-07 0.0501 0.0501 0.0501 0.0501 0.0501 0.0501 0.0501 0.0501 0.0501 0.0501 0.0501 0.0501 0.0501 0.0501 0.0501 0.0501 0.0501 0.05 0.0497 0.0485 0.0459 0.0419 0.0369 0.0314 0.021 0.006 0.0016 0.00014 1.8e-05 7.3e-07 1e-08 0.0507 0.0507 0.0507 0.0507 0.0507 0.0507 0.0507 0.0507 0.0507 0.0507 0.0507 0.0507 0.0507 0.0507 0.0507 0.0507 0.0507 0.0506 0.0503 0.049 0.0463 0.0421 0.0369 0.0313 0.021 0.0057 0.0015 0.00013 1.5e-05 5.7e-07 6.4e-09 0.274 0.274 0.273 0.272 0.27 0.265 0.258 0.249 0.239 0.228 0.215 0.188 0.16 0.133 0.108 0.0857 0.0673 0.0418 0.0256 0.0228 0.0195 0.0125 0.00655 0.00333 0.0019 0.0012 0.00028 5.3e-05 4.6e-05 1.6e-05 2e-06 0.176 0.176 0.176 0.176 0.176 0.176 0.176 0.176 0.175 0.175 0.173 0.17 0.164 0.155 0.145 0.133 0.119 0.0909 0.0532 0.0183 0.00944 0.00882 0.00826 0.00662 0.003 0.00046 0.00041 0.00016 4.8e-05 5.5e-06 2.6e-07 0.182 0.182 0.182 0.182 0.182 0.182 0.182 0.182 0.181 0.18 0.179 0.174 0.168 0.158 0.146 0.133 0.118 0.088 0.0496 0.0166 0.00947 0.00915 0.00825 0.00631 0.0026 0.00047 0.00043 0.00015 3.9e-05 3.7e-06 1.2e-07 0.151 0.151 0.151 0.151 0.151 0.151 0.151 0.151 0.151 0.151 0.151 0.15 0.148 0.145 0.14 0.133 0.125 0.106 0.0742 0.0329 0.0124 0.00507 0.0033 0.0031 0.0029 0.0011 0.0003 2.6e-05 3.3e-06 1.3e-07 1.9e-09 0.153 0.153 0.153 0.153 0.153 0.153 0.153 0.153 0.153 0.153 0.152 0.151 0.149 0.146 0.141 0.134 0.126 0.106 0.0733 0.0319 0.0118 0.00488 0.00328 0.00312 0.0029 0.001 0.00028 2.4e-05 2.9e-06 1e-07 1.2e-09 0.797 0.791 0.774 0.747 0.71 0.615 0.505 0.394 0.294 0.211 0.148 0.0738 0.047 0.0415 0.0412 0.0396 0.0354 0.0233 0.00911 0.00319 0.003 0.00216 0.00117 0.000565 0.00024 0.00016 3.9e-05 6.8e-06 5.9e-06 2.1e-06 2.6e-07 0.562 0.562 0.561 0.56 0.558 0.543 0.513 0.466 0.406 0.339 0.273 0.16 0.0855 0.0436 0.0237 0.016 0.0138 0.0135 0.0106 0.00376 0.0012 0.000843 0.000824 0.000701 0.00033 4.5e-05 4e-05 1.6e-05 4.8e-06 5.4e-07 2.5e-08 0.592 0.592 0.591 0.59 0.586 0.568 0.531 0.475 0.405 0.331 0.26 0.145 0.0737 0.0366 0.0204 0.0148 0.0136 0.0133 0.00972 0.00312 0.00104 0.000836 0.0008 0.000645 0.00028 4.4e-05 4e-05 1.4e-05 3.6e-06 3.5e-07 1.2e-08
Z 55 18 2.0 2.0 2.0 4.0 2.0 2.0 4.0 4.0 6.0 2.0 2.0 4.0 4.0 6.0 2.0 2.0 4.0 1.0 35985.0 5684.9 5363.2 5006.1 1196.4 1059.5 990.6800000000001 747.7 732.98 231.85999999999999 181.97 167.76000000000002 85.61 83.24 30.970000000000002 18.27 16.43 3.69 0.0146 0.0146 0.0146 0.0146 0.0146 0.0146 0.0146 0.0146 0.0146 0.0146 0.0146 0.0146 0.0146 0.0146 0.0146 0.0146 0.0146 0.0145 0.0145 0.0144 0.0143 0.0141 0.014 0.0138 0.013 0.012 0.01 0.007 0.0045 0.0017 0.00029 0.0523 0.0523 0.0523 0.0523 0.0523 0.0522 0.0522 0.0522 0.0521 0.052 0.0519 0.0517 0.0515 0.0512 0.0508 0.0504 0.05 0.049 0.0473 0.0438 0.0397 0.0352 0.0307 0.0262 0.018 0.0058 0.0019 0.0013 0.001 0.00036 4.9e-05 0.0259 0.0259 0.0259 0.0259 0.0259 0.0259 0.0259 0.0259 0.0259 0.0259 0.0259 0.0259 0.0259 0.0259 0.0259 0.0259 0.0259 0.0259 0.0259 0.0258 0.0256 0.0253 0.0248 0.0241 0.022 0.016 0.01 0.0031 0.00097 0.00012 6.4e-06 0.0273 0.0273 0.0273 0.0273 0.0273 0.0273 0.0273 0.0273 0.0273 0.0273 0.0273 0.0273 0.0273 0.0273 0.0273 0.0273 0.0273 0.0273 0.0273 0.0271 0.0269 0.0265 0.0259 0.0251 0.023 0.016 0.0094 0.0027 0.00075 7.9e-05 2.9e-06 0.12 0.12 0.12 0.12 0.119 0.119 0.118 0.118 0.117 0.116 0.115 0.112 0.109 0.105 0.101 0.0961 0.0913 0.0811 0.0655 0.0421 0.025 0.0149 0.0102 0.00868 0.0084 0.0044 0.0011 0.00025 0.00022 8.2e-05 1e-05 0.071 0.071 0.071 0.071 0.071 0.071 0.071 0.071 0.071 0.071 0.0709 0.0709 0.0708 0.0707 0.0705 0.0702 0.0698 0.0687 0.066 0.0586 0.0485 0.0373 0.0268 0.0182 0.0076 0.0024 0.0022 0.00086 0.00026 3.1e-05 1.5e-06 0.0735 0.0735 0.0735 0.0735 0.0735 0.0735 0.0735 0.0735 0.0735 0.0735 0.0735 0.0734 0.0733 0.0732 0.0729 0.0726 0.0721 0.0708 0.0677 0.0593 0.0481 0.0361 0.0252 0.0167 0.0067 0.0026 0.0022 0.00077 0.00021 2.1e-05 7.1e-07 0.0488 0.0488 0.0488 0.0488 0.0488 0.0488 0.0488 0.0488 0.0488 0.0488 0.0488 0.0488 0.0488 0.0488 0.0488 0.0488 0.0488 0.0487 0.0485 0.0474 0.0452 0.0416 0.0369 0.0317 0.022 0.0064 0.0018 0.00016 2.1e-05 8.6e-07 1.2e-08 0.0494 0.0494 0.0494 0.0494 0.0494 0.0494 0.0494 0.0494 0.0494 0.0494 0.0494 0.0494 0.0494 0.0494 0.0494 0.0494 0.0493 0.0493 0.049 0.0479 0.0455 0.0418 0.037 0.0316 0.021 0.0062 0.0017 0.00014 1.8e-05 6.8e-07 7.7e-09 0.264 0.264 0.263 0.262 0.26 0.256 0.249 0.242 0.232 0.222 0.211 0.186 0.16 0.134 0.11 0.0887 0.0705 0.0443 0.0264 0.0225 0.0201 0.0135 0.00738 0.00378 0.0019 0.0013 0.00033 5.4e-05 4.8e-05 1.8e-05 2.3e-06 0.17 0.17 0.17 0.17 0.17 0.17 0.169 0.169 0.169 0.168 0.167 0.164 0.159 0.152 0.143 0.132 0.12 0.0934 0.0569 0.0204 0.00982 0.00877 0.00842 0.00701 0.0034 0.00048 0.00042 0.00018 5.5e-05 6.4e-06 3.1e-07 0.176 0.176 0.176 0.176 0.176 0.175 0.175 0.175 0.175 0.174 0.173 0.169 0.163 0.155 0.145 0.132 0.119 0.0908 0.0533 0.0184 0.00971 0.00914 0.0085 0.00674 0.003 0.00049 0.00044 0.00016 4.4e-05 4.3e-06 1.5e-07 0.144 0.144 0.144 0.144 0.144 0.144 0.144 0.144 0.144 0.144 0.143 0.143 0.141 0.139 0.135 0.13 0.123 0.107 0.0778 0.0368 0.0146 0.00591 0.00351 0.00315 0.003 0.0012 0.00035 3.2e-05 4.1e-06 1.7e-07 2.4e-09 0.145 0.145 0.145 0.145 0.145 0.145 0.145 0.145 0.145 0.145 0.145 0.144 0.143 0.14 0.136 0.131 0.124 0.107 0.077 0.0358 0.0139 0.00566 0.00348 0.00318 0.003 0.0012 0.00033 2.9e-05 3.5e-06 1.3e-07 1.5e-09 0.72 0.715 0.702 0.682 0.654 0.58 0.492 0.399 0.311 0.234 0.171 0.0896 0.0541 0.0439 0.0428 0.0422 0.0393 0.028 0.0119 0.00366 0.00336 0.00259 0.00149 0.000734 0.00028 0.00019 5e-05 7.6e-06 6.8e-06 2.5e-06 3.2e-07 0.498 0.498 0.498 0.497 0.496 0.488 0.47 0.439 0.398 0.348 0.295 0.192 0.113 0.0615 0.0337 0.0209 0.0162 0.0151 0.0129 0.00522 0.00163 0.000999 0.000976 0.000867 0.00045 5.6e-05 4.8e-05 2.1e-05 6.3e-06 7.4e-07 3.5e-08 0.522 0.522 0.522 0.521 0.519 0.509 0.487 0.451 0.402 0.346 0.287 0.179 0.101 0.0531 0.029 0.0189 0.0158 0.0153 0.0123 0.00443 0.0014 0.000995 0.000971 0.000819 0.00038 5.4e-05 4.9e-05 1.8e-05 4.9e-06 4.8e-07 1.6e-08 2.74 2.55 2.05 1.44 0.891 0.254 0.0867 0.071 0.0681 0.0561 0.0407 0.0172 0.00666 0.00322 0.00248 0.00243 0.00237 0.00181 0.000793 0.000206 0.000181 0.000143 8.29e-05 4.08e-05 1.5e-05 1e-05 2.7e-06 4.1e-07 3.6e-07 1.3e-07 1.7e-08
Z 56 18 2.0 2.0 2.0 4.0 2.0 2.0 4.0 4.0 6.0 2.0 2.0 4.0 4.0 6.0 2.0 2.0 4.0 2.0 37449.0 5960.799999999999 5630.3 5243.4 1273.4 1132.2 1057.0 806.64 790.49 256.35 204.21 188.35 102.16 99.46 38.38999999999999 24.3 22.0 4.64 0.0143 0.0143 0.0143 0.0143 0.0143 0.0143 0.0143 0.0143 0.0143 0.0143 0.0143 0.0143 0.0143 0.0143 0.0143 0.0143 0.0143 0.0142 0.0142 0.0141 0.014 0.0139 0.0137 0.0135 0.013 0.012 0.01 0.007 0.0045 0.0018 0.00031 0.0512 0.0512 0.0512 0.0512 0.0512 0.0511 0.0511 0.051 0.051 0.0509 0.0508 0.0506 0.0504 0.0501 0.0498 0.0494 0.049 0.0481 0.0465 0.0432 0.0393 0.035 0.0307 0.0264 0.019 0.0061 0.002 0.0012 0.001 0.00038 5.3e-05 0.0254 0.0254 0.0254 0.0254 0.0254 0.0254 0.0254 0.0254 0.0254 0.0254 0.0254 0.0254 0.0254 0.0254 0.0254 0.0254 0.0254 0.0254 0.0253 0.0252 0.0251 0.0248 0.0243 0.0237 0.022 0.016 0.01 0.0033 0.001 0.00014 7.3e-06 0.0268 0.0268 0.0268 0.0268 0.0268 0.0268 0.0268 0.0268 0.0268 0.0268 0.0268 0.0268 0.0268 0.0268 0.0268 0.0268 0.0268 0.0268 0.0267 0.0266 0.0264 0.026 0.0255 0.0248 0.023 0.016 0.0097 0.0029 0.00081 8.8e-05 3.3e-06 0.117 0.117 0.117 0.117 0.116 0.116 0.116 0.115 0.114 0.113 0.112 0.109 0.106 0.103 0.0989 0.0947 0.0902 0.0806 0.0657 0.043 0.026 0.0156 0.0105 0.00866 0.0083 0.0047 0.0013 0.00025 0.00023 8.7e-05 1.1e-05 0.0692 0.0692 0.0692 0.0692 0.0692 0.0692 0.0692 0.0692 0.0692 0.0692 0.0692 0.0691 0.069 0.0689 0.0687 0.0685 0.0681 0.0671 0.0647 0.058 0.0486 0.038 0.0278 0.0192 0.0083 0.0024 0.0022 0.00091 0.00029 3.5e-05 1.7e-06 0.0718 0.0718 0.0718 0.0718 0.0718 0.0718 0.0718 0.0718 0.0718 0.0717 0.0717 0.0717 0.0716 0.0714 0.0712 0.0709 0.0705 0.0693 0.0665 0.0588 0.0483 0.0368 0.0262 0.0176 0.0073 0.0025 0.0023 0.00082 0.00023 2.3e-05 8.1e-07 0.0475 0.0475 0.0475 0.0475 0.0475 0.0475 0.0475 0.0475 0.0475 0.0475 0.0475 0.0475 0.0475 0.0475 0.0475 0.0475 0.0475 0.0474 0.0472 0.0463 0.0444 0.0411 0.0369 0.032 0.022 0.0069 0.0019 0.00018 2.4e-05 1e-06 1.5e-08 0.0481 0.0481 0.0481 0.0481 0.0481 0.0481 0.0481 0.0481 0.0481 0.0481 0.0481 0.0481 0.0481 0.0481 0.0481 0.0481 0.0481 0.048 0.0478 0.0469 0.0448 0.0414 0.037 0.0319 0.022 0.0067 0.0018 0.00016 2.1e-05 8e-07 9.2e-09 0.255 0.254 0.254 0.253 0.251 0.247 0.241 0.234 0.226 0.217 0.206 0.183 0.159 0.135 0.112 0.0913 0.0734 0.0468 0.0273 0.0222 0.0204 0.0145 0.00825 0.00429 0.0019 0.0013 0.00038 5.5e-05 4.9e-05 1.9e-05 2.5e-06 0.163 0.163 0.163 0.163 0.163 0.163 0.163 0.163 0.163 0.162 0.161 0.159 0.154 0.148 0.14 0.13 0.12 0.0953 0.0603 0.0227 0.0103 0.00872 0.00852 0.00734 0.0038 0.00051 0.00043 0.0002 6.2e-05 7.4e-06 3.6e-07 0.169 0.169 0.169 0.169 0.169 0.169 0.169 0.169 0.168 0.168 0.167 0.164 0.159 0.151 0.142 0.131 0.119 0.0931 0.0567 0.0204 0.0101 0.0091 0.00868 0.00714 0.0033 0.00051 0.00046 0.00018 5e-05 5e-06 1.7e-07 0.137 0.137 0.137 0.137 0.137 0.137 0.137 0.137 0.137 0.137 0.137 0.136 0.135 0.134 0.131 0.126 0.121 0.107 0.0807 0.0406 0.0169 0.0069 0.0038 0.00321 0.0031 0.0013 0.0004 3.8e-05 5e-06 2.1e-07 3e-09 0.139 0.139 0.139 0.139 0.139 0.139 0.139 0.139 0.139 0.139 0.139 0.138 0.137 0.135 0.132 0.128 0.122 0.107 0.08 0.0396 0.0162 0.00659 0.00373 0.00323 0.0031 0.0013 0.00038 3.4e-05 4.3e-06 1.6e-07 1.9e-09 0.657 0.653 0.643 0.627 0.605 0.547 0.475 0.397 0.32 0.25 0.19 0.105 0.0624 0.0469 0.0439 0.0437 0.0421 0.0325 0.0152 0.00424 0.00366 0.00302 0.00184 0.000939 0.00032 0.00022 6.3e-05 8.5e-06 7.7e-06 3e-06 3.9e-07 0.452 0.452 0.452 0.452 0.451 0.446 0.433 0.413 0.383 0.345 0.302 0.213 0.136 0.0797 0.0453 0.0272 0.0193 0.0163 0.0149 0.00685 0.00219 0.00116 0.0011 0.00102 0.00057 6.9e-05 5.5e-05 2.6e-05 8.1e-06 9.7e-07 4.8e-08 0.473 0.473 0.473 0.472 0.471 0.464 0.45 0.425 0.39 0.347 0.299 0.203 0.124 0.0703 0.0392 0.0241 0.0183 0.0166 0.0145 0.00592 0.00185 0.00114 0.00112 0.000984 0.00049 6.5e-05 5.7e-05 2.3e-05 6.4e-06 6.3e-07 2.2e-08 2.23 2.12 1.82 1.42 1.01 0.401 0.144 0.0824 0.0774 0.0745 0.064 0.0356 0.0159 0.00702 0.0042 0.00369 0.00367 0.00312 0.00154 0.000367 0.000288 0.000244 0.000151 7.7e-05 2.6e-05 1.7e-05 5e-06 6.6e-07 6e-07 2.3e-07 3.1e-08
Z 57 19 2.0 2.0 2.0 4.0 2.0 2.0 4.0 4.0 6.0 2.0 2.0 4.0 4.0 6.0 2.0 2.0 4.0 1.0 2.0 38943.0 6241.799999999999 5902.5 5483.799999999999 1350.4 1204.8 1122.6999999999998 864.96 847.28 279.13 224.73 207.07000000000002 116.83 113.75999999999999 43.65 28.330000000000002 25.59 5.58 5.34 0.014 0.014 0.014 0.014 0.014 0.014 0.014 0.014 0.014 0.014 0.014 0.014 0.014 0.014 0.014 0.014 0.014 0.014 0.0139 0.0138 0.0137 0.0136 0.0134 0.0133 0.013 0.012 0.01 0.0071 0.0044 0.0018 0.00033 0.0501 0.0501 0.0501 0.0501 0.0501 0.05 0.05 0.05 0.0499 0.0498 0.0498 0.0496 0.0493 0.0491 0.0488 0.0484 0.0481 0.0472 0.0457 0.0425 0.0389 0.0348 0.0307 0.0265 0.019 0.0064 0.0021 0.0012 0.001 0.0004 5.8e-05 0.0248 0.0248 0.0248 0.0248 0.0248 0.0248 0.0248 0.0248 0.0248 0.0248 0.0248 0.0248 0.0248 0.0248 0.0248 0.0248 0.0248 0.0248 0.0248 0.0247 0.0245 0.0243 0.0239 0.0233 0.022 0.016 0.01 0.0035 0.0011 0.00015 8.2e-06 0.0263 0.0263 0.0263 0.0263 0.0263 0.0263 0.0263 0.0263 0.0263 0.0263 0.0263 0.0263 0.0263 0.0263 0.0263 0.0262 0.0262 0.0262 0.0262 0.0261 0.0259 0.0256 0.0251 0.0244 0.023 0.016 0.0099 0.003 0.00088 9.7e-05 3.7e-06 0.114 0.114 0.114 0.114 0.114 0.113 0.113 0.112 0.111 0.111 0.109 0.107 0.104 0.101 0.0972 0.0933 0.089 0.08 0.0658 0.0438 0.027 0.0163 0.0108 0.00868 0.0081 0.0049 0.0014 0.00025 0.00023 9.2e-05 1.3e-05 0.0675 0.0675 0.0675 0.0675 0.0675 0.0675 0.0675 0.0675 0.0675 0.0674 0.0674 0.0674 0.0673 0.0672 0.0671 0.0668 0.0665 0.0656 0.0634 0.0573 0.0486 0.0385 0.0287 0.0202 0.0089 0.0023 0.0022 0.00097 0.00031 3.9e-05 2e-06 0.0701 0.0701 0.0701 0.0701 0.0701 0.0701 0.0701 0.0701 0.0701 0.0701 0.07 0.07 0.0699 0.0698 0.0696 0.0693 0.0689 0.0679 0.0653 0.0583 0.0485 0.0375 0.0272 0.0186 0.0078 0.0025 0.0023 0.00087 0.00025 2.6e-05 9.2e-07 0.0463 0.0463 0.0463 0.0463 0.0463 0.0463 0.0463 0.0463 0.0463 0.0463 0.0463 0.0463 0.0463 0.0463 0.0463 0.0463 0.0463 0.0463 0.0461 0.0453 0.0436 0.0407 0.0368 0.0322 0.023 0.0074 0.0021 0.00021 2.8e-05 1.2e-06 1.8e-08 0.0469 0.0469 0.0469 0.0469 0.0469 0.0469 0.0469 0.0469 0.0469 0.0469 0.0469 0.0469 0.0469 0.0469 0.0469 0.0469 0.0469 0.0468 0.0467 0.0458 0.044 0.041 0.0369 0.0322 0.023 0.0071 0.002 0.00019 2.4e-05 9.4e-07 1.1e-08 0.246 0.246 0.245 0.244 0.243 0.239 0.234 0.227 0.22 0.211 0.202 0.181 0.158 0.135 0.114 0.0936 0.0761 0.0493 0.0283 0.0219 0.0207 0.0153 0.00913 0.00485 0.002 0.0014 0.00043 5.6e-05 5.1e-05 2.1e-05 2.8e-06 0.158 0.158 0.158 0.158 0.158 0.158 0.157 0.157 0.157 0.156 0.156 0.154 0.15 0.144 0.137 0.129 0.119 0.0969 0.0634 0.0251 0.011 0.00868 0.00856 0.00762 0.0042 0.00055 0.00044 0.00021 6.9e-05 8.5e-06 4.3e-07 0.163 0.163 0.163 0.163 0.163 0.163 0.163 0.163 0.163 0.162 0.161 0.158 0.154 0.148 0.14 0.13 0.119 0.095 0.06 0.0225 0.0105 0.00906 0.0088 0.00749 0.0037 0.00053 0.00047 0.00019 5.6e-05 5.7e-06 2e-07 0.131 0.131 0.131 0.131 0.131 0.131 0.131 0.131 0.131 0.131 0.131 0.131 0.13 0.128 0.126 0.123 0.118 0.106 0.0829 0.0443 0.0195 0.00806 0.00417 0.00328 0.0032 0.0015 0.00046 4.5e-05 6.1e-06 2.5e-07 3.7e-09 0.133 0.133 0.133 0.133 0.133 0.133 0.133 0.133 0.133 0.133 0.133 0.132 0.131 0.13 0.127 0.124 0.119 0.107 0.0824 0.0432 0.0186 0.00767 0.00406 0.0033 0.0032 0.0014 0.00044 4.1e-05 5.2e-06 2e-07 2.3e-09 0.616 0.613 0.604 0.591 0.572 0.522 0.46 0.392 0.323 0.258 0.201 0.116 0.0694 0.0496 0.0442 0.0437 0.043 0.0355 0.0183 0.00489 0.00385 0.00336 0.00217 0.00115 0.00037 0.00025 7.7e-05 9.3e-06 8.4e-06 3.4e-06 4.6e-07 0.424 0.424 0.424 0.424 0.423 0.419 0.41 0.393 0.369 0.338 0.302 0.223 0.15 0.0933 0.0553 0.0333 0.0223 0.0167 0.0159 0.00829 0.00277 0.0013 0.00118 0.00112 0.00067 8.2e-05 6e-05 3e-05 9.7e-06 1.2e-06 6e-08 0.44 0.44 0.44 0.44 0.439 0.434 0.423 0.404 0.377 0.342 0.302 0.217 0.141 0.0846 0.049 0.0296 0.0208 0.0172 0.0159 0.00737 0.00235 0.00127 0.00122 0.00111 0.0006 7.6e-05 6.4e-05 2.7e-05 7.8e-06 7.9e-07 2.8e-08 0.509 0.509 0.509 0.509 0.509 0.504 0.488 0.457 0.412 0.358 0.301 0.198 0.121 0.0695 0.0386 0.021 0.0118 0.0054 0.00455 0.00352 0.00175 0.000712 0.000313 0.000205 0.00019 9.6e-05 3e-05 2.9e-06 3.9e-07 1.6e-08 2.4e-10 2.07 1.98 1.73 1.39 1.03 0.457 0.175 0.088 0.0748 0.074 0.0679 0.0434 0.0217 0.00993 0.0053 0.00407 0.00394 0.00362 0.00202 0.000478 0.000324 0.000291 0.000192 0.000102 3.2e-05 2.1e-05 6.6e-06 7.8e-07 7e-07 2.9e-07 3.9e-08
Z 58 20 2.0 2.0 2.0 4.0 2.0 2.0 4.0 4.0 6.0 2.0 2.0 4.0 4.0 6.0 1.0 2.0 2.0 4.0 1.0 2.0 40456.0 6513.299999999999 6165.3 5712.799999999999 1409.8999999999999 1259.9 1170.5 905.49 886.14 285.01 228.58 209.35 115.79 112.44 6.85 6.510000000000001 41.75 26.35 23.59 4.81 0.0137 0.0137 0.0137 0.0137 0.0137 0.0137 0.0137 0.0137 0.0137 0.0137 0.0137 0.0137 0.0137 0.0137 0.0137 0.0137 0.0137 0.0137 0.0136 0.0136 0.0135 0.0133 0.0132 0.013 0.013 0.011 0.01 0.0071 0.0047 0.0019 0.00035 0.049 0.049 0.049 0.049 0.049 0.049 0.049 0.0489 0.0489 0.0488 0.0487 0.0486 0.0483 0.0481 0.0478 0.0475 0.0471 0.0463 0.0449 0.0419 0.0384 0.0346 0.0306 0.0266 0.019 0.0068 0.0022 0.0012 0.001 0.00042 6.2e-05 0.0243 0.0243 0.0243 0.0243 0.0243 0.0243 0.0243 0.0243 0.0243 0.0243 0.0243 0.0243 0.0243 0.0243 0.0243 0.0243 0.0243 0.0243 0.0242 0.0242 0.024 0.0238 0.0234 0.0229 0.022 0.016 0.011 0.0037 0.0012 0.00017 9.4e-06 0.0257 0.0257 0.0257 0.0257 0.0257 0.0257 0.0257 0.0257 0.0257 0.0257 0.0257 0.0257 0.0257 0.0257 0.0257 0.0257 0.0257 0.0257 0.0257 0.0256 0.0254 0.0251 0.0247 0.024 0.022 0.016 0.01 0.0032 0.00095 0.00011 4.2e-06 0.111 0.111 0.111 0.111 0.111 0.111 0.11 0.11 0.109 0.108 0.107 0.105 0.102 0.099 0.0956 0.0919 0.0879 0.0793 0.0659 0.0446 0.0279 0.0171 0.0112 0.00874 0.008 0.0052 0.0016 0.00025 0.00023 9.7e-05 1.4e-05 0.0658 0.0658 0.0658 0.0658 0.0658 0.0658 0.0658 0.0658 0.0658 0.0658 0.0658 0.0658 0.0657 0.0656 0.0655 0.0653 0.065 0.0642 0.0622 0.0566 0.0485 0.039 0.0296 0.0212 0.0097 0.0024 0.0022 0.001 0.00034 4.4e-05 2.3e-06 0.0684 0.0684 0.0684 0.0684 0.0684 0.0684 0.0684 0.0684 0.0684 0.0684 0.0684 0.0684 0.0683 0.0682 0.068 0.0678 0.0674 0.0665 0.0641 0.0577 0.0485 0.0381 0.0281 0.0195 0.0085 0.0025 0.0023 0.00093 0.00027 2.9e-05 1e-06 0.0452 0.0452 0.0452 0.0452 0.0452 0.0452 0.0452 0.0452 0.0452 0.0452 0.0452 0.0452 0.0452 0.0452 0.0452 0.0452 0.0452 0.0451 0.045 0.0443 0.0428 0.0402 0.0366 0.0323 0.023 0.0079 0.0023 0.00024 3.3e-05 1.4e-06 2.1e-08 0.0458 0.0458 0.0458 0.0458 0.0458 0.0458 0.0458 0.0458 0.0458 0.0458 0.0458 0.0458 0.0458 0.0458 0.0458 0.0458 0.0457 0.0457 0.0455 0.0448 0.0432 0.0405 0.0367 0.0323 0.023 0.0076 0.0022 0.00021 2.8e-05 1.1e-06 1.3e-08 0.239 0.239 0.238 0.238 0.236 0.233 0.228 0.222 0.215 0.207 0.198 0.179 0.157 0.136 0.115 0.0954 0.0782 0.0513 0.0293 0.0215 0.0206 0.0159 0.0099 0.0054 0.0021 0.0015 0.00049 5.7e-05 5.1e-05 2.2e-05 3.1e-06 0.153 0.153 0.153 0.153 0.153 0.153 0.153 0.153 0.153 0.152 0.152 0.15 0.146 0.142 0.135 0.127 0.118 0.0978 0.0658 0.0271 0.0116 0.0086 0.00846 0.00776 0.0045 0.00059 0.00043 0.00023 7.6e-05 9.7e-06 5e-07 0.159 0.159 0.159 0.159 0.159 0.159 0.159 0.159 0.158 0.158 0.157 0.155 0.151 0.145 0.138 0.129 0.119 0.0962 0.0624 0.0244 0.0109 0.00892 0.00877 0.00769 0.0041 0.00056 0.00047 0.00021 6.2e-05 6.4e-06 2.3e-07 0.127 0.127 0.127 0.127 0.127 0.127 0.127 0.127 0.127 0.127 0.127 0.127 0.126 0.125 0.123 0.12 0.116 0.105 0.0839 0.0468 0.0215 0.00909 0.00451 0.00332 0.0032 0.0016 0.00052 5.2e-05 7.2e-06 3.1e-07 4.5e-09 0.129 0.129 0.129 0.129 0.129 0.129 0.129 0.129 0.129 0.129 0.129 0.128 0.128 0.126 0.124 0.121 0.117 0.106 0.0835 0.0458 0.0206 0.00865 0.00437 0.00332 0.0032 0.0016 0.00049 4.7e-05 6.1e-06 2.4e-07 2.8e-09 0.142 0.142 0.142 0.142 0.142 0.142 0.142 0.142 0.142 0.142 0.142 0.14 0.138 0.134 0.128 0.121 0.114 0.0978 0.0743 0.0438 0.0247 0.0138 0.0077 0.00434 0.0014 0.00012 1.4e-05 4.7e-07 3.1e-08 5.1e-10 3.5e-12 0.602 0.599 0.591 0.579 0.561 0.515 0.456 0.391 0.325 0.262 0.206 0.121 0.0722 0.0501 0.0433 0.0424 0.0421 0.036 0.0196 0.00522 0.00375 0.00341 0.00233 0.00129 0.00039 0.00026 8.7e-05 9.4e-06 8.5e-06 3.7e-06 5.1e-07 0.414 0.414 0.414 0.413 0.413 0.409 0.401 0.386 0.364 0.336 0.302 0.227 0.156 0.0993 0.06 0.0362 0.0237 0.0164 0.0157 0.0089 0.00313 0.00136 0.00115 0.00112 0.00072 9e-05 6e-05 3.2e-05 1.1e-05 1.4e-06 6.9e-08 0.431 0.431 0.431 0.431 0.43 0.426 0.416 0.398 0.373 0.34 0.302 0.221 0.146 0.0897 0.0526 0.0316 0.0215 0.0166 0.0157 0.0079 0.0026 0.00128 0.00119 0.00112 0.00064 8e-05 6.3e-05 2.9e-05 8.5e-06 8.9e-07 3.1e-08 0.498 0.498 0.498 0.498 0.498 0.493 0.479 0.45 0.408 0.358 0.304 0.203 0.127 0.0747 0.0424 0.0236 0.0133 0.00564 0.00437 0.00358 0.0019 0.000807 0.00035 0.000212 0.00019 0.0001 3.3e-05 3.4e-06 4.6e-07 2e-08 2.9e-10 2.05 1.96 1.72 1.39 1.04 0.469 0.181 0.088 0.0721 0.0715 0.0666 0.0441 0.0228 0.0106 0.00547 0.00395 0.00373 0.00352 0.0021 0.000509 0.000308 0.000287 0.0002 0.000111 3.3e-05 2.1e-05 7.1e-06 7.7e-07 6.9e-07 3e-07 4.2e-08
Z 59 19 2.0 2.0 2.0 4.0 2.0 2.0 4.0 4.0 6.0 2.0 2.0 4.0 4.0 6.0 2.0 2.0 4.0 3.0 2.0 42010.0 6799.8 6442.9 5954.400000000001 1480.1000000000001 1325.7 1228.3999999999999 955.98 934.86 299.25 240.64 219.56 122.28 118.59 43.300000000000004 27.26 24.26 4.89 4.89 0.0135 0.0135 0.0135 0.0135 0.0135 0.0135 0.0135 0.0135 0.0135 0.0135 0.0135 0.0135 0.0134 0.0134 0.0134 0.0134 0.0134 0.0134 0.0134 0.0133 0.0132 0.0131 0.0129 0.0128 0.012 0.011 0.0099 0.0071 0.0047 0.002 0.00037 0.048 0.048 0.048 0.048 0.048 0.048 0.0479 0.0479 0.0479 0.0478 0.0477 0.0476 0.0474 0.0471 0.0469 0.0466 0.0462 0.0455 0.0441 0.0413 0.038 0.0344 0.0305 0.0267 0.019 0.0071 0.0024 0.0012 0.001 0.00044 6.7e-05 0.0238 0.0238 0.0238 0.0238 0.0238 0.0238 0.0238 0.0238 0.0238 0.0238 0.0238 0.0238 0.0238 0.0238 0.0238 0.0238 0.0238 0.0237 0.0237 0.0237 0.0235 0.0233 0.023 0.0225 0.021 0.016 0.011 0.0039 0.0013 0.00019 1.1e-05 0.0252 0.0252 0.0252 0.0252 0.0252 0.0252 0.0252 0.0252 0.0252 0.0252 0.0252 0.0252 0.0252 0.0252 0.0252 0.0252 0.0252 0.0252 0.0252 0.0251 0.0249 0.0247 0.0242 0.0237 0.022 0.016 0.01 0.0033 0.001 0.00012 4.7e-06 0.109 0.109 0.109 0.108 0.108 0.108 0.108 0.107 0.106 0.106 0.105 0.103 0.1 0.0972 0.094 0.0905 0.0867 0.0786 0.0658 0.0453 0.0288 0.0178 0.0116 0.00884 0.0078 0.0054 0.0017 0.00025 0.00023 0.0001 1.5e-05 0.0643 0.0643 0.0643 0.0643 0.0643 0.0643 0.0643 0.0643 0.0643 0.0642 0.0642 0.0642 0.0642 0.0641 0.0639 0.0638 0.0635 0.0628 0.061 0.0559 0.0484 0.0394 0.0303 0.0221 0.01 0.0024 0.0022 0.0011 0.00037 4.9e-05 2.6e-06 0.0669 0.0669 0.0669 0.0669 0.0669 0.0669 0.0669 0.0669 0.0669 0.0669 0.0669 0.0668 0.0668 0.0667 0.0665 0.0663 0.066 0.0651 0.063 0.0571 0.0485 0.0386 0.0289 0.0204 0.0091 0.0025 0.0023 0.00098 0.0003 3.2e-05 1.2e-06 0.0441 0.0441 0.0441 0.0441 0.0441 0.0441 0.0441 0.0441 0.0441 0.0441 0.0441 0.0441 0.0441 0.0441 0.0441 0.0441 0.0441 0.0441 0.0439 0.0434 0.042 0.0396 0.0364 0.0324 0.024 0.0084 0.0026 0.00027 3.8e-05 1.7e-06 2.5e-08 0.0447 0.0447 0.0447 0.0447 0.0447 0.0447 0.0447 0.0447 0.0447 0.0447 0.0447 0.0447 0.0447 0.0447 0.0447 0.0447 0.0446 0.0446 0.0445 0.0439 0.0424 0.04 0.0366 0.0324 0.024 0.0081 0.0024 0.00024 3.2e-05 1.3e-06 1.5e-08 0.234 0.234 0.233 0.233 0.232 0.228 0.224 0.218 0.211 0.204 0.195 0.177 0.157 0.136 0.116 0.0968 0.0799 0.0529 0.03 0.021 0.0204 0.0163 0.0106 0.00592 0.0022 0.0015 0.00054 5.9e-05 5.2e-05 2.3e-05 3.4e-06 0.15 0.15 0.15 0.15 0.15 0.15 0.15 0.15 0.149 0.149 0.148 0.147 0.144 0.139 0.133 0.126 0.118 0.0982 0.0675 0.0289 0.0122 0.00848 0.00828 0.00777 0.0048 0.00064 0.00043 0.00024 8.3e-05 1.1e-05 5.7e-07 0.156 0.156 0.156 0.156 0.156 0.156 0.156 0.155 0.155 0.155 0.154 0.152 0.148 0.143 0.136 0.128 0.119 0.0969 0.0642 0.0259 0.0113 0.00874 0.00862 0.00777 0.0044 0.00059 0.00047 0.00022 6.7e-05 7.2e-06 2.6e-07 0.125 0.125 0.125 0.125 0.125 0.125 0.125 0.125 0.125 0.125 0.125 0.124 0.124 0.123 0.121 0.118 0.115 0.104 0.0842 0.0484 0.023 0.00997 0.00482 0.00334 0.0031 0.0017 0.00056 5.9e-05 8.3e-06 3.6e-07 5.4e-09 0.126 0.126 0.126 0.126 0.126 0.126 0.126 0.126 0.126 0.126 0.126 0.126 0.125 0.124 0.122 0.119 0.115 0.105 0.084 0.0475 0.0222 0.00951 0.00465 0.00331 0.0031 0.0016 0.00053 5.3e-05 7.1e-06 2.8e-07 3.3e-09 0.149 0.149 0.149 0.149 0.149 0.149 0.148 0.148 0.148 0.148 0.147 0.145 0.14 0.135 0.128 0.12 0.112 0.0946 0.0712 0.0421 0.0241 0.0137 0.00778 0.00445 0.0015 0.00013 1.6e-05 5.4e-07 3.7e-08 6e-10 3.8e-12 0.609 0.607 0.599 0.586 0.568 0.52 0.461 0.395 0.327 0.264 0.207 0.121 0.0709 0.0483 0.0411 0.0401 0.0399 0.0345 0.0194 0.00517 0.00345 0.00322 0.00231 0.00133 0.0004 0.00025 9.1e-05 9.2e-06 8e-06 3.6e-06 5.3e-07 0.417 0.417 0.416 0.416 0.416 0.412 0.403 0.388 0.366 0.337 0.303 0.228 0.156 0.099 0.0596 0.0357 0.023 0.0153 0.0147 0.00874 0.00321 0.00133 0.00106 0.00104 0.00072 9.3e-05 5.5e-05 3.2e-05 1.1e-05 1.4e-06 7.5e-08 0.442 0.442 0.442 0.441 0.44 0.436 0.425 0.405 0.378 0.343 0.303 0.218 0.143 0.0865 0.0502 0.0297 0.0199 0.0151 0.0143 0.0075 0.00255 0.00118 0.00105 0.00101 0.00062 7.7e-05 5.7e-05 2.7e-05 8.4e-06 9e-07 3.2e-08 2.15 2.05 1.78 1.42 1.03 0.441 0.162 0.0799 0.0686 0.0677 0.0616 0.0387 0.0192 0.00873 0.0045 0.00328 0.00311 0.00293 0.00178 0.000442 0.000249 0.000237 0.000173 0.0001 3e-05 1.8e-05 6.6e-06 6.6e-07 5.7e-07 2.6e-07 3.8e-08
Z 60 19 2.0 2.0 2.0 4.0 2.0 2.0 4.0 4.0 6.0 2.0 2.0 4.0 4.0 6.0 2.0 2.0 4.0 4.0 2.0 43597.0 7093.3 6727.4 6200.7 1551.8000000000002 1392.8 1287.1 1007.3000000000001 984.3199999999999 313.58 252.76 229.72 128.68 124.62 44.8 28.119999999999997 24.88 24.88 4.96 0.0132 0.0132 0.0132 0.0132 0.0132 0.0132 0.0132 0.0132 0.0132 0.0132 0.0132 0.0132 0.0132 0.0132 0.0132 0.0132 0.0132 0.0131 0.0131 0.013 0.0129 0.0128 0.0127 0.0126 0.012 0.011 0.0098 0.0071 0.0048 0.002 0.00039 0.047 0.047 0.047 0.047 0.047 0.047 0.047 0.0469 0.0469 0.0468 0.0468 0.0466 0.0464 0.0462 0.046 0.0457 0.0454 0.0446 0.0434 0.0407 0.0376 0.0341 0.0304 0.0268 0.02 0.0075 0.0025 0.0012 0.001 0.00046 7.2e-05 0.0233 0.0233 0.0233 0.0233 0.0233 0.0233 0.0233 0.0233 0.0233 0.0233 0.0233 0.0233 0.0233 0.0233 0.0233 0.0233 0.0233 0.0232 0.0232 0.0232 0.023 0.0228 0.0225 0.0221 0.021 0.016 0.011 0.0041 0.0014 0.0002 1.2e-05 0.0248 0.0248 0.0248 0.0248 0.0248 0.0248 0.0248 0.0248 0.0248 0.0248 0.0248 0.0248 0.0248 0.0248 0.0248 0.0248 0.0248 0.0248 0.0247 0.0247 0.0245 0.0242 0.0239 0.0233 0.022 0.016 0.011 0.0035 0.0011 0.00013 5.2e-06 0.106 0.106 0.106 0.106 0.106 0.106 0.105 0.105 0.104 0.103 0.102 0.101 0.0982 0.0954 0.0924 0.0891 0.0856 0.0779 0.0657 0.0459 0.0297 0.0186 0.0121 0.00897 0.0077 0.0055 0.0019 0.00026 0.00023 0.00011 1.6e-05 0.0628 0.0628 0.0628 0.0628 0.0628 0.0628 0.0628 0.0628 0.0628 0.0628 0.0627 0.0627 0.0627 0.0626 0.0625 0.0623 0.0621 0.0614 0.0598 0.0552 0.0482 0.0398 0.031 0.0229 0.011 0.0024 0.0022 0.0011 0.0004 5.5e-05 3e-06 0.0654 0.0654 0.0654 0.0654 0.0654 0.0654 0.0654 0.0654 0.0654 0.0654 0.0654 0.0653 0.0653 0.0652 0.0651 0.0649 0.0646 0.0638 0.0619 0.0564 0.0484 0.039 0.0296 0.0213 0.0098 0.0025 0.0023 0.001 0.00032 3.6e-05 1.3e-06 0.0431 0.0431 0.0431 0.0431 0.0431 0.0431 0.0431 0.0431 0.0431 0.0431 0.0431 0.0431 0.0431 0.0431 0.0431 0.0431 0.0431 0.0431 0.0429 0.0424 0.0412 0.0391 0.0361 0.0324 0.024 0.0089 0.0028 0.0003 4.3e-05 2e-06 3e-08 0.0436 0.0436 0.0436 0.0436 0.0436 0.0436 0.0436 0.0436 0.0436 0.0436 0.0436 0.0436 0.0436 0.0436 0.0436 0.0436 0.0436 0.0436 0.0435 0.0429 0.0417 0.0394 0.0363 0.0325 0.024 0.0086 0.0026 0.00027 3.7e-05 1.5e-06 1.8e-08 0.228 0.228 0.228 0.227 0.226 0.223 0.219 0.213 0.207 0.2 0.192 0.175 0.156 0.136 0.116 0.0982 0.0816 0.0548 0.0311 0.0207 0.0202 0.0168 0.0112 0.00651 0.0023 0.0016 0.0006 6.1e-05 5.2e-05 2.5e-05 3.7e-06 0.146 0.146 0.146 0.146 0.146 0.146 0.146 0.146 0.146 0.145 0.145 0.143 0.14 0.136 0.131 0.125 0.117 0.0987 0.0693 0.0309 0.0131 0.0085 0.00814 0.0078 0.0051 0.00071 0.00042 0.00025 9e-05 1.2e-05 6.5e-07 0.152 0.152 0.152 0.152 0.152 0.152 0.152 0.152 0.151 0.151 0.15 0.148 0.145 0.141 0.134 0.127 0.118 0.0977 0.0662 0.0277 0.0119 0.00867 0.00852 0.00786 0.0047 0.00063 0.00047 0.00023 7.3e-05 8.1e-06 3e-07 0.121 0.121 0.121 0.121 0.121 0.121 0.121 0.121 0.121 0.121 0.121 0.121 0.12 0.119 0.118 0.116 0.112 0.103 0.0847 0.0505 0.0249 0.0111 0.00529 0.00344 0.0031 0.0018 0.00062 6.8e-05 9.7e-06 4.3e-07 6.4e-09 0.123 0.123 0.123 0.123 0.123 0.123 0.123 0.123 0.123 0.123 0.123 0.122 0.122 0.121 0.119 0.117 0.113 0.104 0.0847 0.0497 0.0241 0.0106 0.00507 0.00339 0.0031 0.0017 0.00058 6.1e-05 8.3e-06 3.3e-07 3.9e-09 0.141 0.141 0.141 0.141 0.141 0.141 0.141 0.141 0.141 0.14 0.14 0.138 0.135 0.13 0.124 0.118 0.11 0.0951 0.0733 0.0448 0.0264 0.0153 0.00889 0.00518 0.0018 0.00016 2.1e-05 7.1e-07 4.9e-08 8.2e-10 4.8e-12 0.597 0.595 0.587 0.575 0.558 0.513 0.457 0.393 0.329 0.267 0.211 0.125 0.0738 0.0491 0.0405 0.039 0.0389 0.0346 0.0205 0.00558 0.00337 0.00322 0.00242 0.00146 0.00044 0.00025 0.0001 9.5e-06 8e-06 3.8e-06 5.7e-07 0.407 0.407 0.407 0.407 0.406 0.403 0.395 0.382 0.361 0.334 0.303 0.231 0.161 0.104 0.0641 0.0387 0.0245 0.0152 0.0143 0.00919 0.00357 0.00143 0.00104 0.00103 0.00075 0.0001 5.5e-05 3.3e-05 1.2e-05 1.6e-06 8.6e-08 0.434 0.434 0.434 0.434 0.433 0.428 0.418 0.4 0.374 0.342 0.303 0.222 0.148 0.091 0.0535 0.0317 0.0206 0.0146 0.014 0.00788 0.00279 0.00121 0.00102 0.000996 0.00065 8.3e-05 5.6e-05 2.9e-05 9.1e-06 9.9e-07 3.7e-08 2.13 2.03 1.77 1.42 1.04 0.452 0.167 0.0799 0.0664 0.0657 0.0606 0.0394 0.0201 0.00929 0.00467 0.00321 0.00295 0.00284 0.00182 0.000474 0.000239 0.000229 0.000176 0.000107 3.2e-05 1.8e-05 7.1e-06 6.7e-07 5.6e-07 2.7e-07 4e-08
Z 61 19 2.0 2.0 2.0 4.0 2.0 2.0 4.0 4.0 6.0 2.0 2.0 4.0 4.0 6.0 2.0 2.0 4.0 5.0 2.0 45219.0 7394.099999999999 7019.2 6451.9 1625.1 1461.6 1346.9 1059.6 1034.6000000000001 328.07000000000005 265.01 239.87 135.05 130.59 46.27 28.96 25.46 5.03 5.03 0.0129 0.0129 0.0129 0.0129 0.0129 0.0129 0.0129 0.0129 0.0129 0.0129 0.0129 0.0129 0.0129 0.0129 0.0129 0.0129 0.0129 0.0129 0.0128 0.0128 0.0127 0.0126 0.0125 0.0123 0.012 0.011 0.0097 0.0071 0.0049 0.0021 0.00042 0.0461 0.0461 0.0461 0.0461 0.0461 0.046 0.046 0.046 0.0459 0.0459 0.0458 0.0457 0.0455 0.0453 0.0451 0.0448 0.0445 0.0438 0.0426 0.0401 0.0371 0.0338 0.0303 0.0268 0.02 0.0078 0.0027 0.0011 0.001 0.00048 7.8e-05 0.0228 0.0228 0.0228 0.0228 0.0228 0.0228 0.0228 0.0228 0.0228 0.0228 0.0228 0.0228 0.0228 0.0228 0.0228 0.0228 0.0228 0.0228 0.0227 0.0227 0.0226 0.0224 0.0221 0.0217 0.021 0.016 0.011 0.0043 0.0015 0.00022 1.3e-05 0.0243 0.0243 0.0243 0.0243 0.0243 0.0243 0.0243 0.0243 0.0243 0.0243 0.0243 0.0243 0.0243 0.0243 0.0243 0.0243 0.0243 0.0243 0.0243 0.0242 0.0241 0.0238 0.0235 0.023 0.022 0.016 0.011 0.0037 0.0012 0.00014 5.8e-06 0.104 0.104 0.104 0.104 0.104 0.103 0.103 0.102 0.102 0.101 0.1 0.0985 0.0963 0.0937 0.0909 0.0878 0.0844 0.0772 0.0655 0.0465 0.0306 0.0193 0.0125 0.00914 0.0076 0.0057 0.0021 0.00026 0.00023 0.00011 1.8e-05 0.0613 0.0613 0.0613 0.0613 0.0613 0.0613 0.0613 0.0613 0.0613 0.0613 0.0613 0.0613 0.0612 0.0612 0.0611 0.0609 0.0607 0.0601 0.0587 0.0544 0.048 0.04 0.0316 0.0238 0.012 0.0025 0.0021 0.0012 0.00043 6.1e-05 3.4e-06 0.064 0.064 0.064 0.064 0.064 0.064 0.064 0.064 0.064 0.064 0.064 0.0639 0.0639 0.0638 0.0637 0.0635 0.0632 0.0625 0.0608 0.0558 0.0483 0.0394 0.0303 0.0221 0.01 0.0025 0.0023 0.0011 0.00035 4e-05 1.5e-06 0.0421 0.0421 0.0421 0.0421 0.0421 0.0421 0.0421 0.0421 0.0421 0.0421 0.0421 0.0421 0.0421 0.0421 0.0421 0.0421 0.0421 0.0421 0.042 0.0415 0.0405 0.0386 0.0358 0.0324 0.025 0.0093 0.003 0.00034 4.9e-05 2.3e-06 3.5e-08 0.0426 0.0426 0.0426 0.0426 0.0426 0.0426 0.0426 0.0426 0.0426 0.0426 0.0426 0.0426 0.0426 0.0426 0.0426 0.0426 0.0426 0.0426 0.0425 0.042 0.0409 0.0389 0.0361 0.0325 0.024 0.0091 0.0029 0.0003 4.2e-05 1.8e-06 2.1e-08 0.223 0.223 0.222 0.221 0.22 0.218 0.214 0.209 0.203 0.196 0.189 0.172 0.154 0.136 0.117 0.0995 0.0833 0.0567 0.0322 0.0204 0.0199 0.0171 0.0119 0.0071 0.0024 0.0016 0.00066 6.4e-05 5.2e-05 2.6e-05 4e-06 0.142 0.142 0.142 0.142 0.142 0.142 0.142 0.142 0.142 0.142 0.141 0.14 0.137 0.134 0.129 0.123 0.116 0.0989 0.071 0.0329 0.014 0.00857 0.00799 0.00778 0.0054 0.00079 0.00042 0.00026 9.8e-05 1.4e-05 7.5e-07 0.148 0.148 0.148 0.148 0.148 0.148 0.148 0.148 0.148 0.147 0.147 0.145 0.142 0.138 0.132 0.125 0.117 0.0982 0.068 0.0296 0.0126 0.00863 0.00839 0.00791 0.005 0.00068 0.00047 0.00025 8e-05 9e-06 3.4e-07 0.118 0.118 0.118 0.118 0.118 0.118 0.118 0.118 0.118 0.118 0.118 0.118 0.117 0.117 0.115 0.113 0.11 0.102 0.0851 0.0524 0.0268 0.0123 0.00582 0.00358 0.003 0.0019 0.00068 7.8e-05 1.1e-05 5.1e-07 7.7e-09 0.119 0.119 0.119 0.119 0.119 0.119 0.119 0.119 0.119 0.119 0.119 0.119 0.119 0.118 0.116 0.114 0.111 0.103 0.0851 0.0516 0.026 0.0117 0.00556 0.0035 0.003 0.0018 0.00064 6.9e-05 9.6e-06 3.9e-07 4.7e-09 0.134 0.134 0.134 0.134 0.134 0.134 0.134 0.134 0.134 0.134 0.134 0.132 0.13 0.126 0.121 0.115 0.109 0.095 0.0747 0.047 0.0284 0.0169 0.00998 0.00592 0.0021 0.0002 2.6e-05 9.2e-07 6.4e-08 1.1e-09 6.1e-12 0.586 0.584 0.576 0.565 0.549 0.506 0.453 0.392 0.33 0.27 0.216 0.13 0.0767 0.0502 0.0402 0.0379 0.0378 0.0346 0.0215 0.00605 0.0033 0.00318 0.00251 0.00158 0.00048 0.00025 0.00011 1e-05 7.9e-06 4e-06 6.2e-07 0.399 0.399 0.399 0.399 0.398 0.395 0.388 0.375 0.357 0.332 0.302 0.233 0.166 0.11 0.0684 0.0417 0.0262 0.0152 0.014 0.00956 0.00394 0.00154 0.00103 0.00101 0.00078 0.00012 5.4e-05 3.5e-05 1.3e-05 1.8e-06 9.8e-08 0.427 0.427 0.427 0.427 0.426 0.422 0.412 0.396 0.371 0.34 0.304 0.225 0.152 0.0953 0.0567 0.0337 0.0215 0.0143 0.0137 0.0082 0.00305 0.00126 0.00099 0.000975 0.00068 8.9e-05 5.5e-05 3e-05 9.7e-06 1.1e-06 4.1e-08 2.11 2.01 1.76 1.41 1.05 0.462 0.173 0.0802 0.0644 0.0637 0.0596 0.0399 0.021 0.00986 0.00488 0.00318 0.00282 0.00273 0.00186 0.000508 0.000231 0.000221 0.000178 0.000113 3.4e-05 1.7e-05 7.5e-06 6.9e-07 5.4e-07 2.8e-07 4.2e-08
Z 62 19 2.0 2.0 2.0 4.0 2.0 2.0 4.0 4.0 6.0 2.0 2.0 4.0 4.0 6.0 2.0 2.0 4.0 6.0 2.0 46876.0 7702.299999999999 7318.200000000001 6707.900000000001 1700.1 1531.9 1407.7 1112.9 1085.8 342.77 277.43 250.05999999999997 141.4 136.52 47.74 29.790000000000003 26.020000000000003 5.090000000000001 5.090000000000001 0.0127 0.0127 0.0127 0.0127 0.0127 0.0127 0.0127 0.0127 0.0127 0.0127 0.0127 0.0127 0.0127 0.0127 0.0127 0.0127 0.0126 0.0126 0.0126 0.0125 0.0125 0.0124 0.0122 0.0121 0.012 0.011 0.0097 0.0071 0.0049 0.0021 0.00044 0.0452 0.0452 0.0452 0.0452 0.0452 0.0451 0.0451 0.0451 0.045 0.045 0.0449 0.0448 0.0446 0.0444 0.0442 0.044 0.0437 0.043 0.0419 0.0395 0.0367 0.0336 0.0302 0.0268 0.02 0.0081 0.0028 0.0011 0.001 0.0005 8.4e-05 0.0223 0.0223 0.0223 0.0223 0.0223 0.0223 0.0223 0.0223 0.0223 0.0223 0.0223 0.0223 0.0223 0.0223 0.0223 0.0223 0.0223 0.0223 0.0223 0.0222 0.0221 0.022 0.0217 0.0214 0.02 0.016 0.011 0.0045 0.0016 0.00025 1.5e-05 0.0239 0.0239 0.0239 0.0239 0.0239 0.0239 0.0239 0.0239 0.0239 0.0239 0.0239 0.0239 0.0239 0.0239 0.0239 0.0239 0.0239 0.0239 0.0238 0.0238 0.0236 0.0234 0.0231 0.0226 0.021 0.016 0.011 0.0038 0.0012 0.00016 6.5e-06 0.101 0.101 0.101 0.101 0.101 0.101 0.101 0.1 0.0996 0.099 0.0983 0.0965 0.0944 0.092 0.0894 0.0864 0.0833 0.0764 0.0653 0.047 0.0313 0.02 0.013 0.00935 0.0075 0.0058 0.0023 0.00027 0.00023 0.00012 1.9e-05 0.0599 0.0599 0.0599 0.0599 0.0599 0.0599 0.0599 0.0599 0.0599 0.0599 0.0599 0.0599 0.0599 0.0598 0.0597 0.0596 0.0594 0.0589 0.0575 0.0537 0.0477 0.0402 0.0322 0.0245 0.013 0.0025 0.0021 0.0012 0.00046 6.7e-05 3.8e-06 0.0626 0.0626 0.0626 0.0626 0.0626 0.0626 0.0626 0.0626 0.0626 0.0626 0.0626 0.0626 0.0625 0.0625 0.0623 0.0622 0.062 0.0613 0.0597 0.0551 0.0481 0.0397 0.0309 0.0229 0.011 0.0025 0.0023 0.0011 0.00038 4.4e-05 1.7e-06 0.0412 0.0412 0.0412 0.0412 0.0412 0.0412 0.0412 0.0412 0.0412 0.0412 0.0412 0.0412 0.0412 0.0412 0.0412 0.0412 0.0412 0.0412 0.0411 0.0407 0.0397 0.038 0.0355 0.0323 0.025 0.0098 0.0033 0.00038 5.6e-05 2.6e-06 4.1e-08 0.0417 0.0417 0.0417 0.0417 0.0417 0.0417 0.0417 0.0417 0.0417 0.0417 0.0417 0.0417 0.0417 0.0417 0.0417 0.0417 0.0417 0.0417 0.0416 0.0412 0.0402 0.0384 0.0358 0.0324 0.025 0.0095 0.0031 0.00034 4.8e-05 2e-06 2.5e-08 0.217 0.217 0.217 0.216 0.215 0.213 0.209 0.204 0.199 0.193 0.186 0.17 0.153 0.135 0.118 0.101 0.0848 0.0584 0.0333 0.0202 0.0196 0.0173 0.0125 0.0077 0.0026 0.0016 0.00072 6.9e-05 5.2e-05 2.7e-05 4.4e-06 0.139 0.139 0.139 0.139 0.139 0.139 0.139 0.139 0.139 0.138 0.138 0.137 0.134 0.131 0.127 0.121 0.115 0.099 0.0725 0.0348 0.015 0.00871 0.00785 0.00773 0.0056 0.00088 0.00042 0.00028 0.00011 1.5e-05 8.6e-07 0.145 0.145 0.145 0.145 0.145 0.145 0.145 0.145 0.144 0.144 0.144 0.142 0.139 0.136 0.13 0.124 0.116 0.0986 0.0696 0.0313 0.0134 0.00864 0.00825 0.00792 0.0052 0.00073 0.00046 0.00026 8.7e-05 1e-05 3.8e-07 0.115 0.115 0.115 0.115 0.115 0.115 0.115 0.115 0.115 0.115 0.115 0.115 0.114 0.114 0.112 0.111 0.108 0.101 0.0852 0.0541 0.0287 0.0135 0.00642 0.00377 0.003 0.002 0.00074 8.8e-05 1.3e-05 6e-07 9.2e-09 0.116 0.116 0.116 0.116 0.116 0.116 0.116 0.116 0.116 0.116 0.116 0.116 0.116 0.115 0.114 0.112 0.109 0.102 0.0853 0.0533 0.0278 0.0129 0.0061 0.00365 0.003 0.0019 0.0007 7.8e-05 1.1e-05 4.5e-07 5.5e-09 0.129 0.129 0.129 0.129 0.129 0.129 0.129 0.129 0.129 0.129 0.128 0.127 0.125 0.122 0.118 0.113 0.107 0.0946 0.0756 0.0489 0.0302 0.0184 0.0111 0.00666 0.0025 0.00024 3.2e-05 1.2e-06 8.2e-08 1.4e-09 7.8e-12 0.575 0.573 0.566 0.555 0.54 0.5 0.449 0.391 0.331 0.273 0.219 0.134 0.0797 0.0514 0.04 0.037 0.0368 0.0343 0.0224 0.00655 0.00325 0.00313 0.00257 0.00169 0.00053 0.00025 0.00012 1.1e-05 7.8e-06 4.2e-06 6.7e-07 0.391 0.391 0.391 0.391 0.39 0.387 0.381 0.369 0.352 0.329 0.301 0.236 0.17 0.114 0.0726 0.0448 0.0281 0.0153 0.0136 0.00987 0.00431 0.00167 0.00103 0.000985 0.00081 0.00013 5.3e-05 3.6e-05 1.4e-05 2e-06 1.1e-07 0.42 0.42 0.42 0.42 0.419 0.416 0.407 0.391 0.368 0.338 0.304 0.228 0.156 0.0993 0.0599 0.0357 0.0225 0.014 0.0133 0.00846 0.0033 0.00132 0.000965 0.00095 0.0007 9.7e-05 5.4e-05 3.1e-05 1e-05 1.2e-06 4.6e-08 2.09 2.0 1.75 1.41 1.05 0.472 0.178 0.0808 0.0626 0.0618 0.0585 0.0403 0.0218 0.0104 0.00512 0.00318 0.00271 0.00263 0.00188 0.000545 0.000226 0.000213 0.000179 0.000119 3.7e-05 1.7e-05 8e-06 7.2e-07 5.2e-07 2.8e-07 4.5e-08
Z 63 20 2.0 2.0 2.0 4.0 2.0 2.0 4.0 4.0 6.0 2.0 2.0 4.0 4.0 6.0 2.0 2.0 4.0 6.0 1.0 2.0 48568.0 8018.1 7624.8 6968.8 1776.9 1604.0 1469.6 1167.2 1137.8 357.70000000000005 290.04999999999995 260.3 147.76000000000002 142.44 9.77 9.08 49.21 30.61 26.56 5.16 0.0124 0.0124 0.0124 0.0124 0.0124 0.0124 0.0124 0.0124 0.0124 0.0124 0.0124 0.0124 0.0124 0.0124 0.0124 0.0124 0.0124 0.0124 0.0124 0.0123 0.0122 0.0121 0.012 0.0119 0.0119 0.011 0.0096 0.0071 0.005 0.0022 0.00046 0.0443 0.0443 0.0443 0.0443 0.0443 0.0442 0.0442 0.0442 0.0441 0.0441 0.0441 0.0439 0.0438 0.0436 0.0434 0.0431 0.0429 0.0423 0.0412 0.039 0.0363 0.0333 0.0301 0.0268 0.02 0.0085 0.003 0.0011 0.001 0.00052 9e-05 0.0219 0.0219 0.0219 0.0219 0.0219 0.0219 0.0219 0.0219 0.0219 0.0219 0.0219 0.0219 0.0219 0.0219 0.0219 0.0218 0.0218 0.0218 0.0218 0.0218 0.0217 0.0215 0.0213 0.021 0.02 0.016 0.011 0.00461 0.0017 0.00027 1.7e-05 0.0234 0.0234 0.0234 0.0234 0.0234 0.0234 0.0234 0.0234 0.0234 0.0234 0.0234 0.0234 0.0234 0.0234 0.0234 0.0234 0.0234 0.0234 0.0234 0.0233 0.0232 0.023 0.0227 0.0223 0.021 0.016 0.011 0.004 0.0013 0.00017 7.2e-06 0.0992 0.0992 0.0992 0.0991 0.099 0.0988 0.0985 0.098 0.0975 0.0969 0.0962 0.0946 0.0927 0.0904 0.0879 0.0851 0.0821 0.0756 0.0651 0.0474 0.0321 0.0208 0.0135 0.00959 0.0074 0.006 0.0024 0.00028 0.00022 0.00012 2.1e-05 0.0586 0.0586 0.0586 0.0586 0.0586 0.0586 0.0586 0.0586 0.0586 0.0586 0.0586 0.0586 0.0585 0.0585 0.0584 0.0583 0.0581 0.0576 0.0564 0.0529 0.0473 0.0403 0.0326 0.0252 0.013 0.0026 0.0021 0.0013 0.0005 7.4e-05 4.3e-06 0.0613 0.0613 0.0613 0.0613 0.0613 0.0613 0.0613 0.0613 0.0613 0.0613 0.0613 0.0613 0.0612 0.0612 0.0611 0.0609 0.0607 0.0601 0.0587 0.0544 0.0479 0.0399 0.0315 0.0236 0.012 0.0026 0.0023 0.0012 0.0004 4.9e-05 1.9e-06 0.0403 0.0403 0.0403 0.0403 0.0403 0.0403 0.0403 0.0403 0.0403 0.0403 0.0403 0.0403 0.0403 0.0403 0.0403 0.0403 0.0403 0.0402 0.0402 0.0398 0.039 0.0374 0.0351 0.0322 0.025 0.01 0.0035 0.00042 6.4e-05 3.1e-06 4.9e-08 0.0408 0.0408 0.0408 0.0408 0.0408 0.0408 0.0408 0.0408 0.0408 0.0408 0.0408 0.0408 0.0408 0.0408 0.0408 0.0408 0.0408 0.0408 0.0407 0.0403 0.0394 0.0378 0.0354 0.0324 0.025 0.01 0.0033 0.00038 5.5e-05 2.4e-06 2.9e-08 0.212 0.212 0.212 0.211 0.21 0.208 0.205 0.2 0.195 0.189 0.183 0.168 0.152 0.135 0.118 0.101 0.0861 0.0601 0.0346 0.0201 0.0192 0.0174 0.013 0.00829 0.0029 0.0016 0.00078 7.4e-05 5.1e-05 2.9e-05 4.8e-06 0.135 0.135 0.135 0.135 0.135 0.135 0.135 0.135 0.135 0.135 0.135 0.133 0.131 0.129 0.125 0.12 0.114 0.0989 0.0738 0.0368 0.0161 0.00893 0.00772 0.00764 0.0059 0.00098 0.00041 0.00029 0.00011 1.7e-05 9.8e-07 0.142 0.142 0.142 0.142 0.142 0.142 0.142 0.141 0.141 0.141 0.14 0.139 0.137 0.133 0.128 0.123 0.115 0.0988 0.0711 0.0331 0.0142 0.0087 0.00811 0.0079 0.0055 0.0008 0.00046 0.00027 9.4e-05 1.1e-05 4.3e-07 0.112 0.112 0.112 0.112 0.112 0.112 0.112 0.112 0.112 0.112 0.112 0.112 0.112 0.111 0.11 0.108 0.106 0.0996 0.0852 0.0557 0.0305 0.0148 0.00708 0.004 0.0029 0.0021 0.00081 9.9e-05 1.5e-05 7e-07 1.1e-08 0.114 0.114 0.114 0.114 0.114 0.114 0.114 0.114 0.114 0.114 0.114 0.113 0.113 0.112 0.111 0.11 0.107 0.1 0.0854 0.0549 0.0296 0.0141 0.0067 0.00385 0.003 0.002 0.00076 8.8e-05 1.3e-05 5.3e-07 6.5e-09 0.124 0.124 0.124 0.124 0.124 0.124 0.124 0.124 0.124 0.124 0.124 0.123 0.121 0.118 0.115 0.11 0.105 0.0939 0.0762 0.0505 0.0319 0.0198 0.0121 0.00742 0.0028 0.00029 3.9e-05 1.5e-06 1.1e-07 1.8e-09 9.9e-12 0.13 0.13 0.13 0.13 0.13 0.13 0.13 0.13 0.13 0.13 0.13 0.128 0.125 0.122 0.117 0.112 0.106 0.093 0.0744 0.0484 0.0303 0.0186 0.0114 0.00693 0.0026 0.00026 3.5e-05 1.3e-06 8.9e-08 1.4e-09 6.6e-12 0.564 0.562 0.556 0.546 0.531 0.493 0.444 0.389 0.331 0.275 0.223 0.138 0.0829 0.0529 0.04 0.0362 0.0358 0.034 0.0232 0.00712 0.00324 0.00308 0.00263 0.0018 0.00059 0.00025 0.00013 1.2e-05 7.8e-06 4.4e-06 7.3e-07 0.384 0.384 0.384 0.383 0.383 0.381 0.375 0.364 0.348 0.326 0.299 0.237 0.174 0.119 0.0767 0.0478 0.03 0.0155 0.0131 0.0101 0.00465 0.00182 0.00104 0.000955 0.00082 0.00015 5.2e-05 3.7e-05 1.5e-05 2.2e-06 1.3e-07 0.413 0.413 0.413 0.413 0.412 0.409 0.4 0.386 0.364 0.336 0.303 0.23 0.16 0.104 0.0635 0.0381 0.0238 0.0139 0.0129 0.00875 0.00358 0.00141 0.000952 0.00093 0.00072 0.00011 5.3e-05 3.2e-05 1.1e-05 1.3e-06 5.1e-08 2.07 1.98 1.74 1.41 1.06 0.482 0.184 0.0817 0.061 0.0599 0.0573 0.0406 0.0226 0.011 0.00541 0.00322 0.00262 0.00252 0.00189 0.000584 0.000223 0.000204 0.000178 0.000123 4e-05 1.7e-05 8.4e-06 7.6e-07 5.1e-07 2.9e-07 4.8e-08
Z 64 21 2.0 2.0 2.0 4.0 2.0 2.0 4.0 4.0 6.0 2.0 2.0 4.0 4.0 6.0 2.0 2.0 4.0 6.0 1.0 1.0 2.0 50303.0 8349.8 7946.999999999999 7242.700000000001 1864.6 1686.9 1541.8000000000002 1231.6 1199.8 381.39 311.29999999999995 278.86 162.16 156.3 17.03 16.2 54.660000000000004 34.83 30.18 5.19 4.8500000000000005 0.0122 0.0122 0.0122 0.0122 0.0122 0.0122 0.0122 0.0122 0.0122 0.0122 0.0122 0.0122 0.0122 0.0122 0.0122 0.0122 0.0122 0.0122 0.0121 0.0121 0.012 0.0119 0.0118 0.0117 0.011 0.011 0.0095 0.0071 0.005 0.0023 0.00049 0.0434 0.0434 0.0434 0.0434 0.0434 0.0434 0.0434 0.0433 0.0433 0.0433 0.0432 0.0431 0.0429 0.0428 0.0426 0.0423 0.0421 0.0415 0.0405 0.0384 0.0358 0.033 0.0299 0.0268 0.021 0.0088 0.0032 0.0011 0.001 0.00054 9.6e-05 0.0214 0.0214 0.0214 0.0214 0.0214 0.0214 0.0214 0.0214 0.0214 0.0214 0.0214 0.0214 0.0214 0.0214 0.0214 0.0214 0.0214 0.0214 0.0214 0.0214 0.0213 0.0211 0.0209 0.0206 0.02 0.016 0.012 0.0048 0.0018 0.00029 1.9e-05 0.023 0.023 0.023 0.023 0.023 0.023 0.023 0.023 0.023 0.023 0.023 0.023 0.023 0.023 0.023 0.023 0.023 0.023 0.023 0.0229 0.0228 0.0226 0.0224 0.022 0.021 0.016 0.011 0.0042 0.0014 0.00018 8e-06 0.0971 0.0971 0.0971 0.097 0.0969 0.0967 0.0964 0.096 0.0955 0.095 0.0943 0.0928 0.0909 0.0888 0.0864 0.0838 0.081 0.0748 0.0648 0.0478 0.0328 0.0215 0.0141 0.00986 0.0073 0.0061 0.0026 0.0003 0.00022 0.00013 2.2e-05 0.0573 0.0573 0.0573 0.0573 0.0573 0.0573 0.0573 0.0573 0.0573 0.0573 0.0573 0.0573 0.0573 0.0572 0.0571 0.057 0.0569 0.0565 0.0554 0.0521 0.047 0.0404 0.0331 0.0259 0.014 0.0028 0.002 0.0013 0.00053 8.2e-05 4.9e-06 0.0601 0.0601 0.0601 0.0601 0.0601 0.0601 0.0601 0.0601 0.0601 0.0601 0.0601 0.06 0.06 0.0599 0.0598 0.0597 0.0595 0.059 0.0577 0.0537 0.0477 0.0401 0.032 0.0243 0.012 0.0026 0.0023 0.0012 0.00043 5.3e-05 2.2e-06 0.0394 0.0394 0.0394 0.0394 0.0394 0.0394 0.0394 0.0394 0.0394 0.0394 0.0394 0.0394 0.0394 0.0394 0.0394 0.0394 0.0394 0.0394 0.0393 0.039 0.0383 0.0369 0.0348 0.032 0.025 0.011 0.0038 0.00047 7.2e-05 3.5e-06 5.7e-08 0.0399 0.0399 0.0399 0.0399 0.0399 0.0399 0.0399 0.0399 0.0399 0.0399 0.0399 0.0399 0.0399 0.0399 0.0399 0.0399 0.0399 0.0399 0.0399 0.0395 0.0387 0.0373 0.0351 0.0322 0.025 0.01 0.0036 0.00042 6.2e-05 2.7e-06 3.4e-08 0.207 0.207 0.206 0.206 0.205 0.203 0.2 0.196 0.191 0.185 0.179 0.166 0.15 0.134 0.118 0.102 0.0875 0.0619 0.036 0.0202 0.0189 0.0176 0.0136 0.00891 0.0031 0.0016 0.00085 8.1e-05 5.1e-05 3e-05 5.2e-06 0.132 0.132 0.132 0.132 0.132 0.132 0.132 0.132 0.132 0.131 0.131 0.13 0.128 0.126 0.122 0.118 0.112 0.0987 0.0751 0.0388 0.0174 0.00928 0.00765 0.00758 0.0061 0.0011 0.00041 0.0003 0.00012 1.9e-05 1.1e-06 0.138 0.138 0.138 0.138 0.138 0.138 0.138 0.138 0.138 0.137 0.137 0.136 0.134 0.13 0.126 0.121 0.114 0.0989 0.0726 0.0351 0.0152 0.00888 0.00801 0.00789 0.0057 0.00089 0.00046 0.00029 0.0001 1.2e-05 4.9e-07 0.109 0.109 0.109 0.109 0.109 0.109 0.109 0.109 0.109 0.108 0.108 0.108 0.108 0.108 0.107 0.105 0.104 0.098 0.0851 0.0574 0.0326 0.0164 0.00791 0.00433 0.0029 0.0022 0.00088 0.00011 1.7e-05 8.3e-07 1.3e-08 0.11 0.11 0.11 0.11 0.11 0.11 0.11 0.11 0.11 0.11 0.11 0.11 0.11 0.109 0.108 0.107 0.105 0.099 0.0854 0.0567 0.0316 0.0156 0.00745 0.00413 0.0029 0.0021 0.00083 0.0001 1.5e-05 6.2e-07 7.7e-09 0.113 0.113 0.113 0.113 0.113 0.113 0.113 0.113 0.113 0.113 0.113 0.113 0.112 0.11 0.108 0.105 0.102 0.0934 0.0785 0.0544 0.0356 0.0226 0.0141 0.0088 0.0034 0.00037 5.1e-05 2e-06 1.4e-07 2.5e-09 1.4e-11 0.116 0.116 0.116 0.116 0.116 0.116 0.116 0.116 0.116 0.116 0.116 0.115 0.114 0.113 0.11 0.107 0.103 0.0937 0.078 0.0533 0.0345 0.0218 0.0135 0.00839 0.0032 0.00034 4.7e-05 1.8e-06 1.2e-07 2e-09 9.1e-12 0.538 0.536 0.531 0.522 0.509 0.475 0.432 0.382 0.33 0.278 0.229 0.146 0.09 0.0575 0.0421 0.0367 0.0357 0.0347 0.0252 0.00828 0.00345 0.00316 0.00281 0.002 0.00069 0.00026 0.00014 1.3e-05 8e-06 4.8e-06 8.2e-07 0.366 0.366 0.366 0.366 0.366 0.364 0.359 0.35 0.336 0.318 0.295 0.24 0.181 0.128 0.0855 0.0549 0.0349 0.0171 0.0133 0.0109 0.00538 0.00215 0.00113 0.000985 0.00088 0.00017 5.5e-05 4e-05 1.7e-05 2.6e-06 1.5e-07 0.391 0.391 0.391 0.391 0.39 0.388 0.381 0.37 0.352 0.329 0.301 0.236 0.17 0.115 0.073 0.045 0.0282 0.0152 0.0134 0.00977 0.00426 0.00166 0.00102 0.00098 0.0008 0.00013 5.6e-05 3.6e-05 1.3e-05 1.6e-06 6.2e-08 0.468 0.468 0.468 0.467 0.467 0.463 0.452 0.428 0.393 0.351 0.305 0.216 0.144 0.0924 0.0574 0.0348 0.0208 0.00777 0.00337 0.00305 0.00221 0.00122 0.000586 0.000286 0.00015 0.00011 4.7e-05 6.1e-06 9.3e-07 4.4e-08 6.9e-10 1.93 1.85 1.66 1.37 1.06 0.53 0.221 0.0963 0.0633 0.0595 0.0587 0.0461 0.0281 0.0148 0.00744 0.00416 0.00304 0.0028 0.00227 0.00077 0.000269 0.000231 0.00021 0.000152 5.2e-05 1.9e-05 1e-05 9.7e-07 5.8e-07 3.5e-07 5.9e-08
Z 65 20 2.0 2.0 2.0 4.0 2.0 2.0 4.0 4.0 6.0 2.0 2.0 4.0 4.0 6.0 2.0 2.0 4.0 6.0 3.0 2.0 52060.0 8673.1 8260.9 7505.3 1935.8000000000002 1753.4 1596.8 1279.0 1244.6 388.39 316.0 281.03999999999996 160.59 154.29 10.39 9.53 52.169999999999995 32.24 27.59 5.29 0.012 0.012 0.012 0.012 0.012 0.012 0.012 0.012 0.012 0.012 0.012 0.012 0.012 0.012 0.012 0.0119 0.0119 0.0119 0.0119 0.0118 0.0118 0.0117 0.0116 0.0115 0.011 0.01 0.0094 0.0071 0.0051 0.0023 0.00051 0.0426 0.0426 0.0426 0.0426 0.0426 0.0426 0.0425 0.0425 0.0425 0.0424 0.0424 0.0423 0.0421 0.042 0.0418 0.0416 0.0413 0.0408 0.0398 0.0378 0.0354 0.0327 0.0297 0.0267 0.021 0.0091 0.0034 0.0011 0.001 0.00055 0.0001 0.021 0.021 0.021 0.021 0.021 0.021 0.021 0.021 0.021 0.021 0.021 0.021 0.021 0.021 0.021 0.021 0.021 0.021 0.021 0.0209 0.0209 0.0207 0.0205 0.0203 0.019 0.016 0.012 0.005 0.0019 0.00032 2.1e-05 0.0226 0.0226 0.0226 0.0226 0.0226 0.0226 0.0226 0.0226 0.0226 0.0226 0.0226 0.0226 0.0226 0.0226 0.0226 0.0226 0.0226 0.0226 0.0226 0.0225 0.0224 0.0223 0.022 0.0217 0.021 0.016 0.011 0.0043 0.0015 0.0002 8.9e-06 0.095 0.095 0.095 0.095 0.0949 0.0947 0.0944 0.094 0.0936 0.093 0.0924 0.091 0.0893 0.0873 0.085 0.0825 0.0799 0.074 0.0644 0.0481 0.0335 0.0222 0.0146 0.0102 0.0072 0.0061 0.0028 0.00032 0.00022 0.00013 2.4e-05 0.0561 0.0561 0.0561 0.0561 0.0561 0.0561 0.0561 0.0561 0.0561 0.0561 0.0561 0.0561 0.056 0.056 0.0559 0.0558 0.0557 0.0553 0.0543 0.0513 0.0466 0.0404 0.0334 0.0265 0.015 0.0029 0.002 0.0014 0.00057 9e-05 5.5e-06 0.0589 0.0589 0.0589 0.0589 0.0589 0.0589 0.0589 0.0589 0.0589 0.0589 0.0589 0.0589 0.0588 0.0588 0.0587 0.0586 0.0584 0.0579 0.0567 0.053 0.0474 0.0402 0.0324 0.0249 0.013 0.0027 0.0022 0.0013 0.00046 5.9e-05 2.4e-06 0.0386 0.0386 0.0386 0.0386 0.0386 0.0386 0.0386 0.0386 0.0386 0.0386 0.0386 0.0386 0.0386 0.0386 0.0386 0.0386 0.0386 0.0385 0.0385 0.0382 0.0376 0.0363 0.0344 0.0319 0.026 0.011 0.0041 0.00052 8.1e-05 4.1e-06 6.6e-08 0.0391 0.0391 0.0391 0.0391 0.0391 0.0391 0.0391 0.0391 0.0391 0.0391 0.0391 0.0391 0.0391 0.0391 0.0391 0.0391 0.0391 0.0391 0.0391 0.0388 0.0381 0.0367 0.0347 0.0321 0.026 0.011 0.0038 0.00046 7e-05 3.1e-06 4e-08 0.203 0.203 0.203 0.202 0.201 0.199 0.196 0.192 0.188 0.183 0.177 0.164 0.149 0.134 0.118 0.103 0.0885 0.0632 0.037 0.0202 0.0185 0.0175 0.0139 0.00943 0.0034 0.0016 0.0009 8.9e-05 5e-05 3.1e-05 5.6e-06 0.129 0.129 0.129 0.129 0.129 0.129 0.129 0.129 0.129 0.129 0.128 0.128 0.126 0.124 0.12 0.116 0.111 0.0984 0.0759 0.0404 0.0185 0.00959 0.00753 0.00741 0.0062 0.0012 0.00041 0.00031 0.00013 2.1e-05 1.3e-06 0.136 0.136 0.136 0.136 0.136 0.136 0.136 0.135 0.135 0.135 0.135 0.134 0.132 0.129 0.125 0.12 0.113 0.0988 0.0735 0.0365 0.016 0.009 0.00785 0.00777 0.0059 0.00097 0.00045 0.0003 0.00011 1.4e-05 5.5e-07 0.107 0.107 0.107 0.107 0.107 0.107 0.107 0.107 0.107 0.107 0.107 0.107 0.106 0.106 0.105 0.104 0.102 0.0968 0.0847 0.0583 0.0339 0.0175 0.00856 0.0046 0.0029 0.0022 0.00094 0.00012 2e-05 9.5e-07 1.5e-08 0.108 0.108 0.108 0.108 0.108 0.108 0.108 0.108 0.108 0.108 0.108 0.108 0.108 0.107 0.107 0.105 0.103 0.0978 0.085 0.0576 0.0329 0.0166 0.00805 0.00437 0.0029 0.0021 0.00088 0.00011 1.6e-05 7.2e-07 9e-09 0.116 0.116 0.116 0.116 0.116 0.116 0.116 0.116 0.116 0.116 0.116 0.115 0.114 0.112 0.109 0.106 0.101 0.092 0.0766 0.0529 0.0348 0.0223 0.0141 0.00892 0.0036 0.0004 5.7e-05 2.2e-06 1.7e-07 3e-09 1.6e-11 0.121 0.121 0.121 0.121 0.121 0.121 0.121 0.121 0.121 0.121 0.12 0.119 0.118 0.115 0.111 0.107 0.102 0.0918 0.0754 0.0513 0.0334 0.0213 0.0134 0.00842 0.0033 0.00037 5.2e-05 2e-06 1.4e-07 2.3e-09 1e-11 0.544 0.542 0.537 0.528 0.515 0.48 0.436 0.385 0.332 0.279 0.229 0.146 0.0893 0.0564 0.0407 0.0351 0.034 0.0331 0.0245 0.00835 0.00331 0.00294 0.00268 0.00199 0.00072 0.00025 0.00014 1.4e-05 7.5e-06 4.7e-06 8.4e-07 0.37 0.37 0.37 0.37 0.37 0.368 0.363 0.354 0.339 0.32 0.296 0.24 0.181 0.127 0.0845 0.054 0.0342 0.0163 0.0123 0.0103 0.00531 0.00217 0.00109 0.000902 0.00083 0.00018 5.1e-05 3.9e-05 1.7e-05 2.6e-06 1.6e-07 0.4 0.4 0.4 0.4 0.399 0.396 0.389 0.376 0.357 0.332 0.302 0.234 0.168 0.112 0.0704 0.043 0.0267 0.014 0.0122 0.00915 0.00414 0.00162 0.000947 0.000883 0.00075 0.00013 5.1e-05 3.4e-05 1.3e-05 1.6e-06 6.4e-08 2.03 1.94 1.72 1.41 1.07 0.502 0.197 0.0843 0.0584 0.0564 0.0548 0.041 0.024 0.0123 0.00605 0.00339 0.00251 0.00232 0.00189 0.000664 0.000227 0.000187 0.000174 0.000131 4.8e-05 1.6e-05 9.2e-06 8.9e-07 4.7e-07 3e-07 5.3e-08
Z 66 20 2.0 2.0 2.0 4.0 2.0 2.0 4.0 4.0 6.0 2.0 2.0 4.0 4.0 6.0 2.0 2.0 4.0 6.0 4.0 2.0 53861.0 9012.5 8590.699999999999 7781.0 2018.2 1830.9 1662.1 1336.6000000000001 1299.5 404.2 329.38 291.56 167.07000000000002 160.24 10.62 9.66 53.67 33.059999999999995 28.09 5.35 0.0117 0.0117 0.0117 0.0117 0.0117 0.0117 0.0117 0.0117 0.0117 0.0117 0.0117 0.0117 0.0117 0.0117 0.0117 0.0117 0.0117 0.0117 0.0117 0.0116 0.0116 0.0115 0.0114 0.0113 0.011 0.01 0.0093 0.0071 0.0051 0.0024 0.00054 0.0418 0.0418 0.0418 0.0418 0.0418 0.0417 0.0417 0.0417 0.0417 0.0416 0.0416 0.0415 0.0413 0.0412 0.041 0.0408 0.0406 0.0401 0.0392 0.0373 0.035 0.0324 0.0296 0.0267 0.021 0.0094 0.0036 0.0011 0.001 0.00057 0.00011 0.0206 0.0206 0.0206 0.0206 0.0206 0.0206 0.0206 0.0206 0.0206 0.0206 0.0206 0.0206 0.0206 0.0206 0.0206 0.0206 0.0206 0.0206 0.0206 0.0205 0.0205 0.0203 0.0202 0.0199 0.019 0.016 0.012 0.0052 0.002 0.00035 2.4e-05 0.0222 0.0222 0.0222 0.0222 0.0222 0.0222 0.0222 0.0222 0.0222 0.0222 0.0222 0.0222 0.0222 0.0222 0.0222 0.0222 0.0222 0.0222 0.0222 0.0222 0.0221 0.0219 0.0217 0.0213 0.02 0.016 0.011 0.0045 0.0016 0.00022 9.8e-06 0.0931 0.0931 0.093 0.093 0.0929 0.0927 0.0925 0.0921 0.0917 0.0912 0.0906 0.0893 0.0876 0.0857 0.0836 0.0813 0.0788 0.0732 0.0641 0.0483 0.0341 0.0229 0.0151 0.0105 0.0072 0.0062 0.003 0.00034 0.00022 0.00014 2.6e-05 0.0549 0.0549 0.0549 0.0549 0.0549 0.0549 0.0549 0.0549 0.0549 0.0549 0.0549 0.0549 0.0548 0.0548 0.0547 0.0546 0.0545 0.0542 0.0533 0.0506 0.0461 0.0403 0.0337 0.027 0.015 0.0031 0.002 0.0014 0.0006 9.9e-05 6.2e-06 0.0577 0.0577 0.0577 0.0577 0.0577 0.0577 0.0577 0.0577 0.0577 0.0577 0.0577 0.0577 0.0577 0.0576 0.0575 0.0574 0.0573 0.0568 0.0557 0.0523 0.047 0.0403 0.0328 0.0255 0.014 0.0028 0.0022 0.0013 0.00049 6.4e-05 2.7e-06 0.0378 0.0378 0.0378 0.0378 0.0378 0.0378 0.0378 0.0378 0.0378 0.0378 0.0378 0.0378 0.0378 0.0378 0.0378 0.0378 0.0378 0.0377 0.0377 0.0375 0.0369 0.0357 0.034 0.0317 0.026 0.012 0.0043 0.00057 9.2e-05 4.7e-06 7.7e-08 0.0384 0.0384 0.0384 0.0384 0.0384 0.0384 0.0384 0.0384 0.0384 0.0384 0.0384 0.0384 0.0384 0.0384 0.0384 0.0384 0.0383 0.0383 0.0383 0.038 0.0374 0.0362 0.0343 0.0319 0.026 0.011 0.0041 0.00051 7.8e-05 3.6e-06 4.6e-08 0.199 0.198 0.198 0.198 0.197 0.195 0.192 0.189 0.184 0.18 0.174 0.162 0.148 0.133 0.118 0.104 0.0894 0.0647 0.0383 0.0203 0.0181 0.0174 0.0143 0.00996 0.0037 0.0016 0.00096 9.9e-05 5e-05 3.2e-05 6e-06 0.126 0.126 0.126 0.126 0.126 0.126 0.126 0.126 0.126 0.126 0.126 0.125 0.123 0.121 0.118 0.114 0.11 0.098 0.0767 0.0421 0.0197 0.01 0.00749 0.00728 0.0063 0.0014 0.00041 0.00032 0.00014 2.3e-05 1.4e-06 0.133 0.133 0.133 0.133 0.133 0.133 0.133 0.133 0.133 0.132 0.132 0.131 0.129 0.126 0.123 0.118 0.112 0.0986 0.0745 0.0381 0.017 0.00923 0.00774 0.00767 0.0061 0.0011 0.00045 0.00031 0.00012 1.5e-05 6.2e-07 0.104 0.104 0.104 0.104 0.104 0.104 0.104 0.104 0.104 0.104 0.104 0.104 0.104 0.103 0.103 0.102 0.1 0.0954 0.0843 0.0594 0.0355 0.0188 0.00937 0.00496 0.0029 0.0023 0.001 0.00014 2.2e-05 1.1e-06 1.8e-08 0.106 0.106 0.106 0.106 0.106 0.106 0.106 0.106 0.106 0.106 0.106 0.106 0.106 0.105 0.104 0.103 0.102 0.0965 0.0847 0.0586 0.0344 0.0179 0.00879 0.00469 0.0029 0.0022 0.00094 0.00012 1.9e-05 8.3e-07 1.1e-08 0.113 0.113 0.113 0.113 0.113 0.113 0.113 0.113 0.113 0.113 0.113 0.112 0.111 0.109 0.107 0.103 0.0996 0.0909 0.0765 0.0538 0.036 0.0235 0.0151 0.00966 0.0039 0.00046 6.7e-05 2.7e-06 2e-07 3.8e-09 2e-11 0.117 0.117 0.117 0.117 0.117 0.117 0.117 0.117 0.117 0.117 0.117 0.116 0.114 0.112 0.109 0.105 0.101 0.0909 0.0756 0.0524 0.0348 0.0225 0.0144 0.00916 0.0037 0.00043 6.1e-05 2.4e-06 1.7e-07 3e-09 1.3e-11 0.535 0.533 0.528 0.519 0.507 0.474 0.432 0.383 0.332 0.281 0.232 0.15 0.0925 0.0583 0.0412 0.0347 0.0332 0.0326 0.025 0.00899 0.0034 0.00286 0.00269 0.00206 0.00079 0.00024 0.00015 1.5e-05 7.4e-06 4.9e-06 9e-07 0.364 0.364 0.364 0.364 0.364 0.362 0.357 0.349 0.335 0.317 0.295 0.241 0.183 0.131 0.0882 0.0571 0.0364 0.0169 0.0119 0.0103 0.00561 0.00236 0.00113 0.000882 0.00082 0.0002 5.1e-05 3.9e-05 1.8e-05 2.9e-06 1.8e-07 0.394 0.394 0.394 0.394 0.393 0.39 0.384 0.372 0.354 0.33 0.301 0.236 0.171 0.115 0.0737 0.0455 0.0283 0.0142 0.0119 0.00928 0.00441 0.00174 0.000956 0.000859 0.00075 0.00014 5.1e-05 3.5e-05 1.3e-05 1.7e-06 7.1e-08 2.01 1.93 1.71 1.4 1.07 0.511 0.203 0.0859 0.0574 0.0547 0.0536 0.041 0.0246 0.0128 0.0064 0.00351 0.00248 0.00222 0.00188 0.000703 0.000232 0.000179 0.00017 0.000133 5.1e-05 1.5e-05 9.5e-06 9.6e-07 4.6e-07 3e-07 5.6e-08
Z 67 20 2.0 2.0 2.0 4.0 2.0 2.0 4.0 4.0 6.0 2.0 2.0 4.0 4.0 6.0 2.0 2.0 4.0 6.0 5.0 2.0 55699.0 9360.2 8928.699999999999 8061.7 2102.5 1910.4 1728.5 1395.2 1355.3 420.35 343.05 302.2 173.63 166.23000000000002 10.8 9.73 55.19 33.89 28.580000000000002 5.42 0.0115 0.0115 0.0115 0.0115 0.0115 0.0115 0.0115 0.0115 0.0115 0.0115 0.0115 0.0115 0.0115 0.0115 0.0115 0.0115 0.0115 0.0115 0.0115 0.0114 0.0114 0.0113 0.0112 0.0111 0.011 0.01 0.0092 0.0071 0.0051 0.0025 0.00057 0.041 0.041 0.041 0.041 0.041 0.041 0.0409 0.0409 0.0409 0.0408 0.0408 0.0407 0.0406 0.0404 0.0403 0.0401 0.0399 0.0394 0.0385 0.0367 0.0345 0.032 0.0294 0.0266 0.021 0.0097 0.0038 0.0011 0.001 0.00059 0.00012 0.0202 0.0202 0.0202 0.0202 0.0202 0.0202 0.0202 0.0202 0.0202 0.0202 0.0202 0.0202 0.0202 0.0202 0.0202 0.0202 0.0202 0.0202 0.0202 0.0201 0.0201 0.02 0.0198 0.0196 0.019 0.016 0.012 0.0054 0.0022 0.00038 2.6e-05 0.0219 0.0219 0.0219 0.0219 0.0219 0.0219 0.0219 0.0219 0.0219 0.0219 0.0219 0.0219 0.0219 0.0219 0.0219 0.0219 0.0219 0.0218 0.0218 0.0218 0.0217 0.0216 0.0213 0.021 0.02 0.016 0.012 0.0046 0.0017 0.00023 1.1e-05 0.0912 0.0912 0.0911 0.0911 0.091 0.0908 0.0906 0.0903 0.0899 0.0894 0.0889 0.0876 0.086 0.0843 0.0823 0.08 0.0777 0.0724 0.0637 0.0485 0.0347 0.0235 0.0157 0.0108 0.0072 0.0062 0.0032 0.00037 0.00021 0.00014 2.7e-05 0.0537 0.0537 0.0537 0.0537 0.0537 0.0537 0.0537 0.0537 0.0537 0.0537 0.0537 0.0537 0.0537 0.0537 0.0536 0.0535 0.0534 0.0531 0.0523 0.0498 0.0457 0.0403 0.034 0.0275 0.016 0.0033 0.0019 0.0014 0.00064 0.00011 7e-06 0.0566 0.0566 0.0566 0.0566 0.0566 0.0566 0.0566 0.0566 0.0566 0.0566 0.0566 0.0566 0.0566 0.0565 0.0565 0.0564 0.0562 0.0558 0.0548 0.0517 0.0467 0.0403 0.0332 0.0261 0.014 0.0029 0.0022 0.0014 0.00052 7e-05 3e-06 0.037 0.037 0.037 0.037 0.037 0.037 0.037 0.037 0.037 0.037 0.037 0.037 0.037 0.037 0.037 0.037 0.037 0.037 0.0369 0.0367 0.0362 0.0352 0.0336 0.0314 0.026 0.012 0.0046 0.00063 0.0001 5.3e-06 9e-08 0.0376 0.0376 0.0376 0.0376 0.0376 0.0376 0.0376 0.0376 0.0376 0.0376 0.0376 0.0376 0.0376 0.0376 0.0376 0.0376 0.0376 0.0376 0.0375 0.0373 0.0367 0.0357 0.034 0.0317 0.026 0.012 0.0044 0.00056 8.7e-05 4.1e-06 5.3e-08 0.194 0.194 0.194 0.194 0.193 0.191 0.188 0.185 0.181 0.176 0.171 0.16 0.147 0.133 0.118 0.104 0.0903 0.066 0.0395 0.0205 0.0178 0.0173 0.0146 0.0105 0.004 0.0016 0.001 0.00011 4.9e-05 3.4e-05 6.5e-06 0.123 0.123 0.123 0.123 0.123 0.123 0.123 0.123 0.123 0.123 0.123 0.122 0.121 0.119 0.116 0.113 0.108 0.0974 0.0773 0.0438 0.021 0.0105 0.0075 0.00715 0.0064 0.0015 0.00042 0.00032 0.00015 2.5e-05 1.6e-06 0.13 0.13 0.13 0.13 0.13 0.13 0.13 0.13 0.13 0.13 0.129 0.128 0.127 0.124 0.121 0.117 0.111 0.0983 0.0754 0.0397 0.018 0.00952 0.00766 0.00756 0.0062 0.0012 0.00045 0.00032 0.00012 1.7e-05 6.9e-07 0.102 0.102 0.102 0.102 0.102 0.102 0.102 0.102 0.102 0.102 0.102 0.102 0.102 0.101 0.101 0.0996 0.0982 0.094 0.0838 0.0603 0.037 0.0201 0.0102 0.00538 0.0029 0.0023 0.0011 0.00015 2.5e-05 1.3e-06 2.1e-08 0.104 0.104 0.104 0.104 0.104 0.104 0.104 0.104 0.104 0.104 0.104 0.104 0.103 0.103 0.102 0.101 0.0997 0.0952 0.0843 0.0596 0.0359 0.0191 0.00956 0.00505 0.0029 0.0023 0.001 0.00014 2.1e-05 9.6e-07 1.2e-08 0.11 0.11 0.11 0.11 0.11 0.11 0.11 0.11 0.11 0.11 0.11 0.109 0.108 0.106 0.104 0.101 0.0979 0.0898 0.0762 0.0545 0.0371 0.0246 0.016 0.0104 0.0043 0.00053 7.9e-05 3.3e-06 2.5e-07 4.7e-09 2.5e-11 0.114 0.114 0.114 0.114 0.114 0.114 0.114 0.114 0.113 0.113 0.113 0.112 0.111 0.109 0.106 0.103 0.0989 0.09 0.0756 0.0533 0.036 0.0237 0.0153 0.00989 0.0041 0.00049 7.3e-05 2.9e-06 2.1e-07 3.7e-09 1.7e-11 0.526 0.524 0.519 0.511 0.499 0.468 0.428 0.381 0.332 0.282 0.235 0.154 0.0957 0.0603 0.042 0.0345 0.0324 0.0319 0.0254 0.00965 0.00352 0.00279 0.00267 0.00213 0.00086 0.00024 0.00016 1.7e-05 7.3e-06 5e-06 9.6e-07 0.358 0.358 0.358 0.358 0.358 0.356 0.352 0.344 0.331 0.314 0.293 0.242 0.186 0.134 0.0918 0.0602 0.0387 0.0176 0.0115 0.0103 0.00589 0.00256 0.00119 0.000868 0.00082 0.00022 5.2e-05 4e-05 1.9e-05 3.1e-06 2e-07 0.388 0.388 0.388 0.388 0.388 0.385 0.379 0.367 0.35 0.328 0.3 0.237 0.174 0.119 0.0769 0.048 0.0299 0.0145 0.0115 0.00937 0.00466 0.00188 0.000974 0.000838 0.00076 0.00015 5e-05 3.6e-05 1.4e-05 1.9e-06 7.9e-08 1.99 1.91 1.7 1.4 1.07 0.52 0.209 0.0877 0.0566 0.0532 0.0524 0.041 0.0252 0.0134 0.00676 0.00365 0.00248 0.00212 0.00186 0.000741 0.000241 0.000171 0.000166 0.000134 5.5e-05 1.5e-05 9.8e-06 1.1e-06 4.4e-07 3e-07 5.9e-08
Z 68 20 2.0 2.0 2.0 4.0 2.0 2.0 4.0 4.0 6.0 2.0 2.0 4.0 4.0 6.0 2.0 2.0 4.0 6.0 6.0 2.0 57574.0 9716.199999999999 9274.8 8347.4 2188.9 1991.8000000000002 1796.2 1455.0 1412.0 436.85 357.03999999999996 312.96999999999997 180.25 172.26000000000002 10.94 9.76 56.730000000000004 34.730000000000004 29.06 5.48 0.0113 0.0113 0.0113 0.0113 0.0113 0.0113 0.0113 0.0113 0.0113 0.0113 0.0113 0.0113 0.0113 0.0113 0.0113 0.0113 0.0113 0.0113 0.0113 0.0112 0.0112 0.0111 0.011 0.0109 0.0109 0.01 0.0091 0.007 0.0051 0.0025 0.0006 0.0402 0.0402 0.0402 0.0402 0.0402 0.0402 0.0402 0.0402 0.0401 0.0401 0.04 0.04 0.0398 0.0397 0.0395 0.0394 0.0392 0.0387 0.0379 0.0362 0.0341 0.0317 0.0292 0.0265 0.021 0.01 0.004 0.0011 0.00098 0.0006 0.00012 0.0198 0.0198 0.0198 0.0198 0.0198 0.0198 0.0198 0.0198 0.0198 0.0198 0.0198 0.0198 0.0198 0.0198 0.0198 0.0198 0.0198 0.0198 0.0198 0.0197 0.0197 0.0196 0.0194 0.0192 0.019 0.016 0.012 0.0055 0.0023 0.00041 2.9e-05 0.0215 0.0215 0.0215 0.0215 0.0215 0.0215 0.0215 0.0215 0.0215 0.0215 0.0215 0.0215 0.0215 0.0215 0.0215 0.0215 0.0215 0.0215 0.0215 0.0214 0.0214 0.0212 0.021 0.0207 0.02 0.016 0.012 0.0048 0.0017 0.00025 1.2e-05 0.0893 0.0893 0.0893 0.0893 0.0892 0.089 0.0888 0.0885 0.0881 0.0877 0.0872 0.086 0.0845 0.0828 0.0809 0.0788 0.0766 0.0716 0.0633 0.0487 0.0352 0.0242 0.0163 0.0112 0.0072 0.0062 0.0033 0.00041 0.00021 0.00014 2.9e-05 0.0526 0.0526 0.0526 0.0526 0.0526 0.0526 0.0526 0.0526 0.0526 0.0526 0.0526 0.0526 0.0526 0.0526 0.0525 0.0524 0.0523 0.052 0.0513 0.049 0.0452 0.0401 0.0342 0.028 0.017 0.0035 0.0019 0.0015 0.00067 0.00012 7.8e-06 0.0556 0.0556 0.0556 0.0556 0.0556 0.0556 0.0556 0.0556 0.0556 0.0556 0.0556 0.0555 0.0555 0.0555 0.0554 0.0553 0.0552 0.0548 0.0539 0.051 0.0463 0.0403 0.0334 0.0266 0.015 0.003 0.0022 0.0014 0.00056 7.6e-05 3.3e-06 0.0362 0.0362 0.0362 0.0362 0.0362 0.0362 0.0362 0.0362 0.0362 0.0362 0.0362 0.0362 0.0362 0.0362 0.0362 0.0362 0.0362 0.0362 0.0362 0.036 0.0355 0.0346 0.0332 0.0312 0.026 0.012 0.0049 0.00069 0.00011 6.1e-06 1e-07 0.0369 0.0369 0.0369 0.0369 0.0369 0.0369 0.0369 0.0369 0.0369 0.0369 0.0369 0.0369 0.0369 0.0369 0.0369 0.0369 0.0369 0.0369 0.0368 0.0366 0.0361 0.0351 0.0336 0.0315 0.026 0.012 0.0046 0.00062 9.7e-05 4.6e-06 6.1e-08 0.19 0.19 0.19 0.19 0.189 0.187 0.185 0.181 0.178 0.173 0.169 0.158 0.145 0.132 0.118 0.104 0.0911 0.0673 0.0408 0.0207 0.0175 0.0171 0.0148 0.0109 0.0044 0.0016 0.0011 0.00012 4.9e-05 3.5e-05 7e-06 0.121 0.121 0.121 0.121 0.121 0.121 0.121 0.121 0.121 0.12 0.12 0.12 0.118 0.117 0.114 0.111 0.107 0.0968 0.0779 0.0453 0.0223 0.0111 0.00754 0.00702 0.0065 0.0017 0.00043 0.00033 0.00016 2.8e-05 1.8e-06 0.128 0.128 0.128 0.128 0.128 0.128 0.128 0.127 0.127 0.127 0.127 0.126 0.124 0.122 0.119 0.115 0.11 0.098 0.0761 0.0412 0.0191 0.00987 0.0076 0.00745 0.0063 0.0013 0.00045 0.00033 0.00013 1.8e-05 7.7e-07 0.0996 0.0996 0.0996 0.0996 0.0996 0.0996 0.0996 0.0996 0.0996 0.0996 0.0996 0.0995 0.0993 0.099 0.0985 0.0976 0.0964 0.0926 0.0833 0.0611 0.0384 0.0214 0.0111 0.00583 0.0029 0.0023 0.0011 0.00017 2.8e-05 1.5e-06 2.4e-08 0.101 0.101 0.101 0.101 0.101 0.101 0.101 0.101 0.101 0.101 0.101 0.101 0.101 0.101 0.1 0.0993 0.098 0.0938 0.0838 0.0604 0.0373 0.0203 0.0104 0.00546 0.0029 0.0023 0.0011 0.00015 2.4e-05 1.1e-06 1.4e-08 0.107 0.107 0.107 0.107 0.107 0.107 0.107 0.107 0.107 0.107 0.107 0.106 0.106 0.104 0.102 0.0993 0.0961 0.0886 0.0759 0.0551 0.0381 0.0256 0.0169 0.0111 0.0047 0.0006 9.2e-05 4e-06 3e-07 5.8e-09 3.2e-11 0.11 0.11 0.11 0.11 0.11 0.11 0.11 0.11 0.11 0.11 0.11 0.109 0.108 0.106 0.104 0.101 0.0972 0.0889 0.0754 0.0541 0.037 0.0247 0.0163 0.0106 0.0045 0.00056 8.5e-05 3.5e-06 2.6e-07 4.6e-09 2.1e-11 0.517 0.516 0.511 0.503 0.492 0.462 0.424 0.379 0.331 0.283 0.237 0.157 0.0989 0.0624 0.0429 0.0344 0.0318 0.0313 0.0257 0.0103 0.00367 0.00273 0.00265 0.00218 0.00094 0.00023 0.00017 1.9e-05 7.2e-06 5.1e-06 1e-06 0.353 0.353 0.353 0.353 0.352 0.351 0.347 0.339 0.327 0.311 0.291 0.242 0.188 0.138 0.0954 0.0633 0.0411 0.0184 0.0113 0.0102 0.00615 0.00277 0.00126 0.00086 0.0008 0.00024 5.3e-05 4e-05 1.9e-05 3.4e-06 2.2e-07 0.383 0.383 0.383 0.383 0.382 0.38 0.374 0.363 0.347 0.325 0.299 0.239 0.176 0.122 0.08 0.0505 0.0316 0.0149 0.0112 0.00942 0.00491 0.00202 0.001 0.000819 0.00076 0.00017 5e-05 3.7e-05 1.5e-05 2e-06 8.7e-08 1.97 1.9 1.69 1.4 1.08 0.528 0.215 0.0897 0.0559 0.0517 0.0511 0.0409 0.0257 0.014 0.00714 0.00382 0.00249 0.00204 0.00183 0.000778 0.000251 0.000165 0.000161 0.000135 5.9e-05 1.4e-05 1e-05 1.2e-06 4.3e-07 3.1e-07 6.2e-08
Z 69 20 2.0 2.0 2.0 4.0 2.0 2.0 4.0 4.0 6.0 2.0 2.0 4.0 4.0 6.0 2.0 2.0 4.0 6.0 7.0 2.0 59488.0 10081.0 9629.4 8638.099999999999 2277.4 2075.2000000000003 1865.1 1516.0 1469.8 453.73 371.37 323.86999999999995 186.95 178.33 11.03 9.74 58.300000000000004 35.58 29.54 5.55 0.0111 0.0111 0.0111 0.0111 0.0111 0.0111 0.0111 0.0111 0.0111 0.0111 0.0111 0.0111 0.0111 0.0111 0.0111 0.0111 0.0111 0.0111 0.0111 0.011 0.011 0.0109 0.0108 0.0107 0.0107 0.0098 0.009 0.007 0.0052 0.0026 0.00062 0.0395 0.0395 0.0395 0.0395 0.0395 0.0395 0.0394 0.0394 0.0394 0.0394 0.0393 0.0392 0.0391 0.039 0.0388 0.0387 0.0385 0.038 0.0373 0.0356 0.0337 0.0314 0.029 0.0264 0.021 0.01 0.0042 0.0011 0.00097 0.00062 0.00013 0.0194 0.0194 0.0194 0.0194 0.0194 0.0194 0.0194 0.0194 0.0194 0.0194 0.0194 0.0194 0.0194 0.0194 0.0194 0.0194 0.0194 0.0194 0.0194 0.0194 0.0193 0.0192 0.0191 0.0189 0.018 0.016 0.012 0.0057 0.0024 0.00044 3.2e-05 0.0211 0.0211 0.0211 0.0211 0.0211 0.0211 0.0211 0.0211 0.0211 0.0211 0.0211 0.0211 0.0211 0.0211 0.0211 0.0211 0.0211 0.0211 0.0211 0.0211 0.021 0.0209 0.0207 0.0204 0.02 0.016 0.012 0.005 0.0018 0.00027 1.3e-05 0.0876 0.0876 0.0875 0.0875 0.0874 0.0873 0.0871 0.0868 0.0864 0.086 0.0855 0.0844 0.083 0.0814 0.0796 0.0776 0.0755 0.0707 0.0628 0.0488 0.0357 0.0248 0.0168 0.0116 0.0072 0.0062 0.0035 0.00044 0.00021 0.00015 3.1e-05 0.0516 0.0516 0.0516 0.0516 0.0516 0.0516 0.0516 0.0516 0.0516 0.0516 0.0515 0.0515 0.0515 0.0515 0.0514 0.0514 0.0513 0.051 0.0503 0.0482 0.0447 0.04 0.0343 0.0284 0.017 0.0037 0.0019 0.0015 0.00071 0.00013 8.7e-06 0.0545 0.0545 0.0545 0.0545 0.0545 0.0545 0.0545 0.0545 0.0545 0.0545 0.0545 0.0545 0.0545 0.0544 0.0544 0.0543 0.0542 0.0538 0.053 0.0503 0.046 0.0402 0.0337 0.027 0.016 0.0032 0.0021 0.0015 0.00059 8.3e-05 3.7e-06 0.0355 0.0355 0.0355 0.0355 0.0355 0.0355 0.0355 0.0355 0.0355 0.0355 0.0355 0.0355 0.0355 0.0355 0.0355 0.0355 0.0355 0.0355 0.0355 0.0353 0.0349 0.0341 0.0328 0.0309 0.026 0.013 0.0052 0.00075 0.00013 6.9e-06 1.2e-07 0.0362 0.0362 0.0362 0.0362 0.0362 0.0362 0.0362 0.0362 0.0362 0.0362 0.0362 0.0362 0.0362 0.0362 0.0362 0.0362 0.0362 0.0362 0.0361 0.036 0.0355 0.0346 0.0332 0.0312 0.026 0.013 0.0049 0.00067 0.00011 5.2e-06 7.1e-08 0.186 0.186 0.186 0.186 0.185 0.183 0.181 0.178 0.175 0.171 0.166 0.155 0.144 0.131 0.118 0.105 0.0917 0.0685 0.042 0.0211 0.0172 0.0169 0.0149 0.0113 0.0048 0.0016 0.0011 0.00014 4.8e-05 3.6e-05 7.5e-06 0.118 0.118 0.118 0.118 0.118 0.118 0.118 0.118 0.118 0.118 0.118 0.117 0.116 0.114 0.112 0.109 0.106 0.0961 0.0783 0.0468 0.0236 0.0118 0.00764 0.0069 0.0065 0.0018 0.00044 0.00034 0.00017 3.1e-05 2e-06 0.125 0.125 0.125 0.125 0.125 0.125 0.125 0.125 0.125 0.125 0.125 0.124 0.122 0.12 0.117 0.114 0.109 0.0976 0.0767 0.0426 0.0202 0.0103 0.00757 0.00732 0.0064 0.0014 0.00045 0.00034 0.00014 2e-05 8.6e-07 0.0975 0.0975 0.0975 0.0975 0.0975 0.0975 0.0975 0.0975 0.0975 0.0975 0.0975 0.0974 0.0973 0.097 0.0965 0.0957 0.0946 0.0912 0.0826 0.0617 0.0397 0.0227 0.012 0.00632 0.0029 0.0024 0.0012 0.00019 3.2e-05 1.7e-06 2.8e-08 0.0994 0.0994 0.0994 0.0994 0.0994 0.0994 0.0994 0.0994 0.0994 0.0994 0.0994 0.0993 0.0992 0.0989 0.0983 0.0975 0.0963 0.0925 0.0832 0.0611 0.0386 0.0216 0.0112 0.00589 0.0029 0.0023 0.0011 0.00017 2.7e-05 1.3e-06 1.7e-08 0.104 0.104 0.104 0.104 0.104 0.104 0.104 0.104 0.104 0.104 0.104 0.104 0.103 0.102 0.0998 0.0974 0.0944 0.0875 0.0755 0.0556 0.039 0.0266 0.0178 0.0118 0.0052 0.00068 0.00011 4.7e-06 3.7e-07 7.1e-09 4e-11 0.107 0.107 0.107 0.107 0.107 0.107 0.107 0.107 0.107 0.107 0.107 0.107 0.106 0.104 0.102 0.0988 0.0955 0.0879 0.0752 0.0547 0.038 0.0257 0.0171 0.0113 0.0049 0.00064 9.9e-05 4.2e-06 3.2e-07 5.6e-09 2.6e-11 0.509 0.507 0.503 0.495 0.485 0.456 0.419 0.377 0.331 0.284 0.239 0.16 0.102 0.0646 0.0439 0.0344 0.0312 0.0306 0.0259 0.011 0.00387 0.00267 0.00261 0.00223 0.001 0.00023 0.00017 2.1e-05 7.1e-06 5.2e-06 1.1e-06 0.347 0.347 0.347 0.347 0.347 0.345 0.341 0.334 0.323 0.308 0.289 0.243 0.19 0.141 0.0988 0.0664 0.0435 0.0194 0.011 0.0101 0.00639 0.00298 0.00135 0.000861 0.00079 0.00026 5.5e-05 4e-05 2e-05 3.7e-06 2.4e-07 0.378 0.378 0.378 0.377 0.377 0.375 0.369 0.359 0.344 0.323 0.298 0.24 0.179 0.125 0.0831 0.053 0.0334 0.0153 0.0109 0.00943 0.00514 0.00217 0.00104 0.000803 0.00075 0.00018 5e-05 3.8e-05 1.6e-05 2.2e-06 9.6e-08 1.95 1.88 1.68 1.39 1.08 0.537 0.222 0.0919 0.0554 0.0503 0.0499 0.0408 0.0262 0.0146 0.00753 0.00401 0.00253 0.00196 0.0018 0.000813 0.000264 0.00016 0.000156 0.000135 6.3e-05 1.4e-05 1e-05 1.3e-06 4.2e-07 3.1e-07 6.5e-08
Z 70 20 2.0 2.0 2.0 4.0 2.0 2.0 4.0 4.0 6.0 2.0 2.0 4.0 4.0 6.0 2.0 2.0 4.0 6.0 8.0 2.0 61441.0 10454.0 9992.6 8933.800000000001 2368.1000000000004 2160.7000000000003 1935.2 1578.1000000000001 1528.5 471.0 386.03999999999996 334.92 193.73 184.44 11.09 9.67 59.9 36.44 30.009999999999998 5.609999999999999 0.0109 0.0109 0.0109 0.0109 0.0109 0.0109 0.0109 0.0109 0.0109 0.0109 0.0109 0.0109 0.0109 0.0109 0.0109 0.0109 0.0109 0.0109 0.0109 0.0108 0.0108 0.0107 0.0106 0.0105 0.01 0.0097 0.0089 0.007 0.0052 0.0026 0.00065 0.0388 0.0388 0.0388 0.0388 0.0387 0.0387 0.0387 0.0387 0.0387 0.0386 0.0386 0.0385 0.0384 0.0383 0.0381 0.038 0.0378 0.0374 0.0367 0.0351 0.0332 0.0311 0.0287 0.0263 0.021 0.011 0.0044 0.0011 0.00095 0.00063 0.00014 0.019 0.019 0.019 0.019 0.019 0.019 0.019 0.019 0.019 0.019 0.019 0.019 0.019 0.019 0.019 0.019 0.019 0.019 0.019 0.019 0.0189 0.0189 0.0187 0.0186 0.018 0.016 0.012 0.0058 0.0025 0.00048 3.6e-05 0.0208 0.0208 0.0208 0.0208 0.0208 0.0208 0.0208 0.0208 0.0208 0.0208 0.0208 0.0208 0.0208 0.0208 0.0208 0.0208 0.0208 0.0208 0.0208 0.0207 0.0207 0.0206 0.0204 0.0201 0.019 0.016 0.012 0.0051 0.0019 0.00029 1.4e-05 0.0859 0.0859 0.0858 0.0858 0.0857 0.0856 0.0854 0.0851 0.0848 0.0844 0.0839 0.0828 0.0815 0.08 0.0783 0.0765 0.0744 0.0699 0.0624 0.0489 0.0361 0.0254 0.0174 0.012 0.0072 0.0062 0.0037 0.00049 0.0002 0.00015 3.3e-05 0.0505 0.0505 0.0505 0.0505 0.0505 0.0505 0.0505 0.0505 0.0505 0.0505 0.0505 0.0505 0.0505 0.0505 0.0504 0.0504 0.0503 0.05 0.0494 0.0475 0.0442 0.0398 0.0345 0.0287 0.018 0.0039 0.0019 0.0015 0.00074 0.00014 9.7e-06 0.0535 0.0535 0.0535 0.0535 0.0535 0.0535 0.0535 0.0535 0.0535 0.0535 0.0535 0.0535 0.0535 0.0535 0.0534 0.0533 0.0532 0.0529 0.0521 0.0496 0.0456 0.0402 0.0339 0.0275 0.016 0.0033 0.0021 0.0015 0.00062 9e-05 4.1e-06 0.0348 0.0348 0.0348 0.0348 0.0348 0.0348 0.0348 0.0348 0.0348 0.0348 0.0348 0.0348 0.0348 0.0348 0.0348 0.0348 0.0348 0.0348 0.0348 0.0347 0.0343 0.0335 0.0323 0.0306 0.026 0.013 0.0055 0.00082 0.00014 7.8e-06 1.4e-07 0.0355 0.0355 0.0355 0.0355 0.0355 0.0355 0.0355 0.0355 0.0355 0.0355 0.0355 0.0355 0.0355 0.0355 0.0355 0.0355 0.0355 0.0355 0.0355 0.0353 0.0349 0.0341 0.0328 0.031 0.026 0.013 0.0052 0.00073 0.00012 5.9e-06 8.1e-08 0.183 0.183 0.182 0.182 0.181 0.18 0.178 0.175 0.172 0.168 0.163 0.153 0.142 0.13 0.117 0.105 0.0923 0.0696 0.0432 0.0215 0.0169 0.0167 0.0151 0.0117 0.0051 0.0015 0.0012 0.00015 4.8e-05 3.6e-05 8e-06 0.116 0.116 0.116 0.116 0.116 0.116 0.116 0.116 0.116 0.115 0.115 0.115 0.114 0.112 0.11 0.108 0.104 0.0954 0.0785 0.0481 0.0249 0.0124 0.00778 0.0068 0.0065 0.002 0.00046 0.00034 0.00018 3.3e-05 2.3e-06 0.123 0.123 0.123 0.123 0.123 0.123 0.123 0.123 0.123 0.122 0.122 0.121 0.12 0.118 0.116 0.112 0.108 0.0971 0.0772 0.044 0.0213 0.0107 0.00758 0.0072 0.0065 0.0015 0.00045 0.00035 0.00015 2.2e-05 9.6e-07 0.0954 0.0954 0.0954 0.0954 0.0954 0.0954 0.0954 0.0954 0.0954 0.0954 0.0954 0.0954 0.0953 0.095 0.0946 0.0939 0.0929 0.0898 0.0819 0.0623 0.041 0.0239 0.0129 0.00685 0.003 0.0024 0.0013 0.00021 3.6e-05 1.9e-06 3.3e-08 0.0974 0.0974 0.0974 0.0974 0.0974 0.0974 0.0974 0.0974 0.0974 0.0974 0.0974 0.0973 0.0972 0.0969 0.0964 0.0957 0.0946 0.0911 0.0826 0.0617 0.0398 0.0228 0.012 0.00637 0.0029 0.0024 0.0012 0.00018 3e-05 1.4e-06 1.9e-08 0.102 0.102 0.102 0.102 0.102 0.102 0.102 0.102 0.102 0.102 0.102 0.102 0.101 0.0996 0.0978 0.0955 0.0928 0.0863 0.075 0.0559 0.0397 0.0274 0.0186 0.0125 0.0056 0.00077 0.00012 5.6e-06 4.4e-07 8.7e-09 4.9e-11 0.105 0.105 0.105 0.105 0.105 0.105 0.105 0.105 0.105 0.105 0.104 0.104 0.103 0.102 0.0995 0.0969 0.0939 0.0868 0.0748 0.0552 0.0389 0.0267 0.018 0.012 0.0053 0.00072 0.00011 5e-06 3.8e-07 6.9e-09 3.2e-11 0.501 0.499 0.495 0.488 0.478 0.451 0.415 0.374 0.33 0.285 0.241 0.163 0.105 0.0669 0.045 0.0346 0.0308 0.0299 0.026 0.0116 0.00409 0.00263 0.00257 0.00225 0.0011 0.00023 0.00018 2.4e-05 7e-06 5.3e-06 1.2e-06 0.342 0.342 0.342 0.342 0.341 0.34 0.336 0.33 0.32 0.305 0.287 0.243 0.192 0.144 0.102 0.0695 0.0459 0.0205 0.0109 0.00999 0.0066 0.0032 0.00144 0.000871 0.00077 0.00028 5.8e-05 4e-05 2.1e-05 4e-06 2.7e-07 0.373 0.373 0.373 0.372 0.372 0.37 0.364 0.355 0.34 0.321 0.297 0.24 0.181 0.128 0.0861 0.0555 0.0352 0.0158 0.0106 0.00941 0.00535 0.00232 0.00108 0.000792 0.00074 0.0002 5e-05 3.8e-05 1.7e-05 2.4e-06 1.1e-07 1.94 1.87 1.67 1.39 1.08 0.545 0.228 0.0943 0.0551 0.0489 0.0486 0.0406 0.0266 0.0151 0.00793 0.00421 0.00258 0.00188 0.00176 0.000846 0.000278 0.000156 0.00015 0.000134 6.6e-05 1.3e-05 1e-05 1.4e-06 4.1e-07 3.1e-07 6.8e-08
Z 71 21 2.0 2.0 2.0 4.0 2.0 2.0 4.0 4.0 6.0 2.0 2.0 4.0 4.0 6.0 2.0 2.0 4.0 6.0 8.0 1.0 2.0 63442.0 10845.0 10373.0 9243.2 2470.5 2258.0 2016.1 1650.8 1597.8 497.84999999999997 410.19 355.05 209.38 199.32000000000002 18.96 17.32 66.34 41.52 34.22 4.45 4.03 0.0107 0.0107 0.0107 0.0107 0.0107 0.0107 0.0107 0.0107 0.0107 0.0107 0.0107 0.0107 0.0107 0.0107 0.0107 0.0107 0.0107 0.0107 0.0107 0.0106 0.0106 0.0105 0.0104 0.0104 0.01 0.0095 0.0088 0.007 0.0052 0.0027 0.00068 0.0381 0.0381 0.0381 0.0381 0.038 0.038 0.038 0.038 0.038 0.0379 0.0379 0.0378 0.0377 0.0376 0.0375 0.0373 0.0372 0.0368 0.0361 0.0346 0.0328 0.0308 0.0285 0.0261 0.021 0.011 0.0046 0.0011 0.00094 0.00064 0.00015 0.0187 0.0187 0.0187 0.0187 0.0187 0.0187 0.0187 0.0187 0.0187 0.0187 0.0187 0.0187 0.0187 0.0187 0.0187 0.0187 0.0187 0.0187 0.0187 0.0186 0.0186 0.0185 0.0184 0.0182 0.018 0.015 0.012 0.006 0.0026 0.00051 3.9e-05 0.0205 0.0205 0.0205 0.0205 0.0205 0.0205 0.0205 0.0205 0.0205 0.0205 0.0205 0.0205 0.0205 0.0205 0.0205 0.0205 0.0205 0.0205 0.0204 0.0204 0.0204 0.0202 0.0201 0.0198 0.019 0.016 0.012 0.0053 0.002 0.00031 1.6e-05 0.0842 0.0842 0.0842 0.0841 0.0841 0.084 0.0838 0.0835 0.0832 0.0828 0.0824 0.0814 0.0801 0.0787 0.0771 0.0753 0.0734 0.0691 0.0619 0.049 0.0366 0.026 0.0179 0.0124 0.0073 0.0062 0.0038 0.00053 0.0002 0.00015 3.5e-05 0.0495 0.0495 0.0495 0.0495 0.0495 0.0495 0.0495 0.0495 0.0495 0.0495 0.0495 0.0495 0.0495 0.0495 0.0494 0.0494 0.0493 0.0491 0.0485 0.0467 0.0437 0.0396 0.0345 0.029 0.019 0.0042 0.0019 0.0015 0.00078 0.00015 1.1e-05 0.0526 0.0526 0.0526 0.0526 0.0526 0.0526 0.0526 0.0526 0.0526 0.0526 0.0526 0.0526 0.0525 0.0525 0.0525 0.0524 0.0523 0.052 0.0513 0.049 0.0452 0.04 0.0341 0.0278 0.017 0.0035 0.0021 0.0015 0.00065 9.7e-05 4.5e-06 0.0342 0.0342 0.0342 0.0342 0.0342 0.0342 0.0342 0.0342 0.0342 0.0342 0.0342 0.0342 0.0342 0.0342 0.0342 0.0342 0.0342 0.0342 0.0342 0.034 0.0337 0.033 0.0319 0.0303 0.026 0.014 0.0057 0.00089 0.00016 8.9e-06 1.6e-07 0.0349 0.0349 0.0349 0.0349 0.0349 0.0349 0.0349 0.0349 0.0349 0.0349 0.0349 0.0349 0.0349 0.0349 0.0349 0.0349 0.0349 0.0349 0.0348 0.0347 0.0343 0.0336 0.0324 0.0307 0.026 0.013 0.0054 0.0008 0.00013 6.7e-06 9.3e-08 0.179 0.179 0.178 0.178 0.177 0.176 0.174 0.171 0.168 0.165 0.16 0.151 0.141 0.129 0.117 0.105 0.0928 0.0707 0.0445 0.022 0.0167 0.0165 0.0152 0.0121 0.0056 0.0015 0.0012 0.00017 4.8e-05 3.7e-05 8.5e-06 0.113 0.113 0.113 0.113 0.113 0.113 0.113 0.113 0.113 0.113 0.113 0.112 0.111 0.11 0.108 0.106 0.103 0.0945 0.0788 0.0495 0.0263 0.0133 0.00801 0.00675 0.0065 0.0022 0.00049 0.00034 0.00019 3.6e-05 2.5e-06 0.12 0.12 0.12 0.12 0.12 0.12 0.12 0.12 0.12 0.12 0.12 0.119 0.118 0.116 0.114 0.11 0.106 0.0965 0.0777 0.0454 0.0225 0.0113 0.00765 0.00712 0.0065 0.0017 0.00046 0.00035 0.00016 2.4e-05 1.1e-06 0.0931 0.0931 0.0931 0.0931 0.0931 0.0931 0.0931 0.0931 0.0931 0.0931 0.0931 0.093 0.0929 0.0927 0.0924 0.0918 0.0909 0.0882 0.0811 0.0629 0.0423 0.0253 0.0139 0.00748 0.0031 0.0024 0.0013 0.00023 4e-05 2.2e-06 3.8e-08 0.0951 0.0951 0.0951 0.0951 0.0951 0.0951 0.0951 0.0951 0.0951 0.095 0.095 0.095 0.0949 0.0946 0.0942 0.0936 0.0926 0.0896 0.0819 0.0624 0.0412 0.0241 0.013 0.00693 0.003 0.0024 0.0013 0.0002 3.4e-05 1.6e-06 2.2e-08 0.0953 0.0953 0.0953 0.0953 0.0953 0.0953 0.0953 0.0953 0.0953 0.0952 0.0952 0.095 0.0947 0.094 0.093 0.0915 0.0896 0.0846 0.0752 0.0578 0.042 0.0295 0.0203 0.0138 0.0063 0.0009 0.00015 6.9e-06 5.6e-07 1.1e-08 6.4e-11 0.0967 0.0967 0.0967 0.0967 0.0967 0.0967 0.0967 0.0967 0.0967 0.0967 0.0967 0.0965 0.0961 0.0954 0.0942 0.0927 0.0906 0.0854 0.0755 0.0575 0.0415 0.029 0.0198 0.0134 0.0061 0.00085 0.00014 6.2e-06 4.8e-07 8.9e-09 4.2e-11 0.48 0.478 0.474 0.468 0.459 0.435 0.403 0.366 0.326 0.284 0.243 0.169 0.112 0.0724 0.0487 0.0365 0.0315 0.03 0.027 0.013 0.00461 0.00272 0.00263 0.00238 0.0012 0.00023 0.00019 2.8e-05 7.3e-06 5.7e-06 1.3e-06 0.327 0.327 0.327 0.327 0.327 0.326 0.323 0.317 0.309 0.297 0.281 0.242 0.196 0.15 0.11 0.0767 0.0519 0.0235 0.0115 0.0104 0.00723 0.00366 0.00166 0.000947 0.0008 0.00032 6.5e-05 4.2e-05 2.3e-05 4.5e-06 3.2e-07 0.354 0.354 0.354 0.354 0.354 0.352 0.348 0.34 0.328 0.312 0.292 0.242 0.188 0.137 0.0952 0.0632 0.0409 0.0183 0.0111 0.0101 0.00605 0.00272 0.00124 0.000847 0.00079 0.00023 5.5e-05 4.1e-05 1.9e-05 2.8e-06 1.3e-07 0.489 0.489 0.489 0.489 0.488 0.482 0.465 0.433 0.389 0.34 0.291 0.203 0.136 0.0895 0.0578 0.0369 0.0233 0.00921 0.00282 0.00177 0.00161 0.00113 0.000664 0.000356 0.00012 7.9e-05 4.6e-05 7.9e-06 1.4e-06 7.7e-08 1.3e-09 1.77 1.72 1.56 1.33 1.07 0.594 0.276 0.121 0.0647 0.0513 0.0502 0.0456 0.033 0.0202 0.0113 0.00609 0.00356 0.00223 0.00212 0.00111 0.000375 0.00019 0.000178 0.000164 8.6e-05 1.6e-05 1.3e-05 1.9e-06 4.9e-07 3.8e-07 8.7e-08
Z 72 21 2.0 2.0 2.0 4.0 2.0 2.0 4.0 4.0 6.0 2.0 2.0 4.0 4.0 6.0 2.0 2.0 4.0 6.0 8.0 2.0 2.0 65482.0 11245.0 10763.0 9558.300000000001 2576.0 2358.1 2099.0 1725.5 1668.7 525.6899999999999 435.27000000000004 375.82 225.58999999999997 214.71 27.26 25.400000000000002 72.56 46.34 38.099999999999994 5.75 5.180000000000001 0.0105 0.0105 0.0105 0.0105 0.0105 0.0105 0.0105 0.0105 0.0105 0.0105 0.0105 0.0105 0.0105 0.0105 0.0105 0.0105 0.0105 0.0105 0.0105 0.0104 0.0104 0.0103 0.0103 0.0102 0.01 0.0094 0.0087 0.0069 0.0052 0.0027 0.00071 0.0374 0.0374 0.0374 0.0374 0.0374 0.0374 0.0373 0.0373 0.0373 0.0373 0.0372 0.0372 0.0371 0.037 0.0368 0.0367 0.0365 0.0362 0.0355 0.0341 0.0324 0.0304 0.0283 0.026 0.021 0.011 0.0048 0.0011 0.00092 0.00065 0.00015 0.0183 0.0183 0.0183 0.0183 0.0183 0.0183 0.0183 0.0183 0.0183 0.0183 0.0183 0.0183 0.0183 0.0183 0.0183 0.0183 0.0183 0.0183 0.0183 0.0183 0.0183 0.0182 0.0181 0.0179 0.017 0.015 0.012 0.0062 0.0027 0.00055 4.3e-05 0.0201 0.0201 0.0201 0.0201 0.0201 0.0201 0.0201 0.0201 0.0201 0.0201 0.0201 0.0201 0.0201 0.0201 0.0201 0.0201 0.0201 0.0201 0.0201 0.0201 0.02 0.0199 0.0198 0.0196 0.019 0.016 0.012 0.0054 0.0021 0.00033 1.7e-05 0.0826 0.0826 0.0826 0.0826 0.0825 0.0824 0.0822 0.0819 0.0816 0.0813 0.0809 0.0799 0.0788 0.0774 0.0759 0.0742 0.0724 0.0683 0.0614 0.049 0.0369 0.0265 0.0185 0.0129 0.0074 0.0061 0.004 0.00059 0.0002 0.00016 3.7e-05 0.0486 0.0486 0.0486 0.0486 0.0486 0.0486 0.0486 0.0486 0.0486 0.0486 0.0486 0.0486 0.0485 0.0485 0.0485 0.0484 0.0484 0.0482 0.0476 0.046 0.0432 0.0393 0.0346 0.0293 0.019 0.0045 0.0019 0.0015 0.00081 0.00016 1.2e-05 0.0517 0.0517 0.0517 0.0517 0.0517 0.0517 0.0517 0.0517 0.0517 0.0517 0.0517 0.0516 0.0516 0.0516 0.0515 0.0515 0.0514 0.0511 0.0504 0.0483 0.0447 0.0399 0.0342 0.0282 0.017 0.0037 0.0021 0.0016 0.00069 0.00011 5e-06 0.0336 0.0336 0.0336 0.0336 0.0336 0.0336 0.0336 0.0336 0.0336 0.0336 0.0336 0.0336 0.0336 0.0336 0.0336 0.0336 0.0336 0.0336 0.0335 0.0334 0.0331 0.0325 0.0315 0.03 0.026 0.014 0.006 0.00097 0.00017 1e-05 1.8e-07 0.0343 0.0343 0.0343 0.0343 0.0343 0.0343 0.0343 0.0343 0.0343 0.0343 0.0343 0.0343 0.0343 0.0343 0.0343 0.0343 0.0343 0.0342 0.0342 0.0341 0.0338 0.0331 0.032 0.0304 0.026 0.014 0.0057 0.00086 0.00015 7.5e-06 1.1e-07 0.175 0.175 0.174 0.174 0.174 0.172 0.17 0.168 0.165 0.161 0.158 0.149 0.139 0.128 0.116 0.105 0.0932 0.0717 0.0458 0.0226 0.0166 0.0162 0.0152 0.0125 0.006 0.0015 0.0012 0.00019 4.9e-05 3.8e-05 9.1e-06 0.11 0.11 0.11 0.11 0.11 0.11 0.11 0.11 0.11 0.11 0.11 0.11 0.109 0.108 0.106 0.104 0.101 0.0935 0.0788 0.0508 0.0277 0.0141 0.00831 0.00672 0.0065 0.0024 0.00052 0.00035 0.0002 4e-05 2.8e-06 0.118 0.118 0.118 0.118 0.118 0.118 0.118 0.118 0.117 0.117 0.117 0.117 0.115 0.114 0.112 0.109 0.105 0.0958 0.0781 0.0468 0.0237 0.0119 0.00777 0.00704 0.0066 0.0018 0.00047 0.00036 0.00017 2.6e-05 1.2e-06 0.0908 0.0908 0.0908 0.0908 0.0908 0.0908 0.0908 0.0908 0.0908 0.0908 0.0907 0.0907 0.0906 0.0905 0.0902 0.0897 0.0889 0.0865 0.0802 0.0634 0.0436 0.0267 0.015 0.00817 0.0032 0.0025 0.0014 0.00025 4.5e-05 2.5e-06 4.4e-08 0.0927 0.0927 0.0927 0.0927 0.0927 0.0927 0.0927 0.0927 0.0927 0.0927 0.0927 0.0927 0.0926 0.0924 0.092 0.0915 0.0907 0.088 0.0811 0.063 0.0425 0.0255 0.0141 0.00755 0.0031 0.0024 0.0013 0.00022 3.8e-05 1.9e-06 2.6e-08 0.0898 0.0898 0.0898 0.0898 0.0898 0.0898 0.0898 0.0898 0.0898 0.0898 0.0898 0.0897 0.0895 0.0891 0.0885 0.0875 0.0862 0.0824 0.0747 0.0591 0.044 0.0315 0.022 0.0152 0.0071 0.0011 0.00018 8.5e-06 7e-07 1.4e-08 8.2e-11 0.0907 0.0907 0.0907 0.0907 0.0907 0.0907 0.0907 0.0907 0.0907 0.0907 0.0907 0.0906 0.0904 0.0901 0.0894 0.0884 0.087 0.0832 0.0752 0.0591 0.0437 0.0311 0.0216 0.0148 0.0068 0.001 0.00017 7.7e-06 6e-07 1.1e-08 5.4e-11 0.461 0.459 0.456 0.45 0.442 0.42 0.392 0.358 0.321 0.283 0.245 0.174 0.118 0.0776 0.0524 0.0385 0.0323 0.0299 0.0278 0.0144 0.00522 0.00284 0.00268 0.00249 0.0014 0.00024 0.0002 3.2e-05 7.7e-06 6e-06 1.4e-06 0.314 0.314 0.314 0.314 0.314 0.313 0.311 0.306 0.299 0.288 0.275 0.24 0.198 0.156 0.116 0.0834 0.0578 0.0268 0.0121 0.0106 0.00784 0.00416 0.00192 0.00104 0.00082 0.00036 7.3e-05 4.4e-05 2.5e-05 5.2e-06 3.7e-07 0.338 0.338 0.338 0.338 0.338 0.336 0.333 0.327 0.317 0.303 0.286 0.242 0.193 0.145 0.103 0.0704 0.0467 0.021 0.0116 0.0106 0.00675 0.00315 0.00142 0.000909 0.00083 0.00027 6e-05 4.5e-05 2.1e-05 3.2e-06 1.5e-07 0.423 0.423 0.423 0.423 0.423 0.42 0.412 0.396 0.371 0.339 0.302 0.229 0.165 0.115 0.0779 0.0519 0.034 0.0142 0.00424 0.00224 0.0021 0.00154 0.000937 0.000515 0.00016 0.0001 6.3e-05 1.1e-05 2.1e-06 1.1e-07 2e-09 1.68 1.63 1.5 1.3 1.07 0.621 0.308 0.141 0.0727 0.0526 0.0496 0.0472 0.0366 0.024 0.0141 0.00785 0.00453 0.00247 0.00231 0.00134 0.00047 0.000217 0.000195 0.000185 0.0001 1.7e-05 1.5e-05 2.4e-06 5.5e-07 4.3e-07 1e-07
Z 73 21 2.0 2.0 2.0 4.0 2.0 2.0 4.0 4.0 6.0 2.0 2.0 4.0 4.0 6.0 2.0 2.0 4.0 6.0 8.0 3.0 2.0 67565.0 11656.0 11163.0 9879.199999999999 2684.7 2461.4 2184.1 1802.3 1741.6000000000001 554.65 461.40999999999997 397.35999999999996 242.48 230.72 36.14 34.04 78.81 51.150000000000006 41.89 7.01 6.3 0.0103 0.0103 0.0103 0.0103 0.0103 0.0103 0.0103 0.0103 0.0103 0.0103 0.0103 0.0103 0.0103 0.0103 0.0103 0.0103 0.0103 0.0103 0.0103 0.0103 0.0102 0.0102 0.0101 0.01 0.0098 0.0093 0.0086 0.0069 0.0052 0.0028 0.00074 0.0367 0.0367 0.0367 0.0367 0.0367 0.0367 0.0367 0.0367 0.0366 0.0366 0.0366 0.0365 0.0364 0.0363 0.0362 0.0361 0.0359 0.0356 0.0349 0.0336 0.032 0.0301 0.028 0.0259 0.021 0.011 0.005 0.0011 0.0009 0.00066 0.00016 0.018 0.018 0.018 0.018 0.018 0.018 0.018 0.018 0.018 0.018 0.018 0.018 0.018 0.018 0.018 0.018 0.018 0.018 0.018 0.018 0.0179 0.0179 0.0178 0.0176 0.017 0.015 0.012 0.0063 0.0029 0.00059 4.8e-05 0.0198 0.0198 0.0198 0.0198 0.0198 0.0198 0.0198 0.0198 0.0198 0.0198 0.0198 0.0198 0.0198 0.0198 0.0198 0.0198 0.0198 0.0198 0.0198 0.0198 0.0197 0.0196 0.0195 0.0193 0.019 0.016 0.012 0.0055 0.0022 0.00036 1.9e-05 0.0811 0.0811 0.081 0.081 0.081 0.0808 0.0806 0.0804 0.0801 0.0798 0.0794 0.0785 0.0774 0.0761 0.0747 0.0731 0.0713 0.0675 0.0609 0.049 0.0373 0.0271 0.019 0.0133 0.0075 0.0061 0.0041 0.00065 0.0002 0.00016 4e-05 0.0476 0.0476 0.0476 0.0476 0.0476 0.0476 0.0476 0.0476 0.0476 0.0476 0.0476 0.0476 0.0476 0.0476 0.0476 0.0475 0.0475 0.0473 0.0468 0.0453 0.0427 0.0391 0.0345 0.0295 0.02 0.0048 0.0019 0.0016 0.00085 0.00018 1.3e-05 0.0508 0.0508 0.0508 0.0508 0.0508 0.0508 0.0508 0.0508 0.0508 0.0508 0.0508 0.0507 0.0507 0.0507 0.0507 0.0506 0.0505 0.0503 0.0496 0.0476 0.0443 0.0398 0.0343 0.0285 0.018 0.0039 0.002 0.0016 0.00072 0.00011 5.5e-06 0.033 0.033 0.033 0.033 0.033 0.033 0.033 0.033 0.033 0.033 0.033 0.033 0.033 0.033 0.033 0.033 0.033 0.0329 0.0329 0.0328 0.0326 0.032 0.0311 0.0297 0.026 0.014 0.0063 0.001 0.00019 1.1e-05 2.1e-07 0.0337 0.0337 0.0337 0.0337 0.0337 0.0337 0.0337 0.0337 0.0337 0.0337 0.0337 0.0337 0.0337 0.0337 0.0337 0.0337 0.0337 0.0336 0.0336 0.0335 0.0332 0.0326 0.0316 0.0301 0.026 0.014 0.006 0.00093 0.00016 8.4e-06 1.2e-07 0.171 0.171 0.171 0.17 0.17 0.168 0.167 0.164 0.162 0.158 0.155 0.147 0.137 0.127 0.116 0.105 0.0935 0.0727 0.0471 0.0232 0.0165 0.016 0.0152 0.0128 0.0064 0.0015 0.0013 0.00022 4.9e-05 3.9e-05 9.7e-06 0.108 0.108 0.108 0.108 0.108 0.108 0.108 0.108 0.108 0.108 0.108 0.107 0.107 0.105 0.104 0.102 0.0993 0.0925 0.0788 0.052 0.0292 0.0151 0.00867 0.00673 0.0064 0.0025 0.00056 0.00035 0.00021 4.3e-05 3.2e-06 0.115 0.115 0.115 0.115 0.115 0.115 0.115 0.115 0.115 0.115 0.115 0.114 0.113 0.112 0.11 0.107 0.104 0.0951 0.0784 0.0482 0.025 0.0126 0.00794 0.00698 0.0066 0.002 0.00049 0.00037 0.00018 2.8e-05 1.3e-06 0.0885 0.0885 0.0885 0.0885 0.0885 0.0885 0.0885 0.0885 0.0885 0.0885 0.0885 0.0885 0.0884 0.0882 0.088 0.0876 0.0869 0.0849 0.0792 0.0637 0.0449 0.0281 0.0162 0.00891 0.0034 0.0025 0.0015 0.00027 5e-05 2.9e-06 5.2e-08 0.0905 0.0905 0.0905 0.0905 0.0905 0.0905 0.0905 0.0905 0.0905 0.0905 0.0905 0.0904 0.0904 0.0902 0.0899 0.0894 0.0887 0.0864 0.0802 0.0635 0.0438 0.0269 0.0151 0.00822 0.0032 0.0025 0.0014 0.00024 4.2e-05 2.1e-06 3e-08 0.0853 0.0853 0.0853 0.0853 0.0853 0.0853 0.0853 0.0853 0.0853 0.0853 0.0852 0.0852 0.0851 0.0848 0.0844 0.0837 0.0828 0.08 0.0737 0.0599 0.0456 0.0333 0.0236 0.0165 0.0079 0.0012 0.00021 1e-05 8.6e-07 1.8e-08 1e-10 0.0858 0.0858 0.0858 0.0858 0.0858 0.0858 0.0858 0.0858 0.0858 0.0858 0.0858 0.0858 0.0857 0.0855 0.0851 0.0844 0.0835 0.0807 0.0743 0.0601 0.0455 0.033 0.0233 0.0162 0.0076 0.0012 0.0002 9.3e-06 7.5e-07 1.4e-08 6.9e-11 0.443 0.442 0.439 0.434 0.427 0.407 0.381 0.35 0.316 0.281 0.245 0.178 0.123 0.0827 0.0561 0.0408 0.0333 0.0298 0.0284 0.0158 0.00591 0.00299 0.00273 0.00259 0.0015 0.00025 0.00021 3.8e-05 8.1e-06 6.3e-06 1.6e-06 0.302 0.302 0.302 0.302 0.302 0.301 0.299 0.295 0.289 0.28 0.268 0.237 0.2 0.16 0.122 0.0896 0.0635 0.0304 0.013 0.0108 0.00841 0.00468 0.0022 0.00115 0.00084 0.0004 8.3e-05 4.6e-05 2.8e-05 5.8e-06 4.3e-07 0.324 0.324 0.324 0.324 0.324 0.323 0.32 0.315 0.306 0.295 0.28 0.241 0.196 0.151 0.11 0.0773 0.0525 0.0239 0.0121 0.0111 0.00745 0.00363 0.00163 0.000981 0.00087 0.0003 6.6e-05 4.8e-05 2.3e-05 3.6e-06 1.7e-07 0.382 0.382 0.382 0.382 0.382 0.381 0.376 0.367 0.35 0.328 0.301 0.241 0.182 0.133 0.0941 0.0651 0.0441 0.0195 0.00587 0.0026 0.00249 0.00191 0.00121 0.00068 0.00021 0.00012 7.8e-05 1.5e-05 2.7e-06 1.6e-07 2.8e-09 1.61 1.56 1.44 1.27 1.06 0.64 0.333 0.159 0.0806 0.0542 0.0487 0.0472 0.0388 0.0269 0.0166 0.00961 0.00556 0.00271 0.00242 0.00154 0.00057 0.000245 0.000208 0.000201 0.00012 1.9e-05 1.6e-05 2.9e-06 6.1e-07 4.8e-07 1.2e-07
Z 74 21 2.0 2.0 2.0 4.0 2.0 2.0 4.0 4.0 6.0 2.0 2.0 4.0 4.0 6.0 2.0 2.0 4.0 6.0 8.0 4.0 2.0 69689.0 12077.0 11573.0 10206.0 2796.5 2567.7999999999997 2271.2000000000003 1881.1 1816.2 584.6999999999999 488.61 419.62 260.05 247.33999999999997 45.61 43.25 85.14 56.02 45.65 8.27 7.41 0.0101 0.0101 0.0101 0.0101 0.0101 0.0101 0.0101 0.0101 0.0101 0.0101 0.0101 0.0101 0.0101 0.0101 0.0101 0.0101 0.0101 0.0101 0.0101 0.0101 0.01 0.00998 0.00992 0.00985 0.0097 0.0091 0.0085 0.0068 0.0052 0.0028 0.00077 0.0361 0.0361 0.0361 0.0361 0.0361 0.036 0.036 0.036 0.036 0.036 0.0359 0.0359 0.0358 0.0357 0.0356 0.0354 0.0353 0.035 0.0344 0.0331 0.0316 0.0298 0.0278 0.0257 0.021 0.012 0.0053 0.0012 0.00089 0.00067 0.00017 0.0177 0.0177 0.0177 0.0177 0.0177 0.0177 0.0177 0.0177 0.0177 0.0177 0.0177 0.0177 0.0177 0.0177 0.0177 0.0176 0.0176 0.0176 0.0176 0.0176 0.0176 0.0175 0.0174 0.0173 0.017 0.015 0.012 0.0064 0.003 0.00063 5.3e-05 0.0195 0.0195 0.0195 0.0195 0.0195 0.0195 0.0195 0.0195 0.0195 0.0195 0.0195 0.0195 0.0195 0.0195 0.0195 0.0195 0.0195 0.0195 0.0195 0.0195 0.0194 0.0194 0.0192 0.019 0.018 0.016 0.012 0.0057 0.0023 0.00038 2e-05 0.0796 0.0796 0.0795 0.0795 0.0795 0.0793 0.0792 0.0789 0.0787 0.0784 0.078 0.0771 0.0761 0.0749 0.0735 0.072 0.0703 0.0667 0.0604 0.0489 0.0376 0.0276 0.0195 0.0137 0.0077 0.006 0.0042 0.00071 0.0002 0.00016 4.2e-05 0.0467 0.0467 0.0467 0.0467 0.0467 0.0467 0.0467 0.0467 0.0467 0.0467 0.0467 0.0467 0.0467 0.0467 0.0467 0.0466 0.0466 0.0464 0.046 0.0446 0.0422 0.0388 0.0345 0.0297 0.02 0.0051 0.0019 0.0016 0.00088 0.00019 1.5e-05 0.0499 0.0499 0.0499 0.0499 0.0499 0.0499 0.0499 0.0499 0.0499 0.0499 0.0499 0.0499 0.0499 0.0498 0.0498 0.0497 0.0497 0.0494 0.0489 0.047 0.0439 0.0396 0.0344 0.0288 0.018 0.0041 0.002 0.0016 0.00075 0.00012 6e-06 0.0324 0.0324 0.0324 0.0324 0.0324 0.0324 0.0324 0.0324 0.0324 0.0324 0.0324 0.0324 0.0324 0.0324 0.0324 0.0324 0.0324 0.0324 0.0323 0.0323 0.032 0.0315 0.0307 0.0294 0.026 0.015 0.0066 0.0011 0.00021 1.3e-05 2.4e-07 0.0331 0.0331 0.0331 0.0331 0.0331 0.0331 0.0331 0.0331 0.0331 0.0331 0.0331 0.0331 0.0331 0.0331 0.0331 0.0331 0.0331 0.0331 0.033 0.0329 0.0327 0.0321 0.0312 0.0298 0.026 0.014 0.0062 0.001 0.00018 9.4e-06 1.4e-07 0.167 0.167 0.167 0.166 0.166 0.165 0.163 0.161 0.158 0.155 0.152 0.144 0.135 0.125 0.115 0.104 0.0937 0.0735 0.0483 0.0239 0.0165 0.0158 0.0152 0.013 0.0068 0.0015 0.0013 0.00024 5.1e-05 4e-05 1e-05 0.105 0.105 0.105 0.105 0.105 0.105 0.105 0.105 0.105 0.105 0.105 0.105 0.104 0.103 0.102 0.1 0.0977 0.0914 0.0787 0.0531 0.0306 0.016 0.00909 0.00678 0.0064 0.0027 0.0006 0.00035 0.00021 4.7e-05 3.6e-06 0.113 0.113 0.113 0.113 0.113 0.113 0.113 0.113 0.113 0.112 0.112 0.112 0.111 0.11 0.108 0.105 0.102 0.0943 0.0786 0.0494 0.0263 0.0133 0.00815 0.00694 0.0067 0.0021 0.00051 0.00038 0.00019 3e-05 1.5e-06 0.0863 0.0863 0.0863 0.0863 0.0863 0.0863 0.0863 0.0863 0.0863 0.0863 0.0863 0.0863 0.0862 0.0861 0.0859 0.0855 0.085 0.0832 0.0782 0.0639 0.046 0.0295 0.0173 0.00969 0.0036 0.0025 0.0015 0.0003 5.6e-05 3.3e-06 6e-08 0.0883 0.0883 0.0883 0.0883 0.0883 0.0883 0.0883 0.0883 0.0883 0.0883 0.0883 0.0883 0.0882 0.0881 0.0878 0.0874 0.0868 0.0848 0.0792 0.0638 0.045 0.0282 0.0162 0.00893 0.0034 0.0025 0.0015 0.00027 4.7e-05 2.4e-06 3.4e-08 0.0813 0.0813 0.0813 0.0813 0.0813 0.0813 0.0813 0.0813 0.0813 0.0813 0.0813 0.0813 0.0812 0.0811 0.0808 0.0803 0.0796 0.0775 0.0724 0.0603 0.0469 0.0349 0.0252 0.0178 0.0087 0.0014 0.00025 1.2e-05 1.1e-06 2.2e-08 1.3e-10 0.0817 0.0817 0.0817 0.0817 0.0817 0.0817 0.0817 0.0817 0.0817 0.0817 0.0817 0.0817 0.0816 0.0815 0.0812 0.0808 0.0801 0.0781 0.073 0.0606 0.047 0.0347 0.0249 0.0175 0.0084 0.0013 0.00023 1.1e-05 9.2e-07 1.8e-08 8.7e-11 0.427 0.426 0.423 0.418 0.412 0.394 0.371 0.342 0.311 0.278 0.245 0.182 0.128 0.0875 0.0599 0.0432 0.0345 0.0297 0.0287 0.0171 0.00668 0.00317 0.00276 0.00268 0.0016 0.00026 0.00022 4.3e-05 8.6e-06 6.6e-06 1.7e-06 0.291 0.291 0.291 0.291 0.291 0.29 0.289 0.285 0.28 0.272 0.262 0.234 0.2 0.163 0.127 0.0954 0.0691 0.0341 0.014 0.0109 0.00894 0.00522 0.00253 0.00128 0.00085 0.00044 9.5e-05 4.7e-05 3e-05 6.5e-06 4.9e-07 0.311 0.311 0.311 0.311 0.311 0.31 0.308 0.303 0.296 0.286 0.273 0.239 0.198 0.156 0.117 0.0837 0.0581 0.0271 0.0128 0.0114 0.00811 0.00413 0.00187 0.00106 0.0009 0.00035 7.3e-05 5.1e-05 2.5e-05 4.1e-06 2e-07 0.352 0.352 0.352 0.352 0.352 0.351 0.349 0.342 0.331 0.315 0.295 0.245 0.194 0.147 0.108 0.0769 0.0537 0.025 0.00777 0.00293 0.0028 0.00225 0.00147 0.000854 0.00027 0.00014 9.3e-05 1.9e-05 3.5e-06 2e-07 3.7e-09 1.55 1.51 1.4 1.24 1.04 0.654 0.354 0.174 0.0885 0.0562 0.0478 0.0465 0.04 0.0291 0.0188 0.0113 0.00666 0.00299 0.00248 0.00172 0.000677 0.000275 0.000217 0.000213 0.00014 2.1e-05 1.7e-05 3.4e-06 6.7e-07 5.1e-07 1.3e-07
Z 75 22 2.0 2.0 2.0 4.0 2.0 2.0 4.0 4.0 6.0 2.0 2.0 4.0 4.0 6.0 2.0 2.0 4.0 6.0 8.0 4.0 1.0 2.0 71856.0 12508.0 11993.0 10538.0 2911.6 2677.4 2360.5 1961.8000000000002 1892.7 615.83 516.83 442.59 278.26 264.54 55.64 52.99 91.57000000000001 60.97 49.4 9.52 8.5 8.06 0.00997 0.00997 0.00997 0.00997 0.00997 0.00997 0.00997 0.00997 0.00997 0.00997 0.00997 0.00997 0.00996 0.00996 0.00996 0.00996 0.00995 0.00994 0.00993 0.0099 0.00986 0.00981 0.00975 0.00968 0.0095 0.009 0.0083 0.0068 0.0053 0.0029 0.0008 0.0354 0.0354 0.0354 0.0354 0.0354 0.0354 0.0354 0.0354 0.0354 0.0353 0.0353 0.0353 0.0352 0.0351 0.035 0.0348 0.0347 0.0344 0.0338 0.0326 0.0311 0.0294 0.0276 0.0255 0.021 0.012 0.0055 0.0012 0.00087 0.00068 0.00018 0.0173 0.0173 0.0173 0.0173 0.0173 0.0173 0.0173 0.0173 0.0173 0.0173 0.0173 0.0173 0.0173 0.0173 0.0173 0.0173 0.0173 0.0173 0.0173 0.0173 0.0173 0.0172 0.0171 0.017 0.017 0.015 0.012 0.0066 0.0031 0.00068 5.8e-05 0.0192 0.0192 0.0192 0.0192 0.0192 0.0192 0.0192 0.0192 0.0192 0.0192 0.0192 0.0192 0.0192 0.0192 0.0192 0.0192 0.0192 0.0192 0.0192 0.0192 0.0191 0.0191 0.0189 0.0188 0.018 0.016 0.012 0.0058 0.0024 0.00041 2.2e-05 0.0781 0.0781 0.0781 0.078 0.078 0.0779 0.0777 0.0775 0.0773 0.077 0.0766 0.0758 0.0748 0.0737 0.0724 0.0709 0.0694 0.0658 0.0599 0.0489 0.0379 0.028 0.0201 0.0142 0.0079 0.0059 0.0043 0.00078 0.0002 0.00016 4.4e-05 0.0458 0.0458 0.0458 0.0458 0.0458 0.0458 0.0458 0.0458 0.0458 0.0458 0.0458 0.0458 0.0458 0.0458 0.0458 0.0457 0.0457 0.0455 0.0451 0.0439 0.0417 0.0385 0.0344 0.0299 0.021 0.0054 0.0019 0.0016 0.00091 0.0002 1.6e-05 0.0491 0.0491 0.0491 0.0491 0.0491 0.0491 0.0491 0.0491 0.0491 0.0491 0.0491 0.049 0.049 0.049 0.049 0.0489 0.0488 0.0486 0.0481 0.0464 0.0435 0.0394 0.0344 0.029 0.019 0.0043 0.002 0.0016 0.00079 0.00013 6.6e-06 0.0318 0.0318 0.0318 0.0318 0.0318 0.0318 0.0318 0.0318 0.0318 0.0318 0.0318 0.0318 0.0318 0.0318 0.0318 0.0318 0.0318 0.0318 0.0318 0.0317 0.0315 0.031 0.0302 0.0291 0.026 0.015 0.0069 0.0012 0.00023 1.4e-05 2.7e-07 0.0325 0.0325 0.0325 0.0325 0.0325 0.0325 0.0325 0.0325 0.0325 0.0325 0.0325 0.0325 0.0325 0.0325 0.0325 0.0325 0.0325 0.0325 0.0325 0.0324 0.0322 0.0316 0.0308 0.0295 0.026 0.015 0.0065 0.0011 0.00019 1.1e-05 1.6e-07 0.163 0.163 0.163 0.163 0.162 0.161 0.16 0.158 0.155 0.152 0.149 0.142 0.133 0.124 0.114 0.104 0.0939 0.0743 0.0495 0.0247 0.0165 0.0155 0.0151 0.0132 0.0073 0.0015 0.0013 0.00027 5.3e-05 4e-05 1.1e-05 0.103 0.103 0.103 0.103 0.103 0.103 0.103 0.103 0.103 0.103 0.103 0.103 0.102 0.101 0.0999 0.0982 0.096 0.0903 0.0785 0.0541 0.0319 0.0171 0.00956 0.00686 0.0063 0.0029 0.00066 0.00035 0.00022 5.1e-05 4e-06 0.11 0.11 0.11 0.11 0.11 0.11 0.11 0.11 0.11 0.11 0.11 0.109 0.109 0.108 0.106 0.104 0.101 0.0934 0.0787 0.0506 0.0276 0.0141 0.00841 0.00693 0.0067 0.0023 0.00053 0.00038 0.0002 3.3e-05 1.6e-06 0.0842 0.0842 0.0842 0.0842 0.0842 0.0842 0.0842 0.0842 0.0842 0.0842 0.0842 0.0842 0.0841 0.084 0.0838 0.0835 0.0831 0.0815 0.0771 0.064 0.047 0.0308 0.0185 0.0105 0.0038 0.0025 0.0016 0.00033 6.3e-05 3.7e-06 6.9e-08 0.0862 0.0862 0.0862 0.0862 0.0862 0.0862 0.0862 0.0862 0.0862 0.0862 0.0862 0.0862 0.0861 0.086 0.0858 0.0854 0.0849 0.0831 0.0782 0.064 0.0461 0.0296 0.0174 0.00969 0.0036 0.0025 0.0015 0.00029 5.2e-05 2.8e-06 3.9e-08 0.0777 0.0777 0.0777 0.0777 0.0777 0.0777 0.0777 0.0777 0.0777 0.0777 0.0777 0.0776 0.0776 0.0775 0.0773 0.077 0.0765 0.075 0.0709 0.0605 0.0481 0.0364 0.0267 0.0191 0.0095 0.0016 0.00029 1.5e-05 1.3e-06 2.7e-08 1.7e-10 0.0782 0.0782 0.0782 0.0782 0.0782 0.0782 0.0782 0.0782 0.0782 0.0782 0.0782 0.0782 0.0782 0.0781 0.0779 0.0776 0.0771 0.0756 0.0715 0.0608 0.0481 0.0362 0.0264 0.0188 0.0092 0.0015 0.00027 1.3e-05 1.1e-06 2.2e-08 1.1e-10 0.412 0.411 0.408 0.404 0.398 0.382 0.36 0.335 0.306 0.275 0.244 0.184 0.132 0.0921 0.0637 0.0458 0.0359 0.0297 0.0289 0.0185 0.00754 0.00341 0.0028 0.00275 0.0018 0.00028 0.00023 4.9e-05 9.2e-06 6.9e-06 1.9e-06 0.279 0.279 0.279 0.279 0.279 0.279 0.277 0.274 0.27 0.263 0.255 0.231 0.2 0.166 0.132 0.101 0.0751 0.0384 0.0155 0.011 0.00949 0.00584 0.00291 0.00146 0.00088 0.00049 0.00011 4.9e-05 3.2e-05 7.4e-06 5.7e-07 0.3 0.3 0.3 0.3 0.3 0.299 0.297 0.293 0.287 0.279 0.267 0.237 0.199 0.16 0.122 0.0895 0.0634 0.0304 0.0136 0.0116 0.00872 0.00464 0.00213 0.00116 0.00093 0.00039 8.1e-05 5.3e-05 2.8e-05 4.7e-06 2.3e-07 0.327 0.327 0.327 0.327 0.327 0.327 0.325 0.321 0.313 0.302 0.286 0.246 0.201 0.157 0.119 0.0878 0.0632 0.031 0.0101 0.00329 0.00309 0.00259 0.00176 0.00105 0.00033 0.00016 0.00011 2.3e-05 4.4e-06 2.6e-07 4.8e-09 0.346 0.346 0.346 0.346 0.346 0.346 0.343 0.337 0.327 0.312 0.292 0.245 0.195 0.149 0.11 0.0795 0.0561 0.0266 0.00838 0.00308 0.00294 0.00238 0.00156 0.000905 0.00029 0.00015 9.9e-05 1.9e-05 3.4e-06 1.8e-07 2.6e-09 1.49 1.46 1.36 1.21 1.03 0.666 0.374 0.191 0.0978 0.0593 0.0476 0.0455 0.0409 0.0312 0.0211 0.0132 0.00792 0.00337 0.00253 0.00191 0.0008 0.000314 0.000228 0.000224 0.00015 2.2e-05 1.9e-05 4e-06 7.4e-07 5.5e-07 1.5e-07
Z 76 22 2.0 2.0 2.0 4.0 2.0 2.0 4.0 4.0 6.0 2.0 2.0 4.0 4.0 6.0 2.0 2.0 4.0 6.0 8.0 4.0 2.0 2.0 74066.0 12950.0 12424.0 10877.0 3030.0 2790.2000000000003 2451.7 2044.4999999999998 1970.8999999999999 648.03 546.0699999999999 466.22999999999996 297.08000000000004 282.28999999999996 66.21000000000001 63.26 98.12 66.01 53.15 10.79 9.6 8.389999999999999 0.0098 0.0098 0.0098 0.0098 0.0098 0.00979 0.00979 0.00979 0.00979 0.00979 0.00979 0.00979 0.00979 0.00979 0.00978 0.00978 0.00978 0.00977 0.00976 0.00973 0.00969 0.00964 0.00958 0.00952 0.0094 0.0089 0.0082 0.0068 0.0053 0.0029 0.00083 0.0348 0.0348 0.0348 0.0348 0.0348 0.0348 0.0348 0.0348 0.0348 0.0347 0.0347 0.0346 0.0346 0.0345 0.0344 0.0343 0.0341 0.0338 0.0333 0.0321 0.0307 0.0291 0.0273 0.0254 0.021 0.012 0.0057 0.0013 0.00086 0.00069 0.00019 0.017 0.017 0.017 0.017 0.017 0.017 0.017 0.017 0.017 0.017 0.017 0.017 0.017 0.017 0.017 0.017 0.017 0.017 0.017 0.017 0.017 0.0169 0.0168 0.0167 0.016 0.015 0.012 0.0067 0.0032 0.00072 6.3e-05 0.0189 0.0189 0.0189 0.0189 0.0189 0.0189 0.0189 0.0189 0.0189 0.0189 0.0189 0.0189 0.0189 0.0189 0.0189 0.0189 0.0189 0.0189 0.0189 0.0189 0.0189 0.0188 0.0187 0.0185 0.018 0.016 0.012 0.0059 0.0025 0.00043 2.4e-05 0.0767 0.0767 0.0767 0.0766 0.0766 0.0765 0.0763 0.0761 0.0759 0.0756 0.0753 0.0745 0.0736 0.0725 0.0713 0.0699 0.0684 0.065 0.0593 0.0488 0.0381 0.0285 0.0206 0.0146 0.008 0.0058 0.0044 0.00085 0.00021 0.00016 4.7e-05 0.045 0.045 0.045 0.045 0.045 0.045 0.045 0.045 0.045 0.045 0.045 0.045 0.045 0.045 0.0449 0.0449 0.0449 0.0447 0.0444 0.0432 0.0411 0.0381 0.0343 0.03 0.021 0.0058 0.0019 0.0016 0.00094 0.00022 1.8e-05 0.0482 0.0482 0.0482 0.0482 0.0482 0.0482 0.0482 0.0482 0.0482 0.0482 0.0482 0.0482 0.0482 0.0482 0.0482 0.0481 0.0481 0.0479 0.0474 0.0458 0.043 0.0392 0.0344 0.0293 0.019 0.0046 0.002 0.0017 0.00082 0.00014 7.2e-06 0.0312 0.0312 0.0312 0.0312 0.0312 0.0312 0.0312 0.0312 0.0312 0.0312 0.0312 0.0312 0.0312 0.0312 0.0312 0.0312 0.0312 0.0312 0.0312 0.0312 0.031 0.0305 0.0298 0.0288 0.026 0.015 0.0072 0.0013 0.00025 1.6e-05 3.1e-07 0.032 0.032 0.032 0.032 0.032 0.032 0.032 0.032 0.032 0.032 0.032 0.032 0.032 0.032 0.032 0.032 0.032 0.032 0.0319 0.0319 0.0316 0.0312 0.0304 0.0292 0.026 0.015 0.0068 0.0012 0.00021 1.2e-05 1.8e-07 0.16 0.16 0.16 0.159 0.159 0.158 0.156 0.154 0.152 0.15 0.147 0.14 0.132 0.123 0.113 0.104 0.0939 0.075 0.0506 0.0255 0.0166 0.0153 0.015 0.0134 0.0077 0.0015 0.0013 0.00029 5.5e-05 4.1e-05 1.2e-05 0.101 0.101 0.101 0.101 0.101 0.101 0.101 0.101 0.101 0.101 0.101 0.1 0.0998 0.099 0.0979 0.0964 0.0944 0.0892 0.0782 0.055 0.0332 0.0181 0.0101 0.00699 0.0062 0.0031 0.00072 0.00035 0.00023 5.5e-05 4.4e-06 0.108 0.108 0.108 0.108 0.108 0.108 0.108 0.108 0.108 0.108 0.108 0.107 0.107 0.105 0.104 0.102 0.0993 0.0924 0.0786 0.0517 0.0288 0.0149 0.00872 0.00693 0.0066 0.0025 0.00056 0.00039 0.00021 3.6e-05 1.8e-06 0.0822 0.0822 0.0822 0.0822 0.0822 0.0822 0.0822 0.0822 0.0822 0.0822 0.0822 0.0822 0.0821 0.0821 0.0819 0.0816 0.0812 0.0799 0.076 0.064 0.0479 0.0321 0.0197 0.0114 0.004 0.0025 0.0017 0.00035 7e-05 4.2e-06 8e-08 0.0842 0.0842 0.0842 0.0842 0.0842 0.0842 0.0842 0.0842 0.0842 0.0842 0.0841 0.0841 0.0841 0.084 0.0838 0.0835 0.083 0.0815 0.0771 0.0641 0.0471 0.0309 0.0185 0.0105 0.0038 0.0025 0.0016 0.00032 5.8e-05 3.1e-06 4.5e-08 0.0744 0.0744 0.0744 0.0744 0.0744 0.0744 0.0744 0.0744 0.0744 0.0744 0.0744 0.0744 0.0744 0.0743 0.0742 0.074 0.0737 0.0725 0.0693 0.0603 0.049 0.0377 0.0281 0.0204 0.01 0.0018 0.00034 1.8e-05 1.5e-06 3.4e-08 2.1e-10 0.0751 0.0751 0.0751 0.0751 0.0751 0.0751 0.0751 0.0751 0.0751 0.0751 0.0751 0.0751 0.0751 0.075 0.0749 0.0747 0.0743 0.0732 0.0699 0.0606 0.049 0.0375 0.0277 0.02 0.01 0.0017 0.00031 1.6e-05 1.3e-06 2.7e-08 1.4e-10 0.397 0.397 0.394 0.39 0.385 0.37 0.351 0.327 0.301 0.272 0.243 0.186 0.136 0.0964 0.0675 0.0485 0.0374 0.0297 0.0289 0.0197 0.00846 0.0037 0.00285 0.00281 0.0019 0.00029 0.00024 5.6e-05 9.9e-06 7.1e-06 2.1e-06 0.268 0.268 0.268 0.268 0.268 0.268 0.267 0.264 0.261 0.255 0.247 0.227 0.199 0.168 0.137 0.107 0.0807 0.0428 0.0171 0.0111 0.00997 0.00645 0.00334 0.00166 0.0009 0.00055 0.00013 5.1e-05 3.5e-05 8.3e-06 6.6e-07 0.29 0.29 0.29 0.29 0.29 0.289 0.287 0.284 0.279 0.271 0.261 0.234 0.2 0.163 0.127 0.0948 0.0685 0.0338 0.0145 0.0117 0.00928 0.00518 0.00242 0.00127 0.00095 0.00043 9e-05 5.6e-05 3e-05 5.2e-06 2.6e-07 0.307 0.307 0.307 0.307 0.307 0.307 0.306 0.303 0.298 0.289 0.277 0.244 0.205 0.165 0.128 0.0973 0.0719 0.037 0.0126 0.00368 0.00332 0.0029 0.00205 0.00126 0.00041 0.00017 0.00012 2.7e-05 5.4e-06 3.3e-07 6.1e-09 0.324 0.324 0.324 0.324 0.324 0.324 0.322 0.318 0.311 0.299 0.284 0.245 0.201 0.158 0.12 0.0894 0.0647 0.0322 0.0106 0.00341 0.00319 0.00269 0.00184 0.00109 0.00035 0.00017 0.00011 2.3e-05 4.2e-06 2.3e-07 3.3e-09 1.44 1.41 1.32 1.19 1.02 0.676 0.392 0.207 0.107 0.0629 0.0477 0.0443 0.0412 0.0328 0.0231 0.0149 0.00921 0.0038 0.00255 0.00206 0.000929 0.000359 0.000238 0.000233 0.00017 2.4e-05 2e-05 4.7e-06 8.1e-07 5.8e-07 1.7e-07
Z 77 22 2.0 2.0 2.0 4.0 2.0 2.0 4.0 4.0 6.0 2.0 2.0 4.0 4.0 6.0 2.0 2.0 4.0 6.0 8.0 4.0 3.0 2.0 76314.0 13396.0 12859.0 11214.0 3145.7 2900.2 2539.0 2123.2 2044.7999999999997 675.3199999999999 570.3499999999999 484.55 310.52 294.58000000000004 71.33 68.06 99.14 65.67999999999999 51.66 7.989999999999999 6.79 6.79 0.00962 0.00962 0.00962 0.00962 0.00962 0.00962 0.00962 0.00962 0.00962 0.00962 0.00962 0.00962 0.00962 0.00962 0.00961 0.00961 0.00961 0.0096 0.00959 0.00956 0.00952 0.00948 0.00942 0.00936 0.0092 0.0087 0.0081 0.0067 0.0053 0.0029 0.00086 0.0342 0.0342 0.0342 0.0342 0.0342 0.0342 0.0342 0.0342 0.0342 0.0341 0.0341 0.0341 0.034 0.0339 0.0338 0.0337 0.0336 0.0333 0.0328 0.0317 0.0303 0.0288 0.027 0.0252 0.021 0.012 0.0059 0.0013 0.00084 0.00069 0.0002 0.0167 0.0167 0.0167 0.0167 0.0167 0.0167 0.0167 0.0167 0.0167 0.0167 0.0167 0.0167 0.0167 0.0167 0.0167 0.0167 0.0167 0.0167 0.0167 0.0167 0.0167 0.0166 0.0165 0.0164 0.016 0.015 0.012 0.0068 0.0033 0.00077 6.9e-05 0.0187 0.0187 0.0187 0.0187 0.0187 0.0187 0.0187 0.0187 0.0187 0.0187 0.0187 0.0187 0.0187 0.0187 0.0187 0.0187 0.0187 0.0187 0.0187 0.0186 0.0186 0.0185 0.0184 0.0183 0.018 0.016 0.012 0.0061 0.0026 0.00046 2.6e-05 0.0753 0.0753 0.0753 0.0753 0.0752 0.0751 0.075 0.0748 0.0746 0.0743 0.074 0.0732 0.0724 0.0713 0.0702 0.0688 0.0674 0.0642 0.0588 0.0487 0.0383 0.0289 0.021 0.0151 0.0082 0.0057 0.0045 0.00092 0.00021 0.00016 4.9e-05 0.0442 0.0442 0.0442 0.0442 0.0442 0.0442 0.0442 0.0442 0.0442 0.0442 0.0442 0.0442 0.0442 0.0441 0.0441 0.0441 0.044 0.0439 0.0436 0.0425 0.0406 0.0378 0.0342 0.0301 0.021 0.0061 0.002 0.0016 0.00097 0.00023 2e-05 0.0475 0.0475 0.0475 0.0475 0.0475 0.0475 0.0475 0.0475 0.0475 0.0475 0.0475 0.0474 0.0474 0.0474 0.0474 0.0473 0.0473 0.0471 0.0466 0.0451 0.0426 0.0389 0.0344 0.0294 0.02 0.0048 0.002 0.0017 0.00085 0.00015 7.9e-06 0.0307 0.0307 0.0307 0.0307 0.0307 0.0307 0.0307 0.0307 0.0307 0.0307 0.0307 0.0307 0.0307 0.0307 0.0307 0.0307 0.0307 0.0307 0.0307 0.0306 0.0305 0.0301 0.0294 0.0285 0.026 0.015 0.0074 0.0014 0.00028 1.8e-05 3.5e-07 0.0314 0.0314 0.0314 0.0314 0.0314 0.0314 0.0314 0.0314 0.0314 0.0314 0.0314 0.0314 0.0314 0.0314 0.0314 0.0314 0.0314 0.0314 0.0314 0.0314 0.0312 0.0307 0.03 0.0289 0.026 0.015 0.007 0.0012 0.00023 1.3e-05 2e-07 0.156 0.156 0.156 0.156 0.156 0.155 0.153 0.151 0.149 0.147 0.144 0.137 0.13 0.121 0.112 0.103 0.0938 0.0756 0.0517 0.0263 0.0167 0.0151 0.0149 0.0136 0.0081 0.0015 0.0013 0.00032 5.8e-05 4.1e-05 1.2e-05 0.0986 0.0986 0.0986 0.0986 0.0986 0.0986 0.0986 0.0985 0.0985 0.0985 0.0984 0.0981 0.0977 0.097 0.0959 0.0946 0.0928 0.088 0.0778 0.0558 0.0345 0.0192 0.0107 0.00717 0.0061 0.0033 0.00079 0.00035 0.00024 5.9e-05 4.9e-06 0.106 0.106 0.106 0.106 0.106 0.106 0.106 0.106 0.106 0.106 0.105 0.105 0.104 0.103 0.102 0.1 0.0978 0.0915 0.0785 0.0527 0.0301 0.0158 0.00908 0.00697 0.0066 0.0027 0.0006 0.00039 0.00022 3.8e-05 2e-06 0.0803 0.0803 0.0803 0.0803 0.0803 0.0803 0.0803 0.0803 0.0803 0.0803 0.0803 0.0803 0.0802 0.0802 0.08 0.0798 0.0795 0.0783 0.0748 0.0639 0.0487 0.0333 0.0208 0.0122 0.0043 0.0025 0.0017 0.00038 7.7e-05 4.8e-06 9.2e-08 0.0822 0.0822 0.0822 0.0822 0.0822 0.0822 0.0822 0.0822 0.0822 0.0822 0.0822 0.0822 0.0821 0.0821 0.0819 0.0817 0.0813 0.0799 0.076 0.0641 0.0479 0.0321 0.0196 0.0113 0.004 0.0025 0.0017 0.00034 6.4e-05 3.5e-06 5.2e-08 0.0716 0.0716 0.0716 0.0716 0.0716 0.0716 0.0716 0.0716 0.0716 0.0716 0.0716 0.0716 0.0716 0.0715 0.0714 0.0713 0.071 0.0702 0.0676 0.06 0.0496 0.0389 0.0294 0.0216 0.011 0.002 0.00039 2.1e-05 1.9e-06 4.1e-08 2.6e-10 0.0723 0.0723 0.0723 0.0723 0.0723 0.0723 0.0723 0.0723 0.0723 0.0723 0.0723 0.0723 0.0723 0.0722 0.0722 0.072 0.0718 0.0709 0.0682 0.0603 0.0496 0.0387 0.029 0.0212 0.011 0.0019 0.00036 1.9e-05 1.6e-06 3.3e-08 1.7e-10 0.384 0.383 0.381 0.378 0.373 0.36 0.342 0.32 0.295 0.269 0.242 0.188 0.14 0.1 0.0711 0.0513 0.0391 0.0298 0.0288 0.0208 0.00943 0.00404 0.0029 0.00285 0.0021 0.00031 0.00025 6.4e-05 1.1e-05 7.4e-06 2.2e-06 0.258 0.258 0.258 0.258 0.258 0.258 0.257 0.255 0.252 0.247 0.241 0.222 0.198 0.17 0.14 0.111 0.0858 0.0472 0.019 0.0112 0.0104 0.00705 0.00379 0.0019 0.00093 0.0006 0.00014 5.2e-05 3.7e-05 9.3e-06 7.6e-07 0.281 0.281 0.281 0.28 0.28 0.28 0.278 0.276 0.271 0.264 0.255 0.231 0.2 0.165 0.131 0.0996 0.0733 0.0372 0.0155 0.0118 0.00978 0.00572 0.00274 0.0014 0.00097 0.00047 0.0001 5.8e-05 3.3e-05 5.8e-06 3e-07 0.291 0.291 0.291 0.291 0.291 0.29 0.29 0.288 0.283 0.277 0.267 0.24 0.207 0.17 0.136 0.105 0.0798 0.043 0.0154 0.00413 0.0035 0.00317 0.00233 0.00147 0.00049 0.00019 0.00014 3.2e-05 6.5e-06 4e-07 7.6e-09 0.306 0.306 0.306 0.306 0.306 0.306 0.305 0.302 0.296 0.287 0.275 0.243 0.204 0.165 0.129 0.098 0.0727 0.0378 0.013 0.00378 0.0034 0.00298 0.00211 0.00129 0.00042 0.00018 0.00013 2.7e-05 5.1e-06 2.8e-07 4.1e-09 1.4 1.37 1.29 1.16 1.01 0.683 0.407 0.221 0.116 0.067 0.0483 0.0429 0.0409 0.0339 0.0247 0.0166 0.0105 0.00431 0.00257 0.00218 0.00106 0.000411 0.000249 0.000239 0.00018 2.7e-05 2.1e-05 5.3e-06 9e-07 6.1e-07 1.8e-07
Z 78 22 2.0 2.0 2.0 4.0 2.0 2.0 4.0 4.0 6.0 2.0 2.0 4.0 4.0 6.0 2.0 2.0 4.0 6.0 8.0 4.0 5.0 1.0 78615.0 13862.0 13313.0 11567.0 3273.2 3022.0 2636.9 2212.3999999999996 2129.0 712.21 604.19 512.04 333.1 315.96 85.49 81.87 108.44 73.34 57.74 11.02 9.540000000000001 8.07 0.00946 0.00946 0.00946 0.00946 0.00946 0.00946 0.00946 0.00946 0.00946 0.00945 0.00945 0.00945 0.00945 0.00945 0.00945 0.00944 0.00944 0.00943 0.00942 0.00939 0.00936 0.00932 0.00927 0.00921 0.0091 0.0086 0.008 0.0067 0.0053 0.003 0.00089 0.0336 0.0336 0.0336 0.0336 0.0336 0.0336 0.0336 0.0336 0.0336 0.0336 0.0335 0.0335 0.0334 0.0333 0.0332 0.0331 0.033 0.0327 0.0322 0.0312 0.0299 0.0284 0.0268 0.025 0.021 0.012 0.0061 0.0014 0.00083 0.0007 0.00021 0.0164 0.0164 0.0164 0.0164 0.0164 0.0164 0.0164 0.0164 0.0164 0.0164 0.0164 0.0164 0.0164 0.0164 0.0164 0.0164 0.0164 0.0164 0.0164 0.0164 0.0164 0.0163 0.0163 0.0162 0.016 0.014 0.012 0.0069 0.0035 0.00082 7.5e-05 0.0184 0.0184 0.0184 0.0184 0.0184 0.0184 0.0184 0.0184 0.0184 0.0184 0.0184 0.0184 0.0184 0.0184 0.0184 0.0184 0.0184 0.0184 0.0184 0.0184 0.0183 0.0183 0.0182 0.018 0.018 0.015 0.012 0.0062 0.0027 0.00049 2.8e-05 0.074 0.074 0.0739 0.0739 0.0739 0.0738 0.0736 0.0735 0.0733 0.073 0.0727 0.072 0.0712 0.0702 0.0691 0.0678 0.0665 0.0634 0.0582 0.0485 0.0385 0.0293 0.0215 0.0155 0.0085 0.0056 0.0046 0.001 0.00022 0.00017 5.1e-05 0.0434 0.0434 0.0434 0.0434 0.0434 0.0434 0.0434 0.0434 0.0434 0.0434 0.0434 0.0434 0.0433 0.0433 0.0433 0.0433 0.0432 0.0431 0.0428 0.0418 0.0401 0.0374 0.0341 0.0302 0.022 0.0065 0.002 0.0015 0.001 0.00025 2.2e-05 0.0467 0.0467 0.0467 0.0467 0.0467 0.0467 0.0467 0.0467 0.0467 0.0467 0.0467 0.0467 0.0467 0.0466 0.0466 0.0466 0.0465 0.0464 0.0459 0.0445 0.0421 0.0387 0.0344 0.0296 0.02 0.0051 0.002 0.0017 0.00088 0.00016 8.6e-06 0.0302 0.0302 0.0302 0.0302 0.0302 0.0302 0.0302 0.0302 0.0302 0.0302 0.0302 0.0302 0.0302 0.0302 0.0302 0.0302 0.0302 0.0302 0.0302 0.0301 0.03 0.0296 0.029 0.0281 0.025 0.016 0.0077 0.0015 0.0003 2e-05 3.9e-07 0.0309 0.0309 0.0309 0.0309 0.0309 0.0309 0.0309 0.0309 0.0309 0.0309 0.0309 0.0309 0.0309 0.0309 0.0309 0.0309 0.0309 0.0309 0.0309 0.0309 0.0307 0.0303 0.0296 0.0286 0.026 0.015 0.0073 0.0013 0.00025 1.4e-05 2.2e-07 0.153 0.153 0.153 0.153 0.152 0.151 0.15 0.148 0.146 0.144 0.141 0.135 0.128 0.12 0.112 0.103 0.0937 0.0761 0.0527 0.0271 0.0169 0.0149 0.0148 0.0136 0.0085 0.0016 0.0014 0.00036 6.2e-05 4.1e-05 1.3e-05 0.0964 0.0964 0.0964 0.0964 0.0964 0.0964 0.0964 0.0964 0.0964 0.0963 0.0962 0.096 0.0956 0.095 0.094 0.0928 0.0912 0.0867 0.0773 0.0565 0.0358 0.0203 0.0113 0.00738 0.0061 0.0035 0.00087 0.00034 0.00025 6.4e-05 5.4e-06 0.104 0.104 0.104 0.104 0.104 0.104 0.104 0.104 0.104 0.103 0.103 0.103 0.102 0.102 0.1 0.0985 0.0963 0.0904 0.0783 0.0536 0.0313 0.0167 0.00948 0.00703 0.0066 0.0028 0.00064 0.0004 0.00023 4.1e-05 2.2e-06 0.0784 0.0784 0.0784 0.0784 0.0784 0.0784 0.0784 0.0784 0.0784 0.0784 0.0784 0.0784 0.0784 0.0783 0.0782 0.078 0.0777 0.0767 0.0736 0.0637 0.0494 0.0345 0.022 0.0131 0.0047 0.0025 0.0018 0.00042 8.5e-05 5.4e-06 1.1e-07 0.0803 0.0803 0.0803 0.0803 0.0803 0.0803 0.0803 0.0803 0.0803 0.0803 0.0803 0.0803 0.0803 0.0802 0.0801 0.0798 0.0795 0.0783 0.0748 0.064 0.0487 0.0333 0.0208 0.0122 0.0043 0.0025 0.0017 0.00037 7.1e-05 4e-06 6e-08 0.069 0.069 0.069 0.069 0.069 0.069 0.069 0.069 0.069 0.069 0.069 0.069 0.069 0.069 0.0689 0.0688 0.0686 0.0679 0.0659 0.0594 0.05 0.0399 0.0306 0.0228 0.012 0.0023 0.00044 2.5e-05 2.2e-06 5e-08 3.1e-10 0.0698 0.0698 0.0698 0.0698 0.0698 0.0698 0.0698 0.0698 0.0698 0.0698 0.0698 0.0698 0.0698 0.0698 0.0697 0.0696 0.0694 0.0687 0.0666 0.0597 0.05 0.0397 0.0302 0.0224 0.012 0.0021 0.00041 2.2e-05 1.9e-06 3.9e-08 2e-10 0.375 0.374 0.372 0.369 0.365 0.352 0.335 0.315 0.291 0.266 0.24 0.189 0.142 0.103 0.0739 0.0534 0.0405 0.0298 0.0284 0.0216 0.0103 0.00439 0.00294 0.00285 0.0022 0.00034 0.00025 7.1e-05 1.2e-05 7.5e-06 2.4e-06 0.25 0.25 0.25 0.25 0.25 0.25 0.249 0.247 0.245 0.24 0.235 0.218 0.196 0.17 0.142 0.115 0.0899 0.051 0.0208 0.0112 0.0106 0.00758 0.00424 0.00215 0.00096 0.00064 0.00016 5.3e-05 4e-05 1e-05 8.6e-07 0.274 0.274 0.274 0.274 0.274 0.273 0.272 0.269 0.265 0.259 0.251 0.228 0.199 0.166 0.133 0.103 0.0769 0.04 0.0164 0.0117 0.0101 0.00617 0.00305 0.00153 0.00097 0.00051 0.00011 5.9e-05 3.5e-05 6.4e-06 3.3e-07 0.287 0.287 0.287 0.287 0.287 0.286 0.286 0.283 0.279 0.273 0.263 0.237 0.204 0.17 0.137 0.107 0.0824 0.0458 0.0172 0.00439 0.00346 0.00323 0.00246 0.00161 0.00055 0.00019 0.00015 3.5e-05 7.3e-06 4.6e-07 8.9e-09 0.304 0.304 0.304 0.304 0.304 0.303 0.302 0.299 0.293 0.284 0.272 0.239 0.202 0.164 0.129 0.0995 0.0749 0.0402 0.0145 0.00392 0.00333 0.00302 0.00222 0.0014 0.00046 0.00018 0.00013 3e-05 5.7e-06 3.2e-07 4.7e-09 1.45 1.41 1.32 1.19 1.03 0.682 0.398 0.211 0.108 0.0612 0.0437 0.0388 0.037 0.0307 0.0227 0.0154 0.00994 0.00412 0.00229 0.002 0.00104 0.000413 0.000232 0.000215 0.00017 2.6e-05 1.9e-05 5.4e-06 8.9e-07 5.6e-07 1.8e-07
Z 79 22 2.0 2.0 2.0 4.0 2.0 2.0 4.0 4.0 6.0 2.0 2.0 4.0 4.0 6.0 2.0 2.0 4.0 6.0 8.0 4.0 6.0 1.0 80960.0 14336.0 13776.0 11922.0 3401.4 3144.3 2734.0 2300.7000000000003 2212.2000000000003 747.4 636.28 537.39 353.47999999999996 335.05 97.37 93.39 115.23 78.55 61.370000000000005 12.16 10.459999999999999 8.3 0.00929 0.00929 0.00929 0.00929 0.00929 0.00929 0.00929 0.00929 0.00929 0.00929 0.00929 0.00929 0.00929 0.00929 0.00928 0.00928 0.00928 0.00927 0.00926 0.00923 0.0092 0.00916 0.00911 0.00906 0.0089 0.0085 0.0079 0.0066 0.0053 0.003 0.00092 0.0331 0.0331 0.0331 0.0331 0.0331 0.0331 0.033 0.033 0.033 0.033 0.033 0.0329 0.0329 0.0328 0.0327 0.0326 0.0325 0.0322 0.0317 0.0308 0.0295 0.0281 0.0265 0.0248 0.021 0.013 0.0063 0.0014 0.00082 0.0007 0.00022 0.0161 0.0161 0.0161 0.0161 0.0161 0.0161 0.0161 0.0161 0.0161 0.0161 0.0161 0.0161 0.0161 0.0161 0.0161 0.0161 0.0161 0.0161 0.0161 0.0161 0.0161 0.016 0.016 0.0159 0.0159 0.014 0.012 0.007 0.0036 0.00087 8.2e-05 0.0181 0.0181 0.0181 0.0181 0.0181 0.0181 0.0181 0.0181 0.0181 0.0181 0.0181 0.0181 0.0181 0.0181 0.0181 0.0181 0.0181 0.0181 0.0181 0.0181 0.0181 0.018 0.0179 0.0178 0.017 0.015 0.012 0.0063 0.0028 0.00052 3.1e-05 0.0727 0.0727 0.0726 0.0726 0.0726 0.0725 0.0724 0.0722 0.072 0.0717 0.0715 0.0708 0.07 0.0691 0.068 0.0668 0.0655 0.0627 0.0577 0.0483 0.0387 0.0297 0.022 0.0159 0.0087 0.0056 0.0046 0.0011 0.00023 0.00017 5.4e-05 0.0426 0.0426 0.0426 0.0426 0.0426 0.0426 0.0426 0.0426 0.0426 0.0426 0.0426 0.0426 0.0426 0.0426 0.0425 0.0425 0.0425 0.0424 0.0421 0.0412 0.0395 0.0371 0.0339 0.0302 0.022 0.0069 0.0021 0.0015 0.001 0.00027 2.4e-05 0.0459 0.0459 0.0459 0.0459 0.0459 0.0459 0.0459 0.0459 0.0459 0.0459 0.0459 0.0459 0.0459 0.0459 0.0459 0.0458 0.0458 0.0456 0.0452 0.0439 0.0417 0.0384 0.0344 0.0297 0.02 0.0053 0.002 0.0017 0.00092 0.00017 9.4e-06 0.0297 0.0297 0.0297 0.0297 0.0297 0.0297 0.0297 0.0297 0.0297 0.0297 0.0297 0.0297 0.0297 0.0297 0.0297 0.0297 0.0297 0.0297 0.0297 0.0296 0.0295 0.0292 0.0286 0.0278 0.025 0.016 0.008 0.0016 0.00033 2.2e-05 4.5e-07 0.0304 0.0304 0.0304 0.0304 0.0304 0.0304 0.0304 0.0304 0.0304 0.0304 0.0304 0.0304 0.0304 0.0304 0.0304 0.0304 0.0304 0.0304 0.0304 0.0304 0.0302 0.0299 0.0292 0.0283 0.026 0.016 0.0076 0.0014 0.00027 1.6e-05 2.5e-07 0.15 0.15 0.15 0.149 0.149 0.148 0.147 0.145 0.143 0.141 0.139 0.133 0.126 0.119 0.111 0.102 0.0935 0.0765 0.0537 0.028 0.0171 0.0147 0.0146 0.0137 0.0089 0.0016 0.0014 0.00039 6.7e-05 4.1e-05 1.4e-05 0.0943 0.0943 0.0943 0.0943 0.0943 0.0943 0.0943 0.0943 0.0943 0.0942 0.0942 0.094 0.0936 0.093 0.0922 0.091 0.0896 0.0855 0.0767 0.0571 0.0369 0.0214 0.012 0.00765 0.006 0.0037 0.00095 0.00034 0.00026 6.8e-05 6e-06 0.102 0.102 0.102 0.102 0.102 0.102 0.101 0.101 0.101 0.101 0.101 0.101 0.1 0.0996 0.0985 0.0969 0.0948 0.0894 0.0781 0.0545 0.0325 0.0176 0.00992 0.00713 0.0065 0.003 0.00069 0.0004 0.00024 4.5e-05 2.4e-06 0.0767 0.0767 0.0767 0.0767 0.0767 0.0767 0.0767 0.0767 0.0767 0.0767 0.0767 0.0767 0.0766 0.0766 0.0765 0.0763 0.0761 0.0752 0.0724 0.0634 0.05 0.0355 0.0231 0.0141 0.005 0.0025 0.0019 0.00045 9.4e-05 6.1e-06 1.2e-07 0.0785 0.0785 0.0785 0.0785 0.0785 0.0785 0.0785 0.0785 0.0785 0.0785 0.0785 0.0785 0.0784 0.0784 0.0783 0.0781 0.0778 0.0768 0.0737 0.0638 0.0494 0.0344 0.0219 0.0131 0.0046 0.0025 0.0018 0.0004 7.9e-05 4.5e-06 6.8e-08 0.0666 0.0666 0.0666 0.0666 0.0666 0.0666 0.0666 0.0666 0.0666 0.0666 0.0666 0.0666 0.0666 0.0666 0.0666 0.0665 0.0664 0.0659 0.0642 0.0587 0.0503 0.0407 0.0317 0.0239 0.013 0.0025 0.0005 2.9e-05 2.6e-06 6e-08 3.8e-10 0.0675 0.0675 0.0675 0.0675 0.0675 0.0675 0.0675 0.0675 0.0675 0.0675 0.0675 0.0675 0.0675 0.0675 0.0674 0.0674 0.0672 0.0667 0.0649 0.059 0.0503 0.0405 0.0313 0.0235 0.013 0.0024 0.00047 2.6e-05 2.3e-06 4.7e-08 2.5e-10 0.363 0.363 0.361 0.358 0.354 0.342 0.327 0.308 0.286 0.263 0.239 0.19 0.145 0.107 0.0773 0.0562 0.0424 0.0302 0.0281 0.0225 0.0113 0.00485 0.00303 0.00287 0.0023 0.00037 0.00026 7.9e-05 1.3e-05 7.7e-06 2.6e-06 0.242 0.242 0.242 0.242 0.242 0.241 0.241 0.239 0.237 0.233 0.228 0.214 0.194 0.17 0.144 0.118 0.0942 0.0552 0.023 0.0113 0.0108 0.00812 0.00474 0.00244 0.001 0.00069 0.00019 5.4e-05 4.2e-05 1.1e-05 9.9e-07 0.266 0.266 0.266 0.266 0.266 0.265 0.264 0.262 0.258 0.253 0.245 0.225 0.198 0.168 0.136 0.107 0.0812 0.0435 0.0178 0.0117 0.0105 0.0067 0.00342 0.00171 0.00099 0.00056 0.00012 6.1e-05 3.7e-05 7e-06 3.8e-07 0.273 0.273 0.273 0.273 0.273 0.272 0.272 0.27 0.267 0.262 0.254 0.232 0.204 0.173 0.142 0.114 0.089 0.0514 0.0203 0.00501 0.0036 0.00344 0.00272 0.00183 0.00065 0.0002 0.00016 4.1e-05 8.6e-06 5.5e-07 1.1e-08 0.288 0.288 0.288 0.288 0.288 0.288 0.287 0.285 0.281 0.273 0.263 0.236 0.203 0.169 0.136 0.106 0.0817 0.0456 0.0172 0.0044 0.00346 0.00323 0.00246 0.00161 0.00055 0.00019 0.00015 3.4e-05 6.7e-06 3.8e-07 5.7e-09 1.41 1.38 1.3 1.17 1.02 0.688 0.41 0.223 0.116 0.0648 0.0443 0.0374 0.0363 0.0311 0.0237 0.0166 0.011 0.00462 0.00231 0.00206 0.00115 0.00047 0.000245 0.000218 0.00018 2.9e-05 1.9e-05 6e-06 9.8e-07 5.8e-07 1.9e-07
Z 80 22 2.0 2.0 2.0 4.0 2.0 2.0 4.0 4.0 6.0 2.0 2.0 4.0 4.0 6.0 2.0 2.0 4.0 6.0 8.0 4.0 6.0 2.0 83353.0 14826.0 14254.0 12287.0 3536.8 3273.9 2836.8999999999996 2394.7999999999997 2300.8 787.44 673.17 567.13 378.21000000000004 358.41999999999996 113.5 109.13 125.73 87.34 68.30000000000001 15.979999999999999 13.96 9.55 0.00913 0.00913 0.00913 0.00913 0.00913 0.00913 0.00913 0.00913 0.00913 0.00913 0.00913 0.00913 0.00913 0.00913 0.00912 0.00912 0.00912 0.00911 0.0091 0.00908 0.00904 0.009 0.00896 0.00891 0.0088 0.0084 0.0078 0.0066 0.0052 0.0031 0.00095 0.0325 0.0325 0.0325 0.0325 0.0325 0.0325 0.0325 0.0325 0.0325 0.0324 0.0324 0.0324 0.0323 0.0322 0.0321 0.032 0.0319 0.0317 0.0312 0.0303 0.0291 0.0278 0.0263 0.0246 0.021 0.013 0.0065 0.0015 0.00081 0.0007 0.00023 0.0158 0.0158 0.0158 0.0158 0.0158 0.0158 0.0158 0.0158 0.0158 0.0158 0.0158 0.0158 0.0158 0.0158 0.0158 0.0158 0.0158 0.0158 0.0158 0.0158 0.0158 0.0158 0.0157 0.0156 0.015 0.014 0.012 0.0071 0.0037 0.00092 9e-05 0.0179 0.0179 0.0179 0.0179 0.0179 0.0179 0.0179 0.0179 0.0179 0.0179 0.0179 0.0179 0.0179 0.0179 0.0179 0.0179 0.0179 0.0179 0.0179 0.0178 0.0178 0.0178 0.0177 0.0175 0.017 0.015 0.012 0.0064 0.0029 0.00055 3.3e-05 0.0714 0.0714 0.0714 0.0714 0.0713 0.0712 0.0711 0.0709 0.0708 0.0705 0.0703 0.0696 0.0689 0.068 0.067 0.0659 0.0646 0.0619 0.0571 0.0482 0.0388 0.03 0.0224 0.0164 0.0089 0.0055 0.0047 0.0012 0.00024 0.00016 5.6e-05 0.0418 0.0418 0.0418 0.0418 0.0418 0.0418 0.0418 0.0418 0.0418 0.0418 0.0418 0.0418 0.0418 0.0418 0.0418 0.0418 0.0417 0.0416 0.0414 0.0405 0.039 0.0367 0.0337 0.0302 0.022 0.0072 0.0022 0.0015 0.0011 0.00028 2.6e-05 0.0452 0.0452 0.0452 0.0452 0.0452 0.0452 0.0452 0.0452 0.0452 0.0452 0.0452 0.0452 0.0452 0.0452 0.0452 0.0451 0.0451 0.0449 0.0446 0.0434 0.0412 0.0382 0.0343 0.0299 0.021 0.0056 0.0021 0.0017 0.00095 0.00018 1e-05 0.0292 0.0292 0.0292 0.0292 0.0292 0.0292 0.0292 0.0292 0.0292 0.0292 0.0292 0.0292 0.0292 0.0292 0.0292 0.0292 0.0292 0.0292 0.0292 0.0292 0.029 0.0287 0.0282 0.0275 0.025 0.016 0.0082 0.0017 0.00035 2.4e-05 5e-07 0.03 0.03 0.03 0.03 0.03 0.03 0.03 0.03 0.03 0.03 0.03 0.03 0.03 0.03 0.03 0.03 0.03 0.03 0.0299 0.0299 0.0297 0.0294 0.0289 0.028 0.025 0.016 0.0078 0.0015 0.0003 1.8e-05 2.8e-07 0.147 0.147 0.146 0.146 0.146 0.145 0.144 0.142 0.141 0.139 0.136 0.131 0.124 0.117 0.11 0.101 0.0932 0.0768 0.0546 0.0288 0.0174 0.0146 0.0144 0.0137 0.0093 0.0017 0.0014 0.00042 7.2e-05 4.1e-05 1.4e-05 0.0923 0.0923 0.0923 0.0923 0.0923 0.0923 0.0923 0.0923 0.0923 0.0922 0.0922 0.092 0.0916 0.0911 0.0904 0.0893 0.088 0.0843 0.0761 0.0576 0.038 0.0225 0.0127 0.00796 0.0059 0.0038 0.001 0.00034 0.00026 7.3e-05 6.6e-06 0.0995 0.0995 0.0995 0.0995 0.0995 0.0995 0.0995 0.0995 0.0994 0.0994 0.0993 0.099 0.0985 0.0978 0.0967 0.0953 0.0934 0.0884 0.0777 0.0552 0.0336 0.0185 0.0104 0.00725 0.0065 0.0032 0.00074 0.0004 0.00024 4.8e-05 2.6e-06 0.075 0.075 0.075 0.075 0.075 0.075 0.075 0.075 0.075 0.075 0.075 0.075 0.0749 0.0749 0.0748 0.0747 0.0745 0.0737 0.0712 0.063 0.0504 0.0365 0.0242 0.015 0.0054 0.0025 0.0019 0.00048 0.0001 6.9e-06 1.4e-07 0.0768 0.0768 0.0768 0.0768 0.0768 0.0768 0.0768 0.0768 0.0768 0.0768 0.0768 0.0768 0.0767 0.0767 0.0766 0.0764 0.0762 0.0753 0.0725 0.0635 0.05 0.0355 0.023 0.014 0.005 0.0025 0.0019 0.00043 8.7e-05 5.1e-06 7.8e-08 0.0645 0.0645 0.0645 0.0645 0.0645 0.0645 0.0645 0.0645 0.0645 0.0645 0.0645 0.0645 0.0645 0.0645 0.0644 0.0644 0.0643 0.0639 0.0626 0.0579 0.0503 0.0414 0.0327 0.025 0.014 0.0028 0.00057 3.3e-05 3.1e-06 7.2e-08 4.7e-10 0.0653 0.0653 0.0653 0.0653 0.0653 0.0653 0.0653 0.0653 0.0653 0.0653 0.0653 0.0653 0.0653 0.0653 0.0653 0.0652 0.0651 0.0647 0.0633 0.0583 0.0504 0.0412 0.0323 0.0246 0.013 0.0026 0.00053 3e-05 2.7e-06 5.7e-08 3e-10 0.35 0.349 0.347 0.345 0.341 0.331 0.317 0.299 0.28 0.259 0.236 0.191 0.148 0.111 0.0813 0.0596 0.0449 0.0309 0.028 0.0234 0.0125 0.00541 0.00317 0.00291 0.0025 0.00041 0.00026 8.9e-05 1.5e-05 7.9e-06 2.8e-06 0.233 0.233 0.233 0.233 0.233 0.232 0.232 0.231 0.229 0.226 0.221 0.209 0.192 0.17 0.146 0.122 0.0986 0.0597 0.0256 0.0116 0.0111 0.00868 0.00528 0.00279 0.0011 0.00074 0.00021 5.6e-05 4.4e-05 1.3e-05 1.1e-06 0.256 0.256 0.256 0.256 0.256 0.255 0.254 0.253 0.249 0.245 0.239 0.221 0.197 0.169 0.14 0.112 0.0862 0.0477 0.0196 0.0119 0.0109 0.00731 0.00386 0.00192 0.001 0.00061 0.00014 6.4e-05 4e-05 7.9e-06 4.3e-07 0.252 0.252 0.252 0.252 0.252 0.252 0.252 0.251 0.249 0.246 0.241 0.225 0.204 0.178 0.15 0.123 0.0989 0.0598 0.025 0.00606 0.0039 0.00379 0.00311 0.00217 0.0008 0.00022 0.00018 4.9e-05 1e-05 6.9e-07 1.4e-08 0.265 0.265 0.265 0.265 0.265 0.265 0.264 0.263 0.261 0.256 0.25 0.231 0.205 0.176 0.146 0.117 0.0925 0.054 0.0215 0.0053 0.00379 0.00362 0.00286 0.00193 0.00068 0.00021 0.00017 4.1e-05 8.3e-06 4.8e-07 7.4e-09 1.29 1.27 1.21 1.1 0.976 0.696 0.443 0.258 0.143 0.0812 0.0526 0.0391 0.0386 0.0349 0.0281 0.0207 0.0142 0.00616 0.0027 0.00239 0.00144 0.000609 0.000298 0.000249 0.00022 3.6e-05 2.2e-05 7.6e-06 1.2e-06 6.7e-07 2.4e-07
Z 81 23 2.0 2.0 2.0 4.0 2.0 2.0 4.0 4.0 6.0 2.0 2.0 4.0 4.0 6.0 2.0 2.0 4.0 6.0 8.0 4.0 6.0 2.0 1.0 85798.0 15330.0 14746.0 12660.0 3678.7 3409.7 2944.6 2493.7000000000003 2393.9 831.43 713.9699999999999 600.32 406.34999999999997 385.13 132.95000000000002 128.16 139.16 99.03 77.96000000000001 22.4 20.01 12.36 5.46 0.00898 0.00898 0.00898 0.00898 0.00898 0.00898 0.00898 0.00897 0.00897 0.00897 0.00897 0.00897 0.00897 0.00897 0.00897 0.00896 0.00896 0.00896 0.00894 0.00892 0.00889 0.00885 0.00881 0.00876 0.0086 0.0083 0.0077 0.0065 0.0052 0.0031 0.00098 0.032 0.032 0.032 0.032 0.032 0.032 0.0319 0.0319 0.0319 0.0319 0.0319 0.0318 0.0318 0.0317 0.0316 0.0315 0.0314 0.0312 0.0308 0.0299 0.0288 0.0275 0.026 0.0244 0.021 0.013 0.0067 0.0016 0.0008 0.0007 0.00024 0.0155 0.0155 0.0155 0.0155 0.0155 0.0155 0.0155 0.0155 0.0155 0.0155 0.0155 0.0155 0.0155 0.0155 0.0155 0.0155 0.0155 0.0155 0.0155 0.0155 0.0155 0.0155 0.0154 0.0154 0.015 0.014 0.012 0.0072 0.0038 0.00097 9.7e-05 0.0176 0.0176 0.0176 0.0176 0.0176 0.0176 0.0176 0.0176 0.0176 0.0176 0.0176 0.0176 0.0176 0.0176 0.0176 0.0176 0.0176 0.0176 0.0176 0.0176 0.0176 0.0175 0.0174 0.0173 0.017 0.015 0.012 0.0065 0.003 0.00058 3.6e-05 0.0702 0.0701 0.0701 0.0701 0.0701 0.07 0.0699 0.0697 0.0695 0.0693 0.0691 0.0685 0.0678 0.0669 0.066 0.0649 0.0637 0.0611 0.0566 0.0479 0.0389 0.0303 0.0228 0.0168 0.0092 0.0054 0.0047 0.0013 0.00025 0.00016 5.9e-05 0.0411 0.0411 0.0411 0.0411 0.0411 0.0411 0.0411 0.0411 0.0411 0.0411 0.0411 0.0411 0.0411 0.0411 0.041 0.041 0.041 0.0409 0.0407 0.0399 0.0385 0.0363 0.0335 0.0302 0.023 0.0076 0.0023 0.0015 0.0011 0.0003 2.8e-05 0.0445 0.0445 0.0445 0.0445 0.0445 0.0445 0.0445 0.0445 0.0445 0.0445 0.0445 0.0445 0.0445 0.0445 0.0445 0.0444 0.0444 0.0443 0.0439 0.0428 0.0408 0.0379 0.0342 0.0299 0.021 0.0059 0.0021 0.0017 0.00098 0.00019 1.1e-05 0.0287 0.0287 0.0287 0.0287 0.0287 0.0287 0.0287 0.0287 0.0287 0.0287 0.0287 0.0287 0.0287 0.0287 0.0287 0.0287 0.0287 0.0287 0.0287 0.0287 0.0286 0.0283 0.0279 0.0271 0.025 0.016 0.0085 0.0018 0.00038 2.7e-05 5.7e-07 0.0295 0.0295 0.0295 0.0295 0.0295 0.0295 0.0295 0.0295 0.0295 0.0295 0.0295 0.0295 0.0295 0.0295 0.0295 0.0295 0.0295 0.0295 0.0295 0.0294 0.0293 0.029 0.0285 0.0277 0.025 0.016 0.0081 0.0016 0.00032 2e-05 3.2e-07 0.144 0.144 0.143 0.143 0.143 0.142 0.141 0.14 0.138 0.136 0.134 0.129 0.123 0.116 0.108 0.101 0.0929 0.0771 0.0554 0.0297 0.0177 0.0144 0.0142 0.0137 0.0096 0.0018 0.0013 0.00046 7.9e-05 4.1e-05 1.5e-05 0.0903 0.0903 0.0903 0.0903 0.0903 0.0903 0.0903 0.0903 0.0903 0.0903 0.0902 0.0901 0.0898 0.0893 0.0886 0.0876 0.0864 0.083 0.0755 0.058 0.0391 0.0236 0.0135 0.00832 0.0059 0.004 0.0011 0.00033 0.00027 7.8e-05 7.3e-06 0.0976 0.0976 0.0976 0.0976 0.0976 0.0976 0.0976 0.0975 0.0975 0.0975 0.0974 0.0971 0.0967 0.096 0.095 0.0937 0.092 0.0873 0.0773 0.0558 0.0347 0.0194 0.0109 0.00741 0.0064 0.0034 0.00079 0.0004 0.00025 5.2e-05 2.9e-06 0.0733 0.0733 0.0733 0.0733 0.0733 0.0733 0.0733 0.0733 0.0733 0.0733 0.0733 0.0733 0.0733 0.0733 0.0732 0.0731 0.0729 0.0722 0.07 0.0626 0.0508 0.0374 0.0253 0.0159 0.0059 0.0025 0.002 0.00052 0.00011 7.7e-06 1.6e-07 0.0751 0.0751 0.0751 0.0751 0.0751 0.0751 0.0751 0.0751 0.0751 0.0751 0.0751 0.0751 0.0751 0.075 0.075 0.0748 0.0746 0.0738 0.0714 0.0631 0.0504 0.0364 0.0241 0.0149 0.0054 0.0025 0.0019 0.00047 9.5e-05 5.7e-06 8.8e-08 0.0625 0.0625 0.0625 0.0625 0.0625 0.0625 0.0625 0.0625 0.0625 0.0625 0.0625 0.0625 0.0625 0.0625 0.0625 0.0624 0.0623 0.062 0.061 0.057 0.0503 0.042 0.0335 0.026 0.015 0.003 0.00064 3.9e-05 3.6e-06 8.6e-08 5.6e-10 0.0633 0.0633 0.0633 0.0633 0.0633 0.0633 0.0633 0.0633 0.0633 0.0633 0.0633 0.0633 0.0633 0.0633 0.0633 0.0632 0.0631 0.0628 0.0617 0.0575 0.0504 0.0418 0.0332 0.0256 0.014 0.0029 0.0006 3.5e-05 3.1e-06 6.8e-08 3.7e-10 0.337 0.337 0.335 0.333 0.329 0.32 0.307 0.292 0.274 0.254 0.233 0.191 0.15 0.114 0.0851 0.0629 0.0475 0.0318 0.0278 0.0242 0.0136 0.00603 0.00334 0.00294 0.0026 0.00045 0.00027 9.9e-05 1.6e-05 8.1e-06 3e-06 0.224 0.224 0.224 0.224 0.224 0.223 0.223 0.222 0.22 0.218 0.214 0.204 0.188 0.169 0.148 0.125 0.103 0.0643 0.0285 0.0119 0.0113 0.00922 0.00585 0.00317 0.0011 0.0008 0.00024 5.7e-05 4.7e-05 1.4e-05 1.3e-06 0.246 0.246 0.246 0.246 0.246 0.246 0.245 0.243 0.241 0.237 0.232 0.216 0.195 0.17 0.143 0.116 0.0911 0.0521 0.0216 0.012 0.0113 0.00793 0.00434 0.00218 0.0011 0.00066 0.00016 6.6e-05 4.3e-05 8.8e-06 4.9e-07 0.235 0.235 0.235 0.235 0.235 0.235 0.235 0.234 0.233 0.231 0.228 0.217 0.2 0.179 0.155 0.131 0.107 0.0678 0.0299 0.00731 0.0042 0.0041 0.00349 0.00251 0.00096 0.00024 0.00021 5.7e-05 1.3e-05 8.5e-07 1.7e-08 0.244 0.244 0.244 0.244 0.244 0.244 0.244 0.243 0.242 0.239 0.235 0.223 0.203 0.18 0.153 0.127 0.103 0.0629 0.0265 0.00645 0.00413 0.00401 0.00329 0.00228 0.00083 0.00024 0.00019 5e-05 1e-05 6e-07 9.4e-09 1.15 1.13 1.08 1.01 0.913 0.693 0.477 0.304 0.182 0.108 0.0686 0.0437 0.0422 0.0402 0.0343 0.0265 0.0189 0.00855 0.00337 0.00286 0.00186 0.00082 0.000382 0.000297 0.00027 4.8e-05 2.7e-05 1e-05 1.6e-06 8.1e-07 3e-07 0.913 0.913 0.91 0.899 0.874 0.771 0.613 0.444 0.298 0.189 0.115 0.0401 0.0163 0.0106 0.01 0.0099 0.00927 0.00673 0.00304 0.000765 0.0006 0.000531 0.000353 0.000194 6.4e-05 4.3e-05 1.3e-05 3e-06 2.5e-06 7.4e-07 6.8e-08
Z 82 23 2.0 2.0 2.0 4.0 2.0 2.0 4.0 4.0 6.0 2.0 2.0 4.0 4.0 6.0 2.0 2.0 4.0 6.0 8.0 4.0 6.0 2.0 2.0 88290.0 15847.0 15251.0 13040.0 3824.3 3549.3 3054.6000000000004 2594.7000000000003 2489.0 876.72 756.0200000000001 634.3 435.23 412.49 153.04000000000002 147.81 152.83 110.91 87.64 28.81 26.03 15.05 7.0 0.00882 0.00882 0.00882 0.00882 0.00882 0.00882 0.00882 0.00882 0.00882 0.00882 0.00882 0.00882 0.00882 0.00882 0.00881 0.00881 0.00881 0.0088 0.00879 0.00877 0.00874 0.00871 0.00866 0.00862 0.0085 0.0081 0.0076 0.0065 0.0052 0.0031 0.001 0.0314 0.0314 0.0314 0.0314 0.0314 0.0314 0.0314 0.0314 0.0314 0.0314 0.0313 0.0313 0.0312 0.0312 0.0311 0.031 0.0309 0.0307 0.0303 0.0294 0.0284 0.0271 0.0257 0.0242 0.021 0.013 0.0069 0.0016 0.00079 0.0007 0.00024 0.0153 0.0153 0.0153 0.0153 0.0153 0.0153 0.0153 0.0153 0.0153 0.0153 0.0153 0.0153 0.0153 0.0153 0.0153 0.0153 0.0153 0.0153 0.0153 0.0153 0.0152 0.0152 0.0152 0.0151 0.015 0.014 0.012 0.0073 0.0039 0.001 0.00011 0.0174 0.0174 0.0174 0.0174 0.0174 0.0174 0.0174 0.0174 0.0174 0.0174 0.0174 0.0174 0.0174 0.0174 0.0174 0.0174 0.0174 0.0174 0.0174 0.0174 0.0173 0.0173 0.0172 0.0171 0.017 0.015 0.012 0.0067 0.0031 0.00061 3.8e-05 0.0689 0.0689 0.0689 0.0689 0.0689 0.0688 0.0687 0.0685 0.0684 0.0682 0.0679 0.0674 0.0667 0.0659 0.065 0.064 0.0628 0.0603 0.056 0.0477 0.039 0.0306 0.0233 0.0172 0.0095 0.0053 0.0047 0.0014 0.00027 0.00016 6.1e-05 0.0403 0.0403 0.0403 0.0403 0.0403 0.0403 0.0403 0.0403 0.0403 0.0403 0.0403 0.0403 0.0403 0.0403 0.0403 0.0403 0.0403 0.0402 0.04 0.0392 0.0379 0.0359 0.0333 0.0301 0.023 0.008 0.0024 0.0015 0.0011 0.00032 3.1e-05 0.0438 0.0438 0.0438 0.0438 0.0438 0.0438 0.0438 0.0438 0.0438 0.0438 0.0438 0.0438 0.0438 0.0438 0.0438 0.0438 0.0437 0.0436 0.0433 0.0422 0.0403 0.0376 0.0341 0.03 0.021 0.0062 0.0021 0.0017 0.001 0.00021 1.2e-05 0.0283 0.0283 0.0283 0.0283 0.0283 0.0283 0.0283 0.0283 0.0283 0.0283 0.0283 0.0283 0.0283 0.0283 0.0283 0.0283 0.0283 0.0283 0.0283 0.0282 0.0281 0.0279 0.0275 0.0268 0.025 0.016 0.0088 0.0019 0.00042 2.9e-05 6.4e-07 0.029 0.029 0.029 0.029 0.029 0.029 0.029 0.029 0.029 0.029 0.029 0.029 0.029 0.029 0.029 0.029 0.029 0.029 0.029 0.029 0.0289 0.0286 0.0281 0.0274 0.025 0.016 0.0083 0.0017 0.00035 2.2e-05 3.6e-07 0.141 0.141 0.14 0.14 0.14 0.139 0.138 0.137 0.135 0.133 0.131 0.126 0.121 0.114 0.107 0.1 0.0925 0.0773 0.0562 0.0306 0.0181 0.0144 0.014 0.0136 0.0099 0.0019 0.0013 0.0005 8.6e-05 4.1e-05 1.6e-05 0.0884 0.0884 0.0884 0.0884 0.0884 0.0884 0.0884 0.0884 0.0884 0.0884 0.0883 0.0882 0.0879 0.0875 0.0869 0.086 0.0849 0.0818 0.0748 0.0584 0.0401 0.0246 0.0143 0.00873 0.0058 0.0042 0.0013 0.00033 0.00027 8.3e-05 8e-06 0.0957 0.0957 0.0957 0.0957 0.0957 0.0957 0.0957 0.0957 0.0956 0.0956 0.0955 0.0953 0.0949 0.0943 0.0934 0.0921 0.0905 0.0862 0.0769 0.0564 0.0358 0.0204 0.0115 0.0076 0.0064 0.0035 0.00086 0.0004 0.00026 5.5e-05 3.2e-06 0.0718 0.0718 0.0718 0.0718 0.0718 0.0718 0.0718 0.0718 0.0718 0.0718 0.0718 0.0718 0.0717 0.0717 0.0717 0.0716 0.0714 0.0708 0.0689 0.0621 0.0511 0.0383 0.0263 0.0169 0.0063 0.0024 0.002 0.00056 0.00012 8.6e-06 1.8e-07 0.0735 0.0735 0.0735 0.0735 0.0735 0.0735 0.0735 0.0735 0.0735 0.0735 0.0735 0.0735 0.0735 0.0735 0.0734 0.0733 0.0731 0.0724 0.0702 0.0627 0.0508 0.0373 0.0251 0.0158 0.0058 0.0025 0.002 0.0005 0.0001 6.3e-06 1e-07 0.0606 0.0606 0.0606 0.0606 0.0606 0.0606 0.0606 0.0606 0.0606 0.0606 0.0606 0.0606 0.0606 0.0606 0.0606 0.0606 0.0605 0.0603 0.0595 0.0561 0.0501 0.0424 0.0343 0.0269 0.015 0.0033 0.00072 4.5e-05 4.3e-06 1e-07 6.8e-10 0.0614 0.0614 0.0614 0.0614 0.0614 0.0614 0.0614 0.0614 0.0614 0.0614 0.0614 0.0614 0.0614 0.0614 0.0614 0.0614 0.0613 0.0611 0.0602 0.0566 0.0502 0.0423 0.034 0.0265 0.015 0.0032 0.00067 4e-05 3.7e-06 8.1e-08 4.4e-10 0.325 0.325 0.323 0.321 0.318 0.31 0.298 0.284 0.267 0.249 0.23 0.191 0.152 0.117 0.0886 0.0662 0.0501 0.0329 0.0276 0.0248 0.0148 0.00673 0.00355 0.00298 0.0027 0.0005 0.00027 0.00011 1.9e-05 8.3e-06 3.2e-06 0.215 0.215 0.215 0.215 0.215 0.215 0.214 0.214 0.212 0.21 0.207 0.198 0.185 0.168 0.148 0.127 0.106 0.0688 0.0316 0.0124 0.0114 0.00973 0.00644 0.0036 0.0012 0.00085 0.00028 5.8e-05 5e-05 1.5e-05 1.5e-06 0.237 0.237 0.237 0.237 0.237 0.236 0.236 0.235 0.232 0.229 0.225 0.211 0.193 0.17 0.145 0.12 0.0956 0.0565 0.0239 0.0122 0.0116 0.00854 0.00485 0.00247 0.0011 0.00072 0.00018 6.9e-05 4.6e-05 9.7e-06 5.5e-07 0.221 0.221 0.221 0.221 0.221 0.221 0.221 0.221 0.22 0.219 0.216 0.208 0.196 0.178 0.158 0.136 0.114 0.0749 0.035 0.00875 0.00451 0.00435 0.00383 0.00285 0.0011 0.00026 0.00023 6.7e-05 1.5e-05 1e-06 2.1e-08 0.227 0.227 0.227 0.227 0.227 0.227 0.227 0.227 0.226 0.225 0.222 0.213 0.199 0.18 0.158 0.134 0.111 0.0711 0.0318 0.00778 0.00446 0.00434 0.00369 0.00264 0.001 0.00026 0.00022 5.9e-05 1.2e-05 7.4e-07 1.2e-08 1.04 1.03 0.992 0.934 0.859 0.679 0.494 0.334 0.214 0.133 0.0848 0.0485 0.0442 0.0434 0.0389 0.0315 0.0236 0.0113 0.00412 0.00325 0.00227 0.00105 0.000476 0.000342 0.00031 6e-05 3e-05 1.2e-05 2.1e-06 9.3e-07 3.6e-07 0.808 0.808 0.806 0.8 0.785 0.719 0.608 0.474 0.345 0.237 0.156 0.0623 0.0254 0.0142 0.0119 0.0118 0.0115 0.00904 0.00445 0.00109 0.000757 0.000697 0.000489 0.000279 8.8e-05 5.7e-05 1.9e-05 3.9e-06 3.3e-06 1e-06 9.8e-08
Z 83 24 2.0 2.0 2.0 4.0 2.0 2.0 4.0 4.0 6.0 2.0 2.0 4.0 4.0 6.0 2.0 2.0 4.0 6.0 8.0 4.0 6.0 2.0 2.0 1.0 90832.0 16376.000000000002 15768.0 13425.0 3973.8999999999996 3692.7000000000003 3166.8999999999996 2698.0 2586.0 923.4300000000001 799.43 669.16 464.95 440.61 173.86999999999998 168.17000000000002 166.86 123.12 97.46000000000001 35.370000000000005 32.17 17.689999999999998 8.600000000000001 6.3500000000000005 0.00867 0.00867 0.00867 0.00867 0.00867 0.00867 0.00867 0.00867 0.00867 0.00867 0.00867 0.00867 0.00867 0.00866 0.00866 0.00866 0.00866 0.00865 0.00864 0.00862 0.00859 0.00856 0.00852 0.00847 0.0084 0.008 0.0075 0.0064 0.0052 0.0031 0.001 0.0309 0.0309 0.0309 0.0309 0.0309 0.0309 0.0309 0.0309 0.0309 0.0308 0.0308 0.0308 0.0307 0.0307 0.0306 0.0305 0.0304 0.0302 0.0298 0.029 0.028 0.0268 0.0255 0.024 0.021 0.013 0.0071 0.0017 0.00079 0.0007 0.00025 0.015 0.015 0.015 0.015 0.015 0.015 0.015 0.015 0.015 0.015 0.015 0.015 0.015 0.015 0.015 0.015 0.015 0.015 0.015 0.015 0.015 0.0149 0.0149 0.0148 0.0148 0.014 0.012 0.0074 0.004 0.0011 0.00011 0.0171 0.0171 0.0171 0.0171 0.0171 0.0171 0.0171 0.0171 0.0171 0.0171 0.0171 0.0171 0.0171 0.0171 0.0171 0.0171 0.0171 0.0171 0.0171 0.0171 0.0171 0.017 0.017 0.0169 0.0169 0.015 0.012 0.0068 0.0032 0.00064 4.1e-05 0.0678 0.0678 0.0678 0.0677 0.0677 0.0676 0.0675 0.0674 0.0672 0.067 0.0668 0.0663 0.0656 0.0649 0.064 0.063 0.062 0.0596 0.0554 0.0475 0.039 0.0309 0.0236 0.0177 0.0098 0.0052 0.0047 0.0015 0.00029 0.00016 6.4e-05 0.0396 0.0396 0.0396 0.0396 0.0396 0.0396 0.0396 0.0396 0.0396 0.0396 0.0396 0.0396 0.0396 0.0396 0.0396 0.0396 0.0396 0.0395 0.0393 0.0386 0.0374 0.0355 0.0331 0.0301 0.023 0.0084 0.0025 0.0015 0.0011 0.00034 3.4e-05 0.0432 0.0432 0.0432 0.0432 0.0432 0.0432 0.0432 0.0432 0.0432 0.0432 0.0432 0.0432 0.0432 0.0431 0.0431 0.0431 0.0431 0.0429 0.0426 0.0417 0.0399 0.0373 0.034 0.0301 0.022 0.0065 0.0022 0.0017 0.001 0.00022 1.3e-05 0.0278 0.0278 0.0278 0.0278 0.0278 0.0278 0.0278 0.0278 0.0278 0.0278 0.0278 0.0278 0.0278 0.0278 0.0278 0.0278 0.0278 0.0278 0.0278 0.0278 0.0277 0.0275 0.0271 0.0265 0.025 0.017 0.009 0.002 0.00045 3.2e-05 7.1e-07 0.0286 0.0286 0.0286 0.0286 0.0286 0.0286 0.0286 0.0286 0.0286 0.0286 0.0286 0.0286 0.0286 0.0286 0.0286 0.0286 0.0286 0.0286 0.0286 0.0286 0.0285 0.0282 0.0278 0.0271 0.025 0.016 0.0086 0.0018 0.00037 2.4e-05 4e-07 0.138 0.138 0.138 0.137 0.137 0.136 0.135 0.134 0.133 0.131 0.129 0.124 0.119 0.113 0.106 0.0993 0.0921 0.0775 0.0569 0.0314 0.0185 0.0143 0.0138 0.0136 0.01 0.002 0.0013 0.00053 9.5e-05 4.1e-05 1.7e-05 0.0866 0.0866 0.0866 0.0866 0.0866 0.0866 0.0866 0.0866 0.0866 0.0865 0.0865 0.0864 0.0861 0.0857 0.0852 0.0844 0.0834 0.0805 0.0741 0.0586 0.041 0.0257 0.0151 0.00918 0.0058 0.0043 0.0014 0.00033 0.00028 8.9e-05 8.8e-06 0.0939 0.0939 0.0939 0.0939 0.0939 0.0939 0.0939 0.0938 0.0938 0.0938 0.0937 0.0935 0.0931 0.0926 0.0917 0.0906 0.0891 0.0851 0.0764 0.0569 0.0368 0.0213 0.0121 0.00782 0.0063 0.0037 0.00093 0.0004 0.00027 5.9e-05 3.5e-06 0.0703 0.0703 0.0703 0.0703 0.0703 0.0703 0.0703 0.0703 0.0703 0.0703 0.0703 0.0703 0.0702 0.0702 0.0702 0.0701 0.0699 0.0694 0.0677 0.0615 0.0513 0.039 0.0273 0.0178 0.0068 0.0024 0.0021 0.00059 0.00014 9.6e-06 2e-07 0.072 0.072 0.072 0.072 0.072 0.072 0.072 0.072 0.072 0.072 0.072 0.072 0.072 0.072 0.0719 0.0718 0.0716 0.071 0.0691 0.0622 0.0511 0.0381 0.0261 0.0167 0.0062 0.0025 0.002 0.00053 0.00011 7.1e-06 1.1e-07 0.0589 0.0589 0.0589 0.0589 0.0589 0.0589 0.0589 0.0589 0.0589 0.0589 0.0589 0.0589 0.0589 0.0589 0.0589 0.0589 0.0588 0.0586 0.058 0.0551 0.0498 0.0427 0.035 0.0277 0.016 0.0036 0.0008 5.1e-05 5e-06 1.2e-07 8.1e-10 0.0597 0.0597 0.0597 0.0597 0.0597 0.0597 0.0597 0.0597 0.0597 0.0597 0.0597 0.0597 0.0597 0.0597 0.0596 0.0596 0.0596 0.0594 0.0587 0.0556 0.05 0.0426 0.0348 0.0274 0.016 0.0035 0.00075 4.6e-05 4.3e-06 9.6e-08 5.3e-10 0.314 0.313 0.312 0.31 0.307 0.3 0.289 0.276 0.261 0.245 0.227 0.19 0.153 0.12 0.0919 0.0695 0.0528 0.0341 0.0275 0.0253 0.0159 0.00748 0.00382 0.00302 0.0028 0.00056 0.00027 0.00012 2.1e-05 8.4e-06 3.5e-06 0.207 0.207 0.207 0.207 0.207 0.207 0.207 0.206 0.205 0.203 0.201 0.193 0.181 0.166 0.149 0.129 0.109 0.0729 0.0347 0.0129 0.0115 0.0102 0.00702 0.00405 0.0013 0.00089 0.00031 6e-05 5.2e-05 1.7e-05 1.7e-06 0.228 0.228 0.228 0.228 0.228 0.228 0.227 0.226 0.224 0.222 0.218 0.206 0.19 0.17 0.147 0.123 0.0997 0.0609 0.0264 0.0125 0.0119 0.00914 0.00539 0.00279 0.0012 0.00078 0.0002 7.1e-05 4.9e-05 1.1e-05 6.3e-07 0.208 0.208 0.208 0.208 0.208 0.208 0.208 0.208 0.208 0.207 0.205 0.2 0.19 0.176 0.159 0.139 0.12 0.0819 0.0404 0.0105 0.00487 0.0046 0.00418 0.00321 0.0013 0.00028 0.00025 7.7e-05 1.8e-05 1.3e-06 2.6e-08 0.214 0.214 0.214 0.214 0.214 0.214 0.214 0.214 0.214 0.213 0.211 0.205 0.194 0.178 0.159 0.139 0.117 0.0783 0.037 0.0093 0.00478 0.00461 0.00405 0.003 0.0012 0.00028 0.00024 6.8e-05 1.5e-05 9e-07 1.4e-08 0.955 0.945 0.916 0.87 0.809 0.661 0.501 0.356 0.24 0.156 0.102 0.0544 0.0458 0.0454 0.0425 0.0361 0.0282 0.0143 0.00506 0.00359 0.00269 0.00132 0.000587 0.000389 0.00036 7.5e-05 3.4e-05 1.5e-05 2.6e-06 1e-06 4.3e-07 0.713 0.713 0.712 0.709 0.7 0.66 0.586 0.487 0.381 0.282 0.199 0.09 0.0389 0.0197 0.0145 0.0138 0.0137 0.0116 0.00626 0.00154 0.000937 0.000889 0.000656 0.000389 0.00012 7.4e-05 2.6e-05 4.9e-06 4.3e-06 1.4e-06 1.4e-07 0.832 0.832 0.83 0.823 0.807 0.733 0.612 0.468 0.333 0.223 0.142 0.0538 0.0224 0.0143 0.0133 0.0131 0.0123 0.0088 0.00377 0.000981 0.000839 0.000696 0.000428 0.000221 8.2e-05 5.5e-05 1.4e-05 4.9e-06 3.4e-06 7.4e-07 4.3e-08
Z 84 24 2.0 2.0 2.0 4.0 2.0 2.0 4.0 4.0 6.0 2.0 2.0 4.0 4.0 6.0 2.0 2.0 4.0 6.0 8.0 4.0 6.0 2.0 2.0 2.0 93424.0 16918.0 16296.999999999998 13817.0 4127.6 3840.2000000000003 3281.5 2803.5 2685.1000000000004 971.64 844.3 704.96 495.56000000000006 469.54 195.5 189.29999999999998 181.34 135.73 107.52 42.160000000000004 38.510000000000005 20.330000000000002 10.25 7.4399999999999995 0.00852 0.00852 0.00852 0.00852 0.00852 0.00852 0.00852 0.00852 0.00852 0.00852 0.00852 0.00852 0.00852 0.00852 0.00851 0.00851 0.00851 0.00851 0.0085 0.00848 0.00845 0.00842 0.00838 0.00834 0.0082 0.0079 0.0074 0.0064 0.0052 0.0032 0.0011 0.0304 0.0304 0.0304 0.0304 0.0304 0.0304 0.0304 0.0304 0.0304 0.0303 0.0303 0.0303 0.0302 0.0302 0.0301 0.03 0.0299 0.0297 0.0294 0.0286 0.0276 0.0265 0.0252 0.0238 0.021 0.013 0.0073 0.0018 0.00079 0.00069 0.00026 0.0147 0.0147 0.0147 0.0147 0.0147 0.0147 0.0147 0.0147 0.0147 0.0147 0.0147 0.0147 0.0147 0.0147 0.0147 0.0147 0.0147 0.0147 0.0147 0.0147 0.0147 0.0147 0.0146 0.0146 0.014 0.013 0.012 0.0075 0.0041 0.0011 0.00012 0.0169 0.0169 0.0169 0.0169 0.0169 0.0169 0.0169 0.0169 0.0169 0.0169 0.0169 0.0169 0.0169 0.0169 0.0169 0.0169 0.0169 0.0169 0.0169 0.0169 0.0169 0.0168 0.0167 0.0166 0.016 0.015 0.012 0.0069 0.0033 0.00067 4.4e-05 0.0666 0.0666 0.0666 0.0666 0.0666 0.0665 0.0664 0.0663 0.0661 0.0659 0.0657 0.0652 0.0646 0.0639 0.063 0.0621 0.0611 0.0588 0.0548 0.0472 0.0391 0.0311 0.024 0.0181 0.01 0.0051 0.0047 0.0016 0.00031 0.00016 6.7e-05 0.039 0.039 0.039 0.039 0.039 0.039 0.039 0.039 0.039 0.039 0.039 0.039 0.0389 0.0389 0.0389 0.0389 0.0389 0.0388 0.0386 0.038 0.0369 0.0352 0.0328 0.03 0.023 0.0088 0.0027 0.0014 0.0011 0.00035 3.7e-05 0.0425 0.0425 0.0425 0.0425 0.0425 0.0425 0.0425 0.0425 0.0425 0.0425 0.0425 0.0425 0.0425 0.0425 0.0425 0.0425 0.0424 0.0423 0.042 0.0411 0.0395 0.037 0.0338 0.0301 0.022 0.0068 0.0022 0.0017 0.0011 0.00023 1.4e-05 0.0274 0.0274 0.0274 0.0274 0.0274 0.0274 0.0274 0.0274 0.0274 0.0274 0.0274 0.0274 0.0274 0.0274 0.0274 0.0274 0.0274 0.0274 0.0274 0.0274 0.0273 0.0271 0.0267 0.0262 0.024 0.017 0.0092 0.0021 0.00048 3.5e-05 8e-07 0.0282 0.0282 0.0282 0.0282 0.0282 0.0282 0.0282 0.0282 0.0282 0.0282 0.0282 0.0282 0.0282 0.0282 0.0282 0.0282 0.0282 0.0282 0.0282 0.0281 0.028 0.0278 0.0274 0.0268 0.025 0.017 0.0088 0.0019 0.0004 2.6e-05 4.4e-07 0.135 0.135 0.135 0.135 0.134 0.134 0.133 0.132 0.13 0.129 0.127 0.122 0.117 0.111 0.105 0.0985 0.0916 0.0775 0.0576 0.0323 0.0189 0.0143 0.0136 0.0135 0.01 0.0021 0.0013 0.00057 0.0001 4.1e-05 1.8e-05 0.0848 0.0848 0.0848 0.0848 0.0848 0.0848 0.0848 0.0848 0.0848 0.0848 0.0847 0.0846 0.0844 0.084 0.0835 0.0828 0.0819 0.0792 0.0733 0.0587 0.0418 0.0267 0.016 0.00966 0.0058 0.0044 0.0015 0.00032 0.00028 9.4e-05 9.7e-06 0.0921 0.0921 0.0921 0.0921 0.0921 0.0921 0.0921 0.0921 0.0921 0.092 0.092 0.0918 0.0914 0.0909 0.0901 0.0891 0.0878 0.084 0.0759 0.0573 0.0377 0.0222 0.0127 0.00808 0.0062 0.0039 0.001 0.0004 0.00028 6.3e-05 3.8e-06 0.0688 0.0688 0.0688 0.0688 0.0688 0.0688 0.0688 0.0688 0.0688 0.0688 0.0688 0.0688 0.0688 0.0688 0.0687 0.0686 0.0685 0.068 0.0665 0.061 0.0514 0.0397 0.0282 0.0187 0.0073 0.0024 0.0021 0.00063 0.00015 1.1e-05 2.3e-07 0.0706 0.0706 0.0706 0.0706 0.0706 0.0706 0.0706 0.0706 0.0706 0.0706 0.0706 0.0705 0.0705 0.0705 0.0705 0.0704 0.0702 0.0697 0.068 0.0617 0.0513 0.0389 0.0271 0.0176 0.0067 0.0025 0.0021 0.00057 0.00012 7.9e-06 1.3e-07 0.0573 0.0573 0.0573 0.0573 0.0573 0.0573 0.0573 0.0573 0.0573 0.0573 0.0573 0.0573 0.0573 0.0573 0.0573 0.0572 0.0572 0.0571 0.0565 0.0541 0.0494 0.0429 0.0356 0.0285 0.017 0.0039 0.00089 5.8e-05 5.8e-06 1.4e-07 9.7e-10 0.058 0.058 0.058 0.058 0.058 0.058 0.058 0.058 0.058 0.058 0.058 0.058 0.058 0.058 0.058 0.058 0.058 0.0578 0.0572 0.0546 0.0497 0.0429 0.0354 0.0282 0.017 0.0038 0.00083 5.3e-05 5e-06 1.1e-07 6.3e-10 0.303 0.303 0.302 0.3 0.297 0.29 0.281 0.269 0.255 0.24 0.224 0.189 0.155 0.123 0.095 0.0726 0.0555 0.0355 0.0275 0.0257 0.017 0.00829 0.00413 0.00308 0.0029 0.00063 0.00028 0.00013 2.4e-05 8.6e-06 3.7e-06 0.2 0.2 0.2 0.2 0.2 0.2 0.199 0.199 0.198 0.196 0.194 0.188 0.178 0.164 0.148 0.13 0.112 0.0767 0.038 0.0137 0.0115 0.0105 0.00758 0.00452 0.0015 0.00094 0.00035 6.1e-05 5.4e-05 1.8e-05 1.9e-06 0.22 0.22 0.22 0.22 0.22 0.22 0.219 0.218 0.217 0.215 0.211 0.201 0.187 0.169 0.147 0.125 0.103 0.0651 0.0291 0.0128 0.0122 0.00971 0.00595 0.00314 0.0012 0.00084 0.00023 7.3e-05 5.3e-05 1.2e-05 7.1e-07 0.197 0.197 0.197 0.197 0.197 0.197 0.197 0.197 0.197 0.196 0.195 0.191 0.184 0.173 0.158 0.142 0.124 0.088 0.0457 0.0125 0.00529 0.00481 0.00449 0.00356 0.0016 0.0003 0.00027 8.8e-05 2.1e-05 1.5e-06 3.2e-08 0.203 0.203 0.203 0.203 0.203 0.203 0.203 0.203 0.203 0.202 0.201 0.196 0.188 0.175 0.159 0.141 0.122 0.0846 0.0422 0.011 0.00512 0.00484 0.00439 0.00335 0.0014 0.0003 0.00026 7.8e-05 1.7e-05 1.1e-06 1.7e-08 0.887 0.878 0.855 0.817 0.767 0.641 0.502 0.371 0.26 0.176 0.118 0.0609 0.0473 0.0464 0.0448 0.0397 0.0322 0.0176 0.00617 0.00386 0.0031 0.00161 0.000714 0.000437 0.0004 9.1e-05 3.7e-05 1.8e-05 3.2e-06 1.1e-06 5e-07 0.645 0.645 0.645 0.643 0.637 0.611 0.559 0.485 0.398 0.31 0.232 0.116 0.0538 0.0266 0.0173 0.0153 0.0152 0.0138 0.00815 0.00209 0.0011 0.00106 0.000823 0.000509 0.00016 9e-05 3.5e-05 5.8e-06 5.2e-06 1.8e-06 1.8e-07 0.753 0.753 0.752 0.747 0.736 0.687 0.598 0.483 0.366 0.261 0.178 0.0747 0.0316 0.0178 0.015 0.0148 0.0144 0.0111 0.00519 0.00128 0.001 0.000872 0.000562 0.000299 0.0001 6.9e-05 1.9e-05 5.9e-06 4.3e-06 9.7e-07 5.8e-08
Z 85 24 2.0 2.0 2.0 4.0 2.0 2.0 4.0 4.0 6.0 2.0 2.0 4.0 4.0 6.0 2.0 2.0 4.0 6.0 8.0 4.0 6.0 2.0 2.0 3.0 96068.0 17473.0 16840.0 14215.0 4285.5 3991.8 3398.5 2911.4 2786.2 1021.4 890.65 741.71 527.0799999999999 499.28 217.93 211.20000000000002 196.26999999999998 148.78 117.82 49.2 45.06 23.01 11.94 8.54 0.00838 0.00838 0.00838 0.00838 0.00838 0.00838 0.00838 0.00838 0.00838 0.00838 0.00838 0.00837 0.00837 0.00837 0.00837 0.00837 0.00837 0.00836 0.00835 0.00833 0.00831 0.00828 0.00824 0.0082 0.0081 0.0078 0.0074 0.0063 0.0052 0.0032 0.0011 0.0299 0.0299 0.0299 0.0299 0.0299 0.0299 0.0299 0.0299 0.0299 0.0298 0.0298 0.0298 0.0297 0.0297 0.0296 0.0295 0.0295 0.0293 0.0289 0.0282 0.0272 0.0262 0.0249 0.0236 0.021 0.013 0.0075 0.0019 0.00079 0.00069 0.00027 0.0145 0.0145 0.0145 0.0145 0.0145 0.0145 0.0145 0.0145 0.0145 0.0145 0.0145 0.0145 0.0145 0.0145 0.0145 0.0145 0.0145 0.0145 0.0145 0.0145 0.0145 0.0144 0.0144 0.0143 0.014 0.013 0.012 0.0076 0.0043 0.0012 0.00013 0.0167 0.0167 0.0167 0.0167 0.0167 0.0167 0.0167 0.0167 0.0167 0.0167 0.0167 0.0167 0.0167 0.0167 0.0167 0.0167 0.0167 0.0167 0.0167 0.0167 0.0166 0.0166 0.0165 0.0164 0.016 0.015 0.012 0.0069 0.0034 0.00071 4.8e-05 0.0655 0.0655 0.0655 0.0655 0.0655 0.0654 0.0653 0.0652 0.065 0.0648 0.0646 0.0642 0.0636 0.0629 0.0621 0.0612 0.0602 0.0581 0.0543 0.047 0.0391 0.0314 0.0244 0.0185 0.01 0.0051 0.0047 0.0017 0.00033 0.00016 6.9e-05 0.0383 0.0383 0.0383 0.0383 0.0383 0.0383 0.0383 0.0383 0.0383 0.0383 0.0383 0.0383 0.0383 0.0383 0.0383 0.0382 0.0382 0.0382 0.038 0.0374 0.0364 0.0347 0.0326 0.0299 0.024 0.0091 0.0028 0.0014 0.0011 0.00037 4e-05 0.0419 0.0419 0.0419 0.0419 0.0419 0.0419 0.0419 0.0419 0.0419 0.0419 0.0419 0.0419 0.0419 0.0419 0.0419 0.0418 0.0418 0.0417 0.0414 0.0406 0.039 0.0367 0.0337 0.0301 0.022 0.0071 0.0023 0.0017 0.0011 0.00025 1.5e-05 0.027 0.027 0.027 0.027 0.027 0.027 0.027 0.027 0.027 0.027 0.027 0.027 0.027 0.027 0.027 0.027 0.027 0.027 0.027 0.027 0.0269 0.0267 0.0264 0.0259 0.024 0.017 0.0095 0.0023 0.00052 3.9e-05 8.9e-07 0.0278 0.0278 0.0278 0.0278 0.0278 0.0278 0.0278 0.0278 0.0278 0.0278 0.0278 0.0278 0.0278 0.0278 0.0278 0.0278 0.0278 0.0278 0.0278 0.0277 0.0276 0.0274 0.0271 0.0265 0.025 0.017 0.0091 0.002 0.00043 2.8e-05 4.9e-07 0.132 0.132 0.132 0.132 0.132 0.131 0.13 0.129 0.128 0.126 0.124 0.12 0.115 0.11 0.104 0.0977 0.0911 0.0776 0.0582 0.0331 0.0194 0.0143 0.0134 0.0133 0.011 0.0022 0.0013 0.00061 0.00012 4e-05 1.8e-05 0.0831 0.0831 0.0831 0.0831 0.0831 0.0831 0.0831 0.0831 0.0831 0.0831 0.083 0.0829 0.0827 0.0824 0.0819 0.0813 0.0804 0.078 0.0725 0.0588 0.0426 0.0277 0.0168 0.0102 0.0058 0.0045 0.0016 0.00032 0.00029 0.0001 1.1e-05 0.0904 0.0904 0.0904 0.0904 0.0904 0.0904 0.0904 0.0904 0.0903 0.0903 0.0903 0.0901 0.0898 0.0893 0.0886 0.0876 0.0864 0.0829 0.0753 0.0577 0.0386 0.0232 0.0133 0.00837 0.0062 0.004 0.0011 0.0004 0.00029 6.7e-05 4.1e-06 0.0674 0.0674 0.0674 0.0674 0.0674 0.0674 0.0674 0.0674 0.0674 0.0674 0.0674 0.0674 0.0674 0.0674 0.0673 0.0673 0.0672 0.0667 0.0654 0.0603 0.0515 0.0403 0.0291 0.0196 0.0078 0.0024 0.0021 0.00067 0.00016 1.2e-05 2.6e-07 0.0691 0.0691 0.0691 0.0691 0.0691 0.0691 0.0691 0.0691 0.0691 0.0691 0.0691 0.0691 0.0691 0.0691 0.0691 0.069 0.0688 0.0684 0.0668 0.0611 0.0515 0.0396 0.028 0.0185 0.0071 0.0025 0.0021 0.00061 0.00013 8.7e-06 1.5e-07 0.0558 0.0558 0.0558 0.0558 0.0558 0.0558 0.0558 0.0558 0.0558 0.0558 0.0558 0.0558 0.0558 0.0558 0.0557 0.0557 0.0557 0.0556 0.0552 0.0531 0.049 0.043 0.0361 0.0292 0.018 0.0043 0.00099 6.7e-05 6.6e-06 1.7e-07 1.2e-09 0.0565 0.0565 0.0565 0.0565 0.0565 0.0565 0.0565 0.0565 0.0565 0.0565 0.0565 0.0565 0.0565 0.0565 0.0565 0.0565 0.0564 0.0563 0.0559 0.0537 0.0492 0.043 0.0359 0.0289 0.017 0.0041 0.00092 6e-05 5.7e-06 1.3e-07 7.4e-10 0.293 0.293 0.292 0.29 0.288 0.281 0.273 0.262 0.249 0.235 0.22 0.188 0.155 0.125 0.0978 0.0755 0.0582 0.037 0.0275 0.026 0.018 0.00915 0.0045 0.00316 0.0029 0.00071 0.00028 0.00014 2.7e-05 8.7e-06 4e-06 0.193 0.193 0.193 0.193 0.193 0.193 0.193 0.192 0.191 0.19 0.188 0.183 0.174 0.162 0.147 0.131 0.114 0.0802 0.0412 0.0145 0.0116 0.0109 0.00812 0.00502 0.0016 0.00098 0.00039 6.3e-05 5.6e-05 2e-05 2.1e-06 0.212 0.212 0.212 0.212 0.212 0.212 0.212 0.211 0.21 0.208 0.205 0.196 0.184 0.167 0.148 0.127 0.106 0.069 0.0319 0.0132 0.0124 0.0102 0.00653 0.00353 0.0013 0.00089 0.00025 7.5e-05 5.6e-05 1.3e-05 8e-07 0.188 0.188 0.188 0.188 0.188 0.188 0.188 0.188 0.187 0.187 0.186 0.183 0.178 0.169 0.157 0.142 0.126 0.093 0.0509 0.0147 0.00577 0.00498 0.00476 0.00389 0.0018 0.00032 0.00029 9.9e-05 2.4e-05 1.8e-06 3.9e-08 0.194 0.194 0.194 0.194 0.194 0.194 0.194 0.194 0.193 0.193 0.192 0.188 0.182 0.172 0.158 0.142 0.125 0.0899 0.0472 0.013 0.00552 0.00503 0.00468 0.00369 0.0016 0.00032 0.00028 8.8e-05 2e-05 1.3e-06 2.1e-08 0.83 0.823 0.803 0.771 0.729 0.622 0.5 0.38 0.276 0.193 0.132 0.068 0.049 0.0468 0.0461 0.0423 0.0357 0.0209 0.00748 0.00409 0.00347 0.00191 0.00086 0.000491 0.00043 0.00011 4e-05 2.1e-05 3.9e-06 1.2e-06 5.6e-07 0.593 0.593 0.593 0.591 0.588 0.569 0.532 0.474 0.404 0.328 0.256 0.14 0.0695 0.0347 0.0209 0.0168 0.0163 0.0155 0.0101 0.00275 0.00127 0.00121 0.000988 0.000639 0.0002 0.00011 4.3e-05 6.7e-06 6e-06 2.2e-06 2.3e-07 0.692 0.692 0.692 0.689 0.681 0.646 0.578 0.486 0.385 0.289 0.207 0.0954 0.0421 0.022 0.0166 0.016 0.0158 0.0132 0.00671 0.00162 0.00115 0.00104 0.0007 0.000385 0.00013 8.4e-05 2.4e-05 6.9e-06 5.2e-06 1.2e-06 7.4e-08
Z 86 24 2.0 2.0 2.0 4.0 2.0 2.0 4.0 4.0 6.0 2.0 2.0 4.0 4.0 6.0 2.0 2.0 4.0 6.0 8.0 4.0 6.0 2.0 2.0 4.0 98764.0 18042.0 17396.0 14619.0 4447.7 4147.6 3517.9 3021.6000000000004 2889.3 1072.7 938.51 779.39 559.5 529.8199999999999 241.16 233.87 211.69 162.29 128.37 56.49 51.839999999999996 25.720000000000002 13.69 9.639999999999999 0.00823 0.00823 0.00823 0.00823 0.00823 0.00823 0.00823 0.00823 0.00823 0.00823 0.00823 0.00823 0.00823 0.00823 0.00823 0.00823 0.00822 0.00822 0.00821 0.00819 0.00817 0.00814 0.0081 0.00806 0.008 0.0077 0.0073 0.0063 0.0052 0.0032 0.0011 0.0294 0.0294 0.0294 0.0294 0.0294 0.0294 0.0294 0.0294 0.0294 0.0294 0.0293 0.0293 0.0293 0.0292 0.0291 0.0291 0.029 0.0288 0.0285 0.0278 0.0269 0.0258 0.0247 0.0234 0.021 0.013 0.0077 0.002 0.0008 0.00068 0.00028 0.0142 0.0142 0.0142 0.0142 0.0142 0.0142 0.0142 0.0142 0.0142 0.0142 0.0142 0.0142 0.0142 0.0142 0.0142 0.0142 0.0142 0.0142 0.0142 0.0142 0.0142 0.0142 0.0141 0.0141 0.014 0.013 0.012 0.0076 0.0044 0.0013 0.00015 0.0165 0.0165 0.0165 0.0165 0.0165 0.0165 0.0165 0.0165 0.0165 0.0165 0.0165 0.0165 0.0165 0.0165 0.0165 0.0165 0.0165 0.0165 0.0164 0.0164 0.0164 0.0164 0.0163 0.0162 0.016 0.015 0.012 0.007 0.0034 0.00074 5.1e-05 0.0644 0.0644 0.0644 0.0644 0.0644 0.0643 0.0642 0.0641 0.064 0.0638 0.0636 0.0631 0.0626 0.0619 0.0612 0.0603 0.0594 0.0573 0.0537 0.0467 0.0391 0.0316 0.0247 0.0189 0.011 0.005 0.0047 0.0017 0.00036 0.00015 7.2e-05 0.0376 0.0376 0.0376 0.0376 0.0376 0.0376 0.0376 0.0376 0.0376 0.0376 0.0376 0.0376 0.0376 0.0376 0.0376 0.0376 0.0376 0.0375 0.0374 0.0368 0.0359 0.0343 0.0323 0.0297 0.024 0.0095 0.003 0.0014 0.0012 0.00039 4.3e-05 0.0413 0.0413 0.0413 0.0413 0.0413 0.0413 0.0413 0.0413 0.0413 0.0413 0.0413 0.0413 0.0413 0.0413 0.0412 0.0412 0.0412 0.0411 0.0409 0.04 0.0386 0.0364 0.0335 0.0301 0.022 0.0074 0.0024 0.0017 0.0011 0.00026 1.7e-05 0.0266 0.0266 0.0266 0.0266 0.0266 0.0266 0.0266 0.0266 0.0266 0.0266 0.0266 0.0266 0.0266 0.0266 0.0266 0.0266 0.0266 0.0266 0.0266 0.0265 0.0265 0.0263 0.026 0.0255 0.024 0.017 0.0097 0.0024 0.00056 4.3e-05 9.9e-07 0.0274 0.0274 0.0274 0.0274 0.0274 0.0274 0.0274 0.0274 0.0274 0.0274 0.0274 0.0274 0.0274 0.0274 0.0274 0.0274 0.0274 0.0274 0.0274 0.0273 0.0273 0.0271 0.0267 0.0262 0.024 0.017 0.0093 0.0021 0.00046 3.1e-05 5.5e-07 0.13 0.13 0.129 0.129 0.129 0.129 0.128 0.127 0.125 0.124 0.122 0.118 0.114 0.109 0.103 0.0968 0.0905 0.0775 0.0588 0.0339 0.0199 0.0144 0.0133 0.0132 0.011 0.0024 0.0013 0.00065 0.00013 4e-05 1.9e-05 0.0814 0.0814 0.0814 0.0814 0.0814 0.0814 0.0814 0.0814 0.0814 0.0814 0.0814 0.0812 0.0811 0.0808 0.0803 0.0798 0.079 0.0768 0.0717 0.0588 0.0433 0.0287 0.0177 0.0108 0.0058 0.0046 0.0017 0.00032 0.00029 0.00011 1.2e-05 0.0887 0.0887 0.0887 0.0887 0.0887 0.0887 0.0887 0.0887 0.0887 0.0887 0.0886 0.0885 0.0882 0.0877 0.0871 0.0862 0.0851 0.0819 0.0747 0.058 0.0395 0.0241 0.014 0.00869 0.0062 0.0042 0.0012 0.0004 0.0003 7.2e-05 4.5e-06 0.0661 0.0661 0.0661 0.0661 0.0661 0.0661 0.0661 0.0661 0.0661 0.0661 0.0661 0.0661 0.066 0.066 0.066 0.0659 0.0658 0.0655 0.0643 0.0597 0.0515 0.0409 0.03 0.0205 0.0084 0.0024 0.0022 0.00072 0.00017 1.3e-05 3e-07 0.0678 0.0678 0.0678 0.0678 0.0678 0.0678 0.0678 0.0678 0.0678 0.0678 0.0678 0.0678 0.0678 0.0678 0.0677 0.0676 0.0675 0.0671 0.0657 0.0606 0.0515 0.0402 0.0289 0.0193 0.0076 0.0025 0.0021 0.00065 0.00015 9.7e-06 1.6e-07 0.0543 0.0543 0.0543 0.0543 0.0543 0.0543 0.0543 0.0543 0.0543 0.0543 0.0543 0.0543 0.0543 0.0543 0.0543 0.0543 0.0543 0.0542 0.0539 0.0521 0.0484 0.043 0.0365 0.0299 0.019 0.0046 0.0011 7.6e-05 7.7e-06 2e-07 1.4e-09 0.055 0.055 0.055 0.055 0.055 0.055 0.055 0.055 0.055 0.055 0.055 0.055 0.055 0.055 0.055 0.055 0.055 0.0549 0.0545 0.0527 0.0488 0.043 0.0364 0.0296 0.018 0.0044 0.001 6.8e-05 6.6e-06 1.5e-07 8.8e-10 0.284 0.283 0.282 0.281 0.279 0.273 0.265 0.255 0.243 0.23 0.216 0.186 0.156 0.126 0.1 0.0783 0.0608 0.0386 0.0276 0.0261 0.019 0.01 0.00492 0.00327 0.003 0.00079 0.00029 0.00016 3.1e-05 8.8e-06 4.2e-06 0.187 0.187 0.187 0.187 0.187 0.187 0.186 0.186 0.185 0.184 0.183 0.178 0.17 0.159 0.146 0.131 0.115 0.0833 0.0444 0.0155 0.0116 0.0111 0.00864 0.00552 0.0018 0.001 0.00043 6.5e-05 5.8e-05 2.2e-05 2.4e-06 0.205 0.205 0.205 0.205 0.205 0.205 0.205 0.204 0.203 0.201 0.199 0.191 0.18 0.165 0.148 0.129 0.109 0.0727 0.0348 0.0137 0.0125 0.0107 0.00711 0.00395 0.0014 0.00095 0.00028 7.7e-05 5.9e-05 1.4e-05 9e-07 0.179 0.179 0.179 0.179 0.179 0.179 0.179 0.179 0.179 0.179 0.178 0.176 0.172 0.164 0.155 0.142 0.128 0.0972 0.0558 0.017 0.00635 0.00514 0.00499 0.00421 0.0021 0.00034 0.00031 0.00011 2.7e-05 2.1e-06 4.6e-08 0.185 0.185 0.185 0.185 0.185 0.185 0.185 0.185 0.185 0.185 0.184 0.181 0.176 0.168 0.156 0.143 0.127 0.0943 0.052 0.0151 0.00598 0.00519 0.00494 0.00401 0.0018 0.00034 0.0003 9.9e-05 2.3e-05 1.5e-06 2.5e-08 0.782 0.776 0.759 0.732 0.696 0.602 0.494 0.386 0.288 0.207 0.146 0.0755 0.0512 0.0469 0.0466 0.0441 0.0386 0.0241 0.00899 0.00428 0.00381 0.00223 0.00103 0.000553 0.00046 0.00013 4.3e-05 2.4e-05 4.7e-06 1.3e-06 6.3e-07 0.551 0.551 0.55 0.549 0.547 0.534 0.505 0.461 0.403 0.338 0.273 0.16 0.0852 0.0439 0.0252 0.0186 0.0172 0.0167 0.0119 0.00353 0.00144 0.00135 0.00115 0.000775 0.00025 0.00012 5.3e-05 7.6e-06 6.8e-06 2.6e-06 2.8e-07 0.644 0.644 0.643 0.641 0.636 0.609 0.557 0.483 0.396 0.308 0.23 0.115 0.0535 0.0271 0.0185 0.0169 0.0168 0.0148 0.00828 0.00203 0.00127 0.00119 0.00084 0.000478 0.00015 9.8e-05 3e-05 7.8e-06 6e-06 1.5e-06 9.1e-08
Z 87 25 2.0 2.0 2.0 4.0 2.0 2.0 4.0 4.0 6.0 2.0 2.0 4.0 4.0 6.0 2.0 2.0 4.0 6.0 8.0 4.0 6.0 2.0 2.0 4.0 1.0 101520.0 18630.0 17971.0 15034.0 4619.1 4312.5 3644.5 3138.9 2999.2 1130.3000000000002 992.69 822.8000000000001 597.6 565.9499999999999 269.95 262.07 232.33999999999997 181.0 143.91 68.73 63.52 32.64 19.279999999999998 14.14 3.8 0.00809 0.00809 0.00809 0.00809 0.00809 0.00809 0.00809 0.00809 0.00809 0.00809 0.00809 0.00809 0.00809 0.00809 0.00809 0.00809 0.00808 0.00808 0.00807 0.00805 0.00803 0.008 0.00797 0.00793 0.0078 0.0075 0.0072 0.0062 0.0051 0.0032 0.0012 0.0289 0.0289 0.0289 0.0289 0.0289 0.0289 0.0289 0.0289 0.0289 0.0289 0.0289 0.0288 0.0288 0.0287 0.0287 0.0286 0.0285 0.0284 0.028 0.0274 0.0265 0.0255 0.0244 0.0232 0.021 0.014 0.0079 0.0021 0.0008 0.00068 0.00029 0.014 0.014 0.014 0.014 0.014 0.014 0.014 0.014 0.014 0.014 0.014 0.014 0.014 0.014 0.014 0.014 0.014 0.014 0.014 0.014 0.014 0.0139 0.0139 0.0139 0.0139 0.013 0.011 0.0077 0.0045 0.0013 0.00016 0.0162 0.0162 0.0162 0.0162 0.0162 0.0162 0.0162 0.0162 0.0162 0.0162 0.0162 0.0162 0.0162 0.0162 0.0162 0.0162 0.0162 0.0162 0.0162 0.0162 0.0162 0.0162 0.0161 0.016 0.016 0.014 0.012 0.0071 0.0035 0.00078 5.5e-05 0.0634 0.0634 0.0633 0.0633 0.0633 0.0632 0.0632 0.0631 0.0629 0.0628 0.0626 0.0621 0.0616 0.061 0.0603 0.0595 0.0586 0.0566 0.0531 0.0464 0.039 0.0317 0.025 0.0192 0.011 0.0049 0.0047 0.0018 0.00039 0.00015 7.4e-05 0.037 0.037 0.037 0.037 0.037 0.037 0.037 0.037 0.037 0.037 0.037 0.037 0.037 0.037 0.037 0.037 0.0369 0.0369 0.0367 0.0363 0.0353 0.0339 0.032 0.0296 0.024 0.0099 0.0032 0.0014 0.0012 0.00041 4.7e-05 0.0407 0.0407 0.0407 0.0407 0.0407 0.0407 0.0407 0.0407 0.0407 0.0407 0.0407 0.0407 0.0407 0.0407 0.0407 0.0406 0.0406 0.0405 0.0403 0.0395 0.0382 0.0361 0.0333 0.03 0.023 0.0077 0.0024 0.0017 0.0011 0.00027 1.8e-05 0.0262 0.0262 0.0262 0.0262 0.0262 0.0262 0.0262 0.0262 0.0262 0.0262 0.0262 0.0262 0.0262 0.0262 0.0262 0.0262 0.0262 0.0262 0.0262 0.0262 0.0261 0.0259 0.0257 0.0252 0.024 0.017 0.0099 0.0025 0.0006 4.7e-05 1.1e-06 0.027 0.027 0.027 0.027 0.027 0.027 0.027 0.027 0.027 0.027 0.027 0.027 0.027 0.027 0.027 0.027 0.027 0.027 0.027 0.027 0.0269 0.0267 0.0264 0.0259 0.024 0.017 0.0095 0.0022 0.0005 3.4e-05 6.1e-07 0.127 0.127 0.127 0.127 0.127 0.126 0.125 0.124 0.123 0.122 0.12 0.116 0.112 0.107 0.102 0.0959 0.0899 0.0774 0.0592 0.0348 0.0204 0.0144 0.0131 0.013 0.011 0.0026 0.0013 0.00068 0.00014 3.9e-05 2e-05 0.0798 0.0798 0.0798 0.0798 0.0798 0.0798 0.0798 0.0798 0.0798 0.0798 0.0797 0.0796 0.0795 0.0792 0.0788 0.0783 0.0776 0.0755 0.0708 0.0588 0.0439 0.0296 0.0185 0.0113 0.0059 0.0047 0.0019 0.00032 0.00029 0.00011 1.3e-05 0.0871 0.0871 0.0871 0.0871 0.0871 0.0871 0.0871 0.0871 0.0871 0.0871 0.087 0.0869 0.0866 0.0862 0.0856 0.0848 0.0837 0.0808 0.0741 0.0582 0.0403 0.025 0.0146 0.00904 0.0061 0.0043 0.0013 0.0004 0.00031 7.6e-05 4.9e-06 0.0648 0.0648 0.0648 0.0648 0.0648 0.0648 0.0648 0.0648 0.0648 0.0648 0.0648 0.0647 0.0647 0.0647 0.0647 0.0646 0.0646 0.0642 0.0632 0.059 0.0514 0.0413 0.0308 0.0214 0.009 0.0024 0.0022 0.00076 0.00019 1.5e-05 3.4e-07 0.0665 0.0665 0.0665 0.0665 0.0665 0.0665 0.0665 0.0665 0.0665 0.0665 0.0665 0.0665 0.0665 0.0664 0.0664 0.0664 0.0663 0.0659 0.0647 0.0599 0.0515 0.0407 0.0297 0.0202 0.0082 0.0025 0.0022 0.00069 0.00016 1.1e-05 1.8e-07 0.053 0.053 0.053 0.053 0.053 0.053 0.053 0.053 0.053 0.053 0.053 0.053 0.053 0.053 0.053 0.053 0.0529 0.0529 0.0526 0.0511 0.0479 0.0429 0.0368 0.0305 0.019 0.005 0.0012 8.5e-05 8.8e-06 2.3e-07 1.6e-09 0.0537 0.0537 0.0537 0.0537 0.0537 0.0537 0.0537 0.0537 0.0537 0.0537 0.0537 0.0537 0.0537 0.0537 0.0537 0.0537 0.0536 0.0536 0.0533 0.0517 0.0483 0.043 0.0367 0.0302 0.019 0.0047 0.0011 7.7e-05 7.6e-06 1.8e-07 1e-09 0.275 0.274 0.273 0.272 0.27 0.265 0.258 0.248 0.238 0.226 0.213 0.185 0.156 0.128 0.103 0.0809 0.0633 0.0402 0.0277 0.0262 0.0199 0.011 0.0054 0.0034 0.003 0.00088 0.00029 0.00017 3.5e-05 8.8e-06 4.5e-06 0.181 0.181 0.181 0.181 0.181 0.18 0.18 0.18 0.179 0.178 0.177 0.173 0.166 0.157 0.145 0.131 0.116 0.086 0.0475 0.0166 0.0116 0.0113 0.00912 0.00604 0.002 0.001 0.00048 6.7e-05 6e-05 2.4e-05 2.7e-06 0.199 0.199 0.199 0.199 0.199 0.198 0.198 0.198 0.197 0.195 0.193 0.187 0.177 0.163 0.148 0.13 0.111 0.0761 0.0376 0.0143 0.0126 0.0112 0.00767 0.00438 0.0015 0.001 0.00032 7.9e-05 6.3e-05 1.6e-05 1e-06 0.172 0.172 0.172 0.172 0.172 0.172 0.172 0.172 0.171 0.171 0.171 0.169 0.166 0.16 0.152 0.141 0.129 0.101 0.0603 0.0196 0.00703 0.00529 0.00519 0.0045 0.0023 0.00037 0.00032 0.00012 3.1e-05 2.4e-06 5.5e-08 0.177 0.177 0.177 0.177 0.177 0.177 0.177 0.177 0.177 0.177 0.176 0.174 0.17 0.163 0.154 0.142 0.128 0.0982 0.0567 0.0174 0.00654 0.00535 0.00518 0.00433 0.0021 0.00036 0.00032 0.00011 2.6e-05 1.7e-06 3e-08 0.714 0.709 0.696 0.675 0.646 0.572 0.483 0.39 0.302 0.226 0.165 0.0883 0.0567 0.0488 0.0483 0.047 0.0427 0.0286 0.0113 0.00468 0.0043 0.00269 0.00127 0.000655 0.00051 0.00016 4.8e-05 2.8e-05 5.8e-06 1.4e-06 7.4e-07 0.496 0.496 0.496 0.496 0.494 0.486 0.468 0.437 0.395 0.345 0.291 0.187 0.108 0.0587 0.0331 0.0224 0.0192 0.0187 0.0144 0.00473 0.00174 0.00155 0.00138 0.000974 0.00032 0.00014 6.7e-05 9.1e-06 8.1e-06 3.2e-06 3.6e-07 0.571 0.571 0.57 0.569 0.566 0.551 0.518 0.468 0.404 0.333 0.264 0.148 0.0748 0.038 0.0235 0.0195 0.0191 0.0178 0.0109 0.0028 0.00153 0.00146 0.00108 0.000639 0.0002 0.00012 4e-05 9.5e-06 7.5e-06 1.9e-06 1.2e-07 2.65 2.47 2.01 1.44 0.908 0.274 0.0952 0.0754 0.0732 0.0617 0.0458 0.02 0.00794 0.00403 0.00326 0.00322 0.00309 0.00223 0.000893 0.000298 0.000275 0.000176 8.37e-05 4.2e-05 3.2e-05 1e-05 3e-06 1.7e-06 3.6e-07 9e-08 4.6e-08
Z 88 25 2.0 2.0 2.0 4.0 2.0 2.0 4.0 4.0 6.0 2.0 2.0 4.0 4.0 6.0 2.0 2.0 4.0 6.0 8.0 4.0 6.0 2.0 2.0 4.0 2.0 104320.0 19232.0 18560.0 15456.0 4795.1 4482.0 3773.7000000000003 3258.7 3111.3 1189.6999999999998 1048.6 867.3100000000001 636.7700000000001 603.06 299.70000000000005 291.19 253.63000000000002 200.32 159.82999999999998 81.32000000000001 75.52 39.54 24.88 18.62 4.7299999999999995 0.00796 0.00796 0.00796 0.00796 0.00796 0.00796 0.00796 0.00796 0.00796 0.00796 0.00796 0.00795 0.00795 0.00795 0.00795 0.00795 0.00795 0.00794 0.00793 0.00792 0.0079 0.00787 0.00784 0.0078 0.0077 0.0074 0.0071 0.0061 0.0051 0.0033 0.0012 0.0285 0.0285 0.0285 0.0285 0.0285 0.0285 0.0284 0.0284 0.0284 0.0284 0.0284 0.0284 0.0283 0.0283 0.0282 0.0281 0.0281 0.0279 0.0276 0.027 0.0262 0.0252 0.0241 0.023 0.02 0.014 0.0081 0.0022 0.00082 0.00067 0.0003 0.0137 0.0137 0.0137 0.0137 0.0137 0.0137 0.0137 0.0137 0.0137 0.0137 0.0137 0.0137 0.0137 0.0137 0.0137 0.0137 0.0137 0.0137 0.0137 0.0137 0.0137 0.0137 0.0137 0.0136 0.013 0.013 0.011 0.0077 0.0046 0.0014 0.00017 0.016 0.016 0.016 0.016 0.016 0.016 0.016 0.016 0.016 0.016 0.016 0.016 0.016 0.016 0.016 0.016 0.016 0.016 0.016 0.016 0.016 0.016 0.0159 0.0158 0.0158 0.014 0.012 0.0072 0.0036 0.00082 5.8e-05 0.0623 0.0623 0.0623 0.0623 0.0623 0.0622 0.0621 0.062 0.0619 0.0617 0.0616 0.0611 0.0606 0.06 0.0594 0.0586 0.0578 0.0559 0.0525 0.0461 0.039 0.0319 0.0253 0.0196 0.011 0.0049 0.0047 0.0019 0.00043 0.00015 7.6e-05 0.0364 0.0364 0.0364 0.0364 0.0364 0.0364 0.0364 0.0364 0.0364 0.0364 0.0364 0.0364 0.0364 0.0364 0.0363 0.0363 0.0363 0.0363 0.0361 0.0357 0.0348 0.0335 0.0317 0.0294 0.024 0.01 0.0033 0.0013 0.0012 0.00043 5.1e-05 0.0401 0.0401 0.0401 0.0401 0.0401 0.0401 0.0401 0.0401 0.0401 0.0401 0.0401 0.0401 0.0401 0.0401 0.0401 0.0401 0.04 0.0399 0.0397 0.039 0.0377 0.0358 0.0332 0.03 0.023 0.008 0.0025 0.0017 0.0012 0.00029 1.9e-05 0.0258 0.0258 0.0258 0.0258 0.0258 0.0258 0.0258 0.0258 0.0258 0.0258 0.0258 0.0258 0.0258 0.0258 0.0258 0.0258 0.0258 0.0258 0.0258 0.0258 0.0257 0.0256 0.0253 0.0249 0.024 0.017 0.01 0.0026 0.00064 5.1e-05 1.2e-06 0.0266 0.0266 0.0266 0.0266 0.0266 0.0266 0.0266 0.0266 0.0266 0.0266 0.0266 0.0266 0.0266 0.0266 0.0266 0.0266 0.0266 0.0266 0.0266 0.0266 0.0265 0.0263 0.0261 0.0256 0.024 0.017 0.0097 0.0023 0.00053 3.7e-05 6.8e-07 0.125 0.125 0.124 0.124 0.124 0.124 0.123 0.122 0.121 0.12 0.118 0.115 0.11 0.106 0.101 0.095 0.0893 0.0773 0.0597 0.0355 0.0209 0.0146 0.013 0.0129 0.011 0.0028 0.0013 0.00072 0.00016 3.9e-05 2.1e-05 0.0782 0.0782 0.0782 0.0782 0.0782 0.0782 0.0782 0.0782 0.0782 0.0782 0.0782 0.0781 0.0779 0.0777 0.0773 0.0768 0.0762 0.0743 0.07 0.0587 0.0445 0.0305 0.0194 0.012 0.006 0.0048 0.002 0.00032 0.00029 0.00012 1.4e-05 0.0856 0.0856 0.0856 0.0856 0.0856 0.0856 0.0856 0.0856 0.0855 0.0855 0.0855 0.0853 0.0851 0.0847 0.0842 0.0834 0.0825 0.0797 0.0735 0.0584 0.041 0.0259 0.0153 0.00942 0.0061 0.0044 0.0014 0.0004 0.00031 8.1e-05 5.3e-06 0.0635 0.0635 0.0635 0.0635 0.0635 0.0635 0.0635 0.0635 0.0635 0.0635 0.0635 0.0635 0.0635 0.0635 0.0634 0.0634 0.0633 0.0631 0.0621 0.0583 0.0513 0.0418 0.0315 0.0222 0.0096 0.0024 0.0022 0.0008 0.0002 1.6e-05 3.8e-07 0.0652 0.0652 0.0652 0.0652 0.0652 0.0652 0.0652 0.0652 0.0652 0.0652 0.0652 0.0652 0.0652 0.0652 0.0652 0.0651 0.065 0.0647 0.0636 0.0593 0.0515 0.0412 0.0305 0.021 0.0087 0.0025 0.0022 0.00073 0.00017 1.2e-05 2.1e-07 0.0517 0.0517 0.0517 0.0517 0.0517 0.0517 0.0517 0.0517 0.0517 0.0517 0.0517 0.0517 0.0517 0.0517 0.0517 0.0517 0.0517 0.0516 0.0514 0.0502 0.0473 0.0428 0.0371 0.031 0.02 0.0053 0.0013 9.6e-05 1e-05 2.7e-07 1.9e-09 0.0524 0.0524 0.0524 0.0524 0.0524 0.0524 0.0524 0.0524 0.0524 0.0524 0.0524 0.0524 0.0524 0.0524 0.0524 0.0524 0.0524 0.0523 0.0521 0.0507 0.0477 0.0429 0.037 0.0308 0.02 0.0051 0.0012 8.6e-05 8.6e-06 2.1e-07 1.2e-09 0.266 0.266 0.265 0.264 0.262 0.257 0.25 0.242 0.232 0.221 0.209 0.183 0.155 0.129 0.105 0.0833 0.0658 0.0419 0.028 0.0261 0.0207 0.0119 0.00593 0.00357 0.0031 0.00098 0.0003 0.00018 3.9e-05 8.9e-06 4.8e-06 0.175 0.175 0.175 0.175 0.175 0.175 0.175 0.174 0.174 0.173 0.172 0.168 0.162 0.154 0.143 0.131 0.117 0.0884 0.0506 0.0179 0.0117 0.0114 0.00955 0.00655 0.0023 0.0011 0.00053 7e-05 6.1e-05 2.5e-05 3e-06 0.192 0.192 0.192 0.192 0.192 0.192 0.192 0.192 0.191 0.19 0.188 0.182 0.173 0.161 0.147 0.13 0.113 0.0791 0.0404 0.015 0.0126 0.0115 0.00822 0.00484 0.0016 0.0011 0.00035 8.1e-05 6.6e-05 1.7e-05 1.1e-06 0.165 0.165 0.165 0.165 0.165 0.165 0.165 0.165 0.164 0.164 0.164 0.163 0.16 0.156 0.149 0.14 0.129 0.103 0.0646 0.0223 0.00782 0.00544 0.00535 0.00478 0.0026 0.00039 0.00034 0.00014 3.5e-05 2.8e-06 6.5e-08 0.17 0.17 0.17 0.17 0.17 0.17 0.17 0.17 0.17 0.169 0.169 0.168 0.164 0.159 0.151 0.141 0.129 0.101 0.0612 0.0199 0.00721 0.00549 0.00538 0.00463 0.0023 0.00038 0.00034 0.00012 2.9e-05 2e-06 3.5e-08 0.657 0.653 0.643 0.626 0.603 0.542 0.468 0.389 0.311 0.241 0.181 0.101 0.063 0.051 0.0494 0.0489 0.0459 0.033 0.014 0.00511 0.00476 0.00318 0.00157 0.000779 0.00055 0.00019 5.3e-05 3.3e-05 7.1e-06 1.6e-06 8.4e-07 0.456 0.456 0.456 0.455 0.454 0.449 0.436 0.414 0.382 0.343 0.298 0.206 0.128 0.0737 0.0422 0.027 0.0214 0.02 0.0168 0.0061 0.00209 0.00173 0.0016 0.00118 0.00041 0.00016 8.2e-05 1.1e-05 9.2e-06 3.8e-06 4.5e-07 0.52 0.52 0.52 0.519 0.517 0.507 0.484 0.448 0.399 0.341 0.282 0.172 0.0946 0.0499 0.0293 0.0222 0.0208 0.0201 0.0135 0.00368 0.00177 0.0017 0.00132 0.00081 0.00025 0.00015 5e-05 1.1e-05 9e-06 2.4e-06 1.5e-07 2.19 2.08 1.79 1.4 1.0 0.407 0.151 0.0873 0.082 0.079 0.068 0.0379 0.0169 0.00773 0.00502 0.00464 0.0046 0.00368 0.00162 0.000464 0.000425 0.000293 0.000145 7.04e-05 4.8e-05 1.7e-05 4.6e-06 2.8e-06 6.2e-07 1.4e-07 7.3e-08
Z 89 26 2.0 2.0 2.0 4.0 2.0 2.0 4.0 4.0 6.0 2.0 2.0 4.0 4.0 6.0 2.0 2.0 4.0 6.0 8.0 4.0 6.0 2.0 2.0 4.0 1.0 2.0 107190.0 19848.0 19163.0 15883.000000000002 4974.3 4654.700000000001 3903.9 3379.6 3224.1000000000004 1249.5 1104.8 911.44 675.51 639.62 328.90000000000003 319.74 274.1 218.79000000000002 174.66000000000003 92.82 86.38 45.17 29.31 21.950000000000003 4.49 4.0 0.00782 0.00782 0.00782 0.00782 0.00782 0.00782 0.00782 0.00782 0.00782 0.00782 0.00782 0.00782 0.00782 0.00782 0.00782 0.00781 0.00781 0.00781 0.0078 0.00778 0.00776 0.00774 0.00771 0.00767 0.0076 0.0073 0.007 0.0061 0.0051 0.0033 0.0012 0.028 0.028 0.028 0.028 0.028 0.028 0.028 0.028 0.028 0.028 0.0279 0.0279 0.0279 0.0278 0.0278 0.0277 0.0276 0.0275 0.0272 0.0266 0.0258 0.0249 0.0239 0.0227 0.02 0.014 0.0082 0.0023 0.00083 0.00066 0.00031 0.0135 0.0135 0.0135 0.0135 0.0135 0.0135 0.0135 0.0135 0.0135 0.0135 0.0135 0.0135 0.0135 0.0135 0.0135 0.0135 0.0135 0.0135 0.0135 0.0135 0.0135 0.0135 0.0134 0.0134 0.013 0.013 0.011 0.0078 0.0047 0.0015 0.00018 0.0158 0.0158 0.0158 0.0158 0.0158 0.0158 0.0158 0.0158 0.0158 0.0158 0.0158 0.0158 0.0158 0.0158 0.0158 0.0158 0.0158 0.0158 0.0158 0.0158 0.0158 0.0158 0.0157 0.0156 0.015 0.014 0.012 0.0073 0.0037 0.00085 6.2e-05 0.0613 0.0613 0.0613 0.0613 0.0613 0.0612 0.0611 0.061 0.0609 0.0608 0.0606 0.0602 0.0597 0.0591 0.0585 0.0578 0.057 0.0551 0.052 0.0458 0.0389 0.0321 0.0256 0.02 0.012 0.0049 0.0046 0.002 0.00046 0.00015 7.9e-05 0.0358 0.0358 0.0358 0.0358 0.0358 0.0358 0.0358 0.0358 0.0358 0.0358 0.0358 0.0358 0.0357 0.0357 0.0357 0.0357 0.0357 0.0357 0.0355 0.0351 0.0343 0.0331 0.0314 0.0293 0.024 0.011 0.0035 0.0013 0.0012 0.00045 5.5e-05 0.0395 0.0395 0.0395 0.0395 0.0395 0.0395 0.0395 0.0395 0.0395 0.0395 0.0395 0.0395 0.0395 0.0395 0.0395 0.0395 0.0395 0.0394 0.0392 0.0385 0.0373 0.0355 0.033 0.03 0.023 0.0083 0.0026 0.0017 0.0012 0.0003 2.1e-05 0.0254 0.0254 0.0254 0.0254 0.0254 0.0254 0.0254 0.0254 0.0254 0.0254 0.0254 0.0254 0.0254 0.0254 0.0254 0.0254 0.0254 0.0254 0.0254 0.0254 0.0253 0.0252 0.025 0.0246 0.023 0.017 0.01 0.0028 0.00068 5.6e-05 1.4e-06 0.0262 0.0262 0.0262 0.0262 0.0262 0.0262 0.0262 0.0262 0.0262 0.0262 0.0262 0.0262 0.0262 0.0262 0.0262 0.0262 0.0262 0.0262 0.0262 0.0262 0.0261 0.026 0.0257 0.0253 0.024 0.017 0.0099 0.0025 0.00057 4e-05 7.5e-07 0.122 0.122 0.122 0.122 0.122 0.121 0.121 0.12 0.119 0.117 0.116 0.113 0.109 0.104 0.0994 0.0941 0.0886 0.0771 0.0601 0.0363 0.0215 0.0147 0.0128 0.0127 0.011 0.003 0.0012 0.00075 0.00017 3.8e-05 2.1e-05 0.0767 0.0767 0.0767 0.0767 0.0767 0.0767 0.0767 0.0767 0.0767 0.0767 0.0766 0.0766 0.0764 0.0762 0.0759 0.0754 0.0748 0.0731 0.0691 0.0585 0.045 0.0314 0.0203 0.0126 0.0061 0.0048 0.0021 0.00033 0.00029 0.00012 1.5e-05 0.0841 0.0841 0.0841 0.0841 0.0841 0.0841 0.0841 0.0841 0.084 0.084 0.084 0.0839 0.0836 0.0833 0.0828 0.0821 0.0812 0.0786 0.0728 0.0585 0.0417 0.0267 0.016 0.00982 0.0061 0.0046 0.0015 0.0004 0.00032 8.5e-05 5.8e-06 0.0623 0.0623 0.0623 0.0623 0.0623 0.0623 0.0623 0.0623 0.0623 0.0623 0.0623 0.0623 0.0623 0.0623 0.0622 0.0622 0.0621 0.0619 0.0611 0.0576 0.0511 0.0421 0.0322 0.0231 0.01 0.0024 0.0022 0.00084 0.00022 1.8e-05 4.2e-07 0.064 0.064 0.064 0.064 0.064 0.064 0.064 0.064 0.064 0.064 0.064 0.064 0.064 0.064 0.0639 0.0639 0.0638 0.0635 0.0626 0.0587 0.0514 0.0416 0.0312 0.0219 0.0093 0.0025 0.0022 0.00077 0.00018 1.3e-05 2.3e-07 0.0505 0.0505 0.0505 0.0505 0.0505 0.0505 0.0505 0.0505 0.0505 0.0505 0.0505 0.0505 0.0505 0.0505 0.0505 0.0505 0.0505 0.0504 0.0502 0.0492 0.0467 0.0426 0.0373 0.0315 0.021 0.0057 0.0014 0.00011 1.1e-05 3.1e-07 2.2e-09 0.0512 0.0512 0.0512 0.0512 0.0512 0.0512 0.0512 0.0512 0.0512 0.0512 0.0512 0.0512 0.0512 0.0512 0.0512 0.0512 0.0511 0.0511 0.0509 0.0498 0.0471 0.0428 0.0372 0.0313 0.02 0.0054 0.0013 9.7e-05 9.8e-06 2.4e-07 1.4e-09 0.258 0.258 0.257 0.256 0.254 0.25 0.244 0.236 0.227 0.217 0.205 0.181 0.155 0.13 0.106 0.0855 0.0681 0.0437 0.0284 0.0259 0.0214 0.0129 0.00652 0.00377 0.0031 0.0011 0.0003 0.00019 4.4e-05 8.9e-06 5e-06 0.169 0.169 0.169 0.169 0.169 0.169 0.169 0.169 0.169 0.168 0.167 0.164 0.158 0.151 0.142 0.13 0.118 0.0905 0.0535 0.0193 0.0118 0.0115 0.00993 0.00706 0.0025 0.0011 0.00057 7.3e-05 6.3e-05 2.7e-05 3.3e-06 0.187 0.187 0.187 0.187 0.187 0.186 0.186 0.186 0.185 0.184 0.182 0.177 0.17 0.159 0.146 0.131 0.114 0.0819 0.0433 0.0157 0.0127 0.0118 0.00876 0.00531 0.0017 0.0011 0.00039 8.3e-05 6.9e-05 1.9e-05 1.3e-06 0.158 0.158 0.158 0.158 0.158 0.158 0.158 0.158 0.158 0.158 0.158 0.157 0.155 0.151 0.145 0.138 0.128 0.105 0.0685 0.0251 0.00876 0.00562 0.00549 0.00503 0.0029 0.00042 0.00036 0.00015 4e-05 3.2e-06 7.6e-08 0.163 0.163 0.163 0.163 0.163 0.163 0.163 0.163 0.163 0.163 0.163 0.161 0.159 0.155 0.148 0.14 0.129 0.104 0.0653 0.0226 0.00799 0.00565 0.00555 0.00491 0.0026 0.00041 0.00036 0.00014 3.3e-05 2.3e-06 4.1e-08 0.617 0.614 0.606 0.591 0.572 0.52 0.455 0.384 0.314 0.249 0.192 0.111 0.0686 0.0528 0.0497 0.0495 0.0476 0.0365 0.0167 0.00552 0.00511 0.00363 0.00187 0.000913 0.00059 0.00023 5.8e-05 3.7e-05 8.5e-06 1.7e-06 9.4e-07 0.429 0.429 0.429 0.429 0.428 0.424 0.414 0.396 0.37 0.337 0.299 0.216 0.142 0.0857 0.0504 0.0316 0.0234 0.0206 0.0183 0.00744 0.00245 0.00185 0.00176 0.00135 0.0005 0.00018 9.6e-05 1.2e-05 1e-05 4.4e-06 5.3e-07 0.484 0.484 0.484 0.484 0.482 0.475 0.458 0.43 0.39 0.343 0.291 0.19 0.111 0.0612 0.0354 0.0249 0.022 0.0215 0.0158 0.00466 0.00199 0.00189 0.00154 0.000979 0.0003 0.00017 6.1e-05 1.2e-05 1e-05 2.8e-06 1.9e-07 0.608 0.608 0.608 0.607 0.606 0.592 0.555 0.493 0.416 0.336 0.261 0.146 0.0758 0.0374 0.0184 0.00994 0.00672 0.00565 0.00514 0.00236 0.00075 0.000354 0.000323 0.000307 0.00018 2.6e-05 2.1e-05 9.2e-06 2.5e-06 2e-07 4.7e-09 1.99 1.91 1.68 1.36 1.02 0.473 0.19 0.0973 0.0821 0.0813 0.0752 0.0486 0.0243 0.0113 0.00644 0.00533 0.00527 0.0046 0.00226 0.000589 0.000514 0.000381 0.000198 9.48e-05 5.8e-05 2.3e-05 5.7e-06 3.6e-06 8.4e-07 1.7e-07 9.3e-08
Z 90 26 2.0 2.0 2.0 4.0 2.0 2.0 4.0 4.0 6.0 2.0 2.0 4.0 4.0 6.0 2.0 2.0 4.0 6.0 8.0 4.0 6.0 2.0 2.0 4.0 2.0 2.0 110110.0 20478.0 19780.0 16315.0 5157.9 4831.6 4036.2000000000003 3502.4 3338.6000000000004 1310.6000000000001 1162.3 956.16 714.81 676.6400000000001 358.55 348.69 294.76 237.43 189.41 104.22999999999999 97.11 50.550000000000004 33.519999999999996 25.009999999999998 5.62 4.9799999999999995 0.00769 0.00769 0.00769 0.00769 0.00769 0.00769 0.00769 0.00769 0.00769 0.00769 0.00769 0.00769 0.00769 0.00768 0.00768 0.00768 0.00768 0.00768 0.00767 0.00765 0.00763 0.00761 0.00758 0.00755 0.0075 0.0072 0.0069 0.006 0.0051 0.0033 0.0013 0.0275 0.0275 0.0275 0.0275 0.0275 0.0275 0.0275 0.0275 0.0275 0.0275 0.0275 0.0275 0.0274 0.0274 0.0273 0.0273 0.0272 0.027 0.0268 0.0262 0.0254 0.0246 0.0236 0.0225 0.02 0.014 0.0084 0.0024 0.00085 0.00065 0.00032 0.0133 0.0133 0.0133 0.0133 0.0133 0.0133 0.0133 0.0133 0.0133 0.0133 0.0133 0.0133 0.0133 0.0133 0.0133 0.0133 0.0133 0.0133 0.0133 0.0133 0.0132 0.0132 0.0132 0.0132 0.013 0.012 0.011 0.0078 0.0047 0.0015 0.0002 0.0156 0.0156 0.0156 0.0156 0.0156 0.0156 0.0156 0.0156 0.0156 0.0156 0.0156 0.0156 0.0156 0.0156 0.0156 0.0156 0.0156 0.0156 0.0156 0.0156 0.0156 0.0156 0.0155 0.0154 0.015 0.014 0.012 0.0074 0.0038 0.00089 6.7e-05 0.0603 0.0603 0.0603 0.0603 0.0603 0.0602 0.0601 0.06 0.0599 0.0598 0.0596 0.0592 0.0588 0.0582 0.0576 0.0569 0.0562 0.0544 0.0514 0.0454 0.0389 0.0322 0.0259 0.0203 0.012 0.0049 0.0046 0.0021 0.0005 0.00014 8.1e-05 0.0352 0.0352 0.0352 0.0352 0.0352 0.0352 0.0352 0.0352 0.0352 0.0352 0.0352 0.0352 0.0352 0.0351 0.0351 0.0351 0.0351 0.0351 0.035 0.0346 0.0338 0.0327 0.0311 0.0291 0.024 0.011 0.0037 0.0013 0.0012 0.00047 5.9e-05 0.039 0.039 0.039 0.039 0.039 0.039 0.039 0.039 0.039 0.039 0.039 0.039 0.039 0.039 0.039 0.0389 0.0389 0.0388 0.0387 0.038 0.0369 0.0351 0.0328 0.0299 0.023 0.0086 0.0027 0.0017 0.0012 0.00032 2.2e-05 0.025 0.025 0.025 0.025 0.025 0.025 0.025 0.025 0.025 0.025 0.025 0.025 0.025 0.025 0.025 0.025 0.025 0.025 0.025 0.025 0.025 0.0249 0.0247 0.0243 0.023 0.017 0.011 0.0029 0.00073 6.1e-05 1.5e-06 0.0259 0.0259 0.0259 0.0259 0.0259 0.0259 0.0259 0.0259 0.0259 0.0259 0.0259 0.0259 0.0259 0.0259 0.0259 0.0259 0.0259 0.0259 0.0259 0.0258 0.0258 0.0257 0.0254 0.025 0.024 0.017 0.01 0.0026 0.0006 4.4e-05 8.3e-07 0.12 0.12 0.12 0.12 0.119 0.119 0.118 0.118 0.117 0.115 0.114 0.111 0.107 0.103 0.0982 0.0932 0.0879 0.0769 0.0604 0.037 0.022 0.0149 0.0127 0.0125 0.011 0.0032 0.0012 0.00079 0.00019 3.8e-05 2.2e-05 0.0752 0.0752 0.0752 0.0752 0.0752 0.0752 0.0752 0.0752 0.0752 0.0752 0.0752 0.0751 0.075 0.0748 0.0745 0.0741 0.0735 0.0719 0.0682 0.0583 0.0454 0.0322 0.0211 0.0133 0.0063 0.0049 0.0023 0.00033 0.00029 0.00013 1.6e-05 0.0826 0.0826 0.0826 0.0826 0.0826 0.0826 0.0826 0.0826 0.0826 0.0826 0.0825 0.0824 0.0822 0.0819 0.0814 0.0808 0.08 0.0776 0.0721 0.0585 0.0423 0.0276 0.0167 0.0103 0.0061 0.0047 0.0016 0.00039 0.00033 9e-05 6.2e-06 0.0611 0.0611 0.0611 0.0611 0.0611 0.0611 0.0611 0.0611 0.0611 0.0611 0.0611 0.0611 0.0611 0.0611 0.0611 0.061 0.061 0.0608 0.06 0.0569 0.0509 0.0424 0.0329 0.0238 0.011 0.0024 0.0022 0.00089 0.00024 2e-05 4.8e-07 0.0628 0.0628 0.0628 0.0628 0.0628 0.0628 0.0628 0.0628 0.0628 0.0628 0.0628 0.0628 0.0628 0.0628 0.0628 0.0627 0.0627 0.0624 0.0615 0.058 0.0512 0.042 0.0319 0.0227 0.0098 0.0025 0.0023 0.00081 0.0002 1.4e-05 2.6e-07 0.0493 0.0493 0.0493 0.0493 0.0493 0.0493 0.0493 0.0493 0.0493 0.0493 0.0493 0.0493 0.0493 0.0493 0.0493 0.0493 0.0493 0.0493 0.0491 0.0482 0.046 0.0423 0.0374 0.0319 0.021 0.0061 0.0016 0.00012 1.3e-05 3.6e-07 2.6e-09 0.05 0.05 0.05 0.05 0.05 0.05 0.05 0.05 0.05 0.05 0.05 0.05 0.05 0.05 0.05 0.05 0.05 0.05 0.0498 0.0488 0.0465 0.0425 0.0374 0.0317 0.021 0.0058 0.0015 0.00011 1.1e-05 2.8e-07 1.7e-09 0.251 0.25 0.25 0.249 0.247 0.243 0.237 0.23 0.222 0.212 0.202 0.179 0.154 0.13 0.108 0.0875 0.0702 0.0454 0.0288 0.0257 0.022 0.0138 0.00714 0.00401 0.0031 0.0012 0.00031 0.0002 5e-05 9e-06 5.3e-06 0.164 0.164 0.164 0.164 0.164 0.164 0.164 0.164 0.164 0.163 0.162 0.159 0.155 0.148 0.14 0.129 0.118 0.0922 0.0563 0.0208 0.0119 0.0115 0.0103 0.00755 0.0028 0.0011 0.00062 7.8e-05 6.4e-05 2.9e-05 3.7e-06 0.181 0.181 0.181 0.181 0.181 0.181 0.181 0.181 0.18 0.179 0.178 0.173 0.166 0.157 0.145 0.131 0.115 0.0844 0.046 0.0166 0.0127 0.0121 0.00926 0.0058 0.0019 0.0011 0.00043 8.5e-05 7.2e-05 2e-05 1.4e-06 0.152 0.152 0.152 0.152 0.152 0.152 0.152 0.152 0.152 0.152 0.152 0.151 0.15 0.147 0.142 0.135 0.127 0.107 0.072 0.028 0.00984 0.00584 0.0056 0.00525 0.0031 0.00046 0.00037 0.00016 4.5e-05 3.7e-06 8.9e-08 0.157 0.157 0.157 0.157 0.157 0.157 0.157 0.157 0.157 0.157 0.157 0.156 0.154 0.15 0.145 0.138 0.128 0.106 0.069 0.0253 0.00888 0.00581 0.00569 0.00517 0.0029 0.00044 0.00037 0.00015 3.7e-05 2.7e-06 4.8e-08 0.585 0.582 0.575 0.562 0.545 0.5 0.443 0.379 0.315 0.254 0.2 0.119 0.074 0.0548 0.0498 0.0494 0.0484 0.0393 0.0195 0.00598 0.00537 0.00406 0.00219 0.00107 0.00062 0.00026 6.3e-05 4.1e-05 1e-05 1.8e-06 1e-06 0.408 0.408 0.408 0.407 0.407 0.403 0.395 0.381 0.359 0.331 0.297 0.223 0.152 0.0964 0.0584 0.0364 0.0257 0.0209 0.0194 0.00879 0.00286 0.00194 0.00188 0.00151 0.00059 0.00019 0.00011 1.3e-05 1.1e-05 5e-06 6.2e-07 0.456 0.456 0.456 0.456 0.455 0.449 0.436 0.413 0.381 0.34 0.295 0.202 0.125 0.0719 0.0418 0.0279 0.0232 0.0223 0.0177 0.00573 0.00221 0.00204 0.00173 0.00115 0.00036 0.00019 7.2e-05 1.4e-05 1.2e-05 3.3e-06 2.2e-07 0.535 0.535 0.535 0.535 0.534 0.528 0.508 0.471 0.418 0.356 0.293 0.182 0.104 0.0557 0.0289 0.0155 0.00953 0.00681 0.00646 0.00335 0.00112 0.00048 0.000412 0.0004 0.00025 3.6e-05 2.8e-05 1.3e-05 3.5e-06 2.9e-07 6.9e-09 1.86 1.79 1.6 1.33 1.03 0.517 0.222 0.108 0.0816 0.0799 0.0771 0.0557 0.0308 0.015 0.00802 0.00591 0.00562 0.00522 0.00288 0.000716 0.000578 0.000458 0.000251 0.00012 6.6e-05 2.8e-05 6.7e-06 4.4e-06 1.1e-06 1.9e-07 1.1e-07
Z 91 27 2.0 2.0 2.0 4.0 2.0 2.0 4.0 4.0 6.0 2.0 2.0 4.0 4.0 6.0 2.0 2.0 4.0 6.0 8.0 4.0 6.0 2.0 2.0 4.0 2.0 1.0 2.0 113080.0 21113.0 20402.0 16743.0 5334.9 5001.8 4159.4 3616.1 3443.6 1362.1 1210.1 990.57 743.75 703.21 377.63 367.04 305.17 245.89000000000001 194.07 106.08 98.4 7.64 6.8 50.01 32.61 23.82 4.71 0.00756 0.00756 0.00756 0.00756 0.00756 0.00756 0.00756 0.00756 0.00756 0.00756 0.00756 0.00756 0.00755 0.00755 0.00755 0.00755 0.00755 0.00755 0.00754 0.00752 0.0075 0.00748 0.00745 0.00742 0.0073 0.0071 0.0068 0.006 0.005 0.0033 0.0013 0.0271 0.0271 0.0271 0.0271 0.0271 0.0271 0.0271 0.0271 0.0271 0.0271 0.027 0.027 0.027 0.0269 0.0269 0.0268 0.0268 0.0266 0.0264 0.0258 0.0251 0.0243 0.0233 0.0223 0.02 0.014 0.0085 0.0025 0.00087 0.00064 0.00033 0.013 0.013 0.013 0.013 0.013 0.013 0.013 0.013 0.013 0.013 0.013 0.013 0.013 0.013 0.013 0.013 0.013 0.013 0.013 0.013 0.013 0.013 0.013 0.0129 0.0129 0.012 0.011 0.0078 0.0048 0.0016 0.00021 0.0154 0.0154 0.0154 0.0154 0.0154 0.0154 0.0154 0.0154 0.0154 0.0154 0.0154 0.0154 0.0154 0.0154 0.0154 0.0154 0.0154 0.0154 0.0154 0.0154 0.0154 0.0154 0.0153 0.0153 0.015 0.014 0.012 0.0074 0.0039 0.00093 7.1e-05 0.0593 0.0593 0.0593 0.0593 0.0593 0.0592 0.0592 0.0591 0.059 0.0588 0.0587 0.0583 0.0579 0.0574 0.0568 0.0561 0.0554 0.0537 0.0508 0.0451 0.0388 0.0323 0.0261 0.0206 0.012 0.0048 0.0045 0.0022 0.00055 0.00014 8.3e-05 0.0346 0.0346 0.0346 0.0346 0.0346 0.0346 0.0346 0.0346 0.0346 0.0346 0.0346 0.0346 0.0346 0.0346 0.0346 0.0345 0.0345 0.0345 0.0344 0.034 0.0334 0.0323 0.0308 0.0289 0.024 0.011 0.004 0.0013 0.0012 0.00049 6.4e-05 0.0384 0.0384 0.0384 0.0384 0.0384 0.0384 0.0384 0.0384 0.0384 0.0384 0.0384 0.0384 0.0384 0.0384 0.0384 0.0384 0.0384 0.0383 0.0381 0.0376 0.0365 0.0348 0.0326 0.0298 0.023 0.0089 0.0028 0.0016 0.0012 0.00033 2.4e-05 0.0247 0.0247 0.0247 0.0247 0.0247 0.0247 0.0247 0.0247 0.0247 0.0247 0.0247 0.0247 0.0247 0.0247 0.0247 0.0247 0.0247 0.0247 0.0247 0.0247 0.0246 0.0245 0.0243 0.024 0.023 0.017 0.011 0.003 0.00077 6.6e-05 1.7e-06 0.0255 0.0255 0.0255 0.0255 0.0255 0.0255 0.0255 0.0255 0.0255 0.0255 0.0255 0.0255 0.0255 0.0255 0.0255 0.0255 0.0255 0.0255 0.0255 0.0255 0.0254 0.0253 0.0251 0.0247 0.023 0.017 0.01 0.0027 0.00064 4.8e-05 9.1e-07 0.118 0.118 0.118 0.117 0.117 0.117 0.116 0.115 0.114 0.113 0.112 0.109 0.106 0.102 0.0971 0.0923 0.0872 0.0766 0.0607 0.0377 0.0226 0.0151 0.0127 0.0123 0.011 0.0034 0.0012 0.00082 0.00021 3.7e-05 2.3e-05 0.0738 0.0738 0.0738 0.0738 0.0738 0.0738 0.0738 0.0738 0.0738 0.0737 0.0737 0.0737 0.0736 0.0734 0.0731 0.0727 0.0722 0.0708 0.0673 0.0581 0.0458 0.033 0.022 0.014 0.0065 0.0049 0.0024 0.00034 0.00029 0.00014 1.8e-05 0.0812 0.0812 0.0812 0.0812 0.0812 0.0812 0.0812 0.0812 0.0812 0.0812 0.0811 0.081 0.0808 0.0806 0.0801 0.0795 0.0787 0.0765 0.0714 0.0585 0.0429 0.0284 0.0174 0.0107 0.0061 0.0048 0.0017 0.00039 0.00033 9.5e-05 6.7e-06 0.06 0.06 0.06 0.06 0.06 0.06 0.06 0.06 0.06 0.06 0.06 0.06 0.06 0.06 0.06 0.0599 0.0599 0.0597 0.059 0.0562 0.0506 0.0426 0.0334 0.0246 0.011 0.0024 0.0022 0.00093 0.00026 2.2e-05 5.3e-07 0.0617 0.0617 0.0617 0.0617 0.0617 0.0617 0.0617 0.0617 0.0617 0.0617 0.0617 0.0617 0.0617 0.0617 0.0617 0.0616 0.0616 0.0613 0.0605 0.0573 0.051 0.0423 0.0325 0.0234 0.01 0.0025 0.0023 0.00085 0.00021 1.6e-05 2.9e-07 0.0482 0.0482 0.0482 0.0482 0.0482 0.0482 0.0482 0.0482 0.0482 0.0482 0.0482 0.0482 0.0482 0.0482 0.0482 0.0482 0.0482 0.0482 0.0481 0.0473 0.0454 0.042 0.0374 0.0322 0.022 0.0064 0.0017 0.00014 1.5e-05 4.2e-07 3e-09 0.0489 0.0489 0.0489 0.0489 0.0489 0.0489 0.0489 0.0489 0.0489 0.0489 0.0489 0.0489 0.0489 0.0489 0.0489 0.0489 0.0489 0.0489 0.0487 0.0479 0.0458 0.0423 0.0375 0.0321 0.022 0.0062 0.0016 0.00012 1.3e-05 3.2e-07 1.9e-09 0.245 0.244 0.244 0.243 0.241 0.238 0.232 0.225 0.218 0.209 0.199 0.177 0.154 0.131 0.109 0.089 0.072 0.0469 0.0292 0.0254 0.0224 0.0146 0.00777 0.00428 0.0031 0.0013 0.00032 0.00021 5.6e-05 9e-06 5.5e-06 0.161 0.161 0.161 0.161 0.161 0.161 0.16 0.16 0.16 0.159 0.159 0.156 0.152 0.146 0.138 0.128 0.117 0.0933 0.0584 0.0221 0.0121 0.0114 0.0104 0.00795 0.0031 0.0011 0.00066 8.2e-05 6.4e-05 3.1e-05 4e-06 0.177 0.177 0.177 0.177 0.177 0.177 0.177 0.177 0.176 0.175 0.174 0.17 0.164 0.155 0.143 0.13 0.116 0.0862 0.0482 0.0174 0.0126 0.0122 0.00965 0.00622 0.0021 0.0012 0.00046 8.6e-05 7.4e-05 2.2e-05 1.5e-06 0.149 0.149 0.149 0.149 0.149 0.149 0.149 0.149 0.149 0.149 0.149 0.148 0.147 0.144 0.14 0.134 0.126 0.107 0.0737 0.0299 0.0106 0.00592 0.00555 0.0053 0.0033 0.00049 0.00037 0.00017 4.9e-05 4.2e-06 1e-07 0.153 0.153 0.153 0.153 0.153 0.153 0.153 0.153 0.153 0.153 0.153 0.152 0.15 0.147 0.143 0.136 0.127 0.106 0.0712 0.0274 0.00965 0.00589 0.0057 0.00529 0.0031 0.00046 0.00038 0.00016 4.1e-05 3e-06 5.5e-08 0.207 0.207 0.207 0.207 0.207 0.207 0.207 0.206 0.206 0.204 0.202 0.194 0.182 0.167 0.15 0.133 0.116 0.0852 0.05 0.0181 0.00599 0.00228 0.00142 0.00132 0.0012 0.00049 0.00014 1.1e-05 1.2e-06 3.5e-08 2.6e-10 0.58 0.578 0.57 0.558 0.542 0.497 0.442 0.38 0.317 0.257 0.203 0.122 0.0748 0.0542 0.0483 0.0477 0.047 0.0392 0.0204 0.00606 0.00523 0.00416 0.00236 0.00116 0.00061 0.00028 6.5e-05 4.2e-05 1.1e-05 1.8e-06 1.1e-06 0.401 0.401 0.401 0.401 0.4 0.397 0.39 0.376 0.356 0.329 0.297 0.226 0.156 0.1 0.0613 0.0381 0.0263 0.0202 0.0192 0.00939 0.0031 0.00192 0.00188 0.00157 0.00066 0.00019 0.00012 1.4e-05 1.1e-05 5.2e-06 6.8e-07 0.459 0.459 0.459 0.459 0.458 0.452 0.438 0.415 0.382 0.341 0.295 0.202 0.125 0.0718 0.0414 0.0271 0.022 0.0209 0.017 0.00587 0.00216 0.00192 0.00169 0.00116 0.00037 0.00018 7.4e-05 1.3e-05 1.1e-05 3.3e-06 2.3e-07 0.558 0.558 0.558 0.558 0.557 0.548 0.523 0.477 0.417 0.349 0.283 0.171 0.0961 0.0511 0.0264 0.0141 0.0086 0.00594 0.00567 0.00312 0.00109 0.00045 0.000365 0.000358 0.00024 3.4e-05 2.5e-05 1.2e-05 3.4e-06 2.9e-07 7e-09 1.93 1.86 1.65 1.36 1.04 0.501 0.207 0.0986 0.0756 0.0744 0.0712 0.0503 0.0274 0.0133 0.00698 0.00505 0.00475 0.00447 0.00257 0.000644 0.000489 0.000406 0.000235 0.000114 5.7e-05 2.7e-05 6e-06 3.9e-06 1e-06 1.6e-07 9.9e-08
Z 92 27 2.0 2.0 2.0 4.0 2.0 2.0 4.0 4.0 6.0 2.0 2.0 4.0 4.0 6.0 2.0 2.0 4.0 6.0 8.0 4.0 6.0 2.0 2.0 4.0 3.0 1.0 2.0 116110.0 21768.0 21044.0 17182.0 5521.3 5181.5 4289.6 3736.8 3555.2000000000003 1419.9 1264.2 1030.5 778.18 735.14 402.09000000000003 390.75 320.65000000000003 259.38 203.39 112.35 104.02 8.91 7.95 52.23 34.09 24.57 4.74 0.00743 0.00743 0.00743 0.00743 0.00743 0.00743 0.00743 0.00743 0.00743 0.00743 0.00743 0.00743 0.00743 0.00742 0.00742 0.00742 0.00742 0.00742 0.00741 0.0074 0.00738 0.00736 0.00733 0.0073 0.0072 0.007 0.0067 0.0059 0.005 0.0033 0.0013 0.0267 0.0267 0.0267 0.0267 0.0267 0.0267 0.0267 0.0266 0.0266 0.0266 0.0266 0.0266 0.0265 0.0265 0.0265 0.0264 0.0263 0.0262 0.026 0.0254 0.0248 0.024 0.0231 0.0221 0.02 0.014 0.0087 0.0026 0.00089 0.00063 0.00033 0.0128 0.0128 0.0128 0.0128 0.0128 0.0128 0.0128 0.0128 0.0128 0.0128 0.0128 0.0128 0.0128 0.0128 0.0128 0.0128 0.0128 0.0128 0.0128 0.0128 0.0128 0.0128 0.0128 0.0127 0.0127 0.012 0.011 0.0079 0.0049 0.0017 0.00023 0.0152 0.0152 0.0152 0.0152 0.0152 0.0152 0.0152 0.0152 0.0152 0.0152 0.0152 0.0152 0.0152 0.0152 0.0152 0.0152 0.0152 0.0152 0.0152 0.0152 0.0152 0.0152 0.0151 0.0151 0.015 0.014 0.012 0.0075 0.004 0.00097 7.6e-05 0.0584 0.0584 0.0584 0.0584 0.0583 0.0583 0.0582 0.0581 0.058 0.0579 0.0578 0.0574 0.057 0.0565 0.0559 0.0553 0.0546 0.053 0.0503 0.0448 0.0386 0.0324 0.0264 0.0209 0.013 0.0048 0.0045 0.0023 0.00059 0.00014 8.5e-05 0.034 0.034 0.034 0.034 0.034 0.034 0.034 0.034 0.034 0.034 0.034 0.034 0.034 0.034 0.034 0.034 0.034 0.0339 0.0338 0.0335 0.0329 0.0319 0.0305 0.0287 0.024 0.012 0.0042 0.0013 0.0012 0.00051 6.9e-05 0.0379 0.0379 0.0379 0.0379 0.0379 0.0379 0.0379 0.0379 0.0379 0.0379 0.0379 0.0379 0.0379 0.0379 0.0379 0.0379 0.0379 0.0378 0.0376 0.0371 0.0361 0.0345 0.0324 0.0297 0.023 0.0092 0.0029 0.0016 0.0012 0.00035 2.6e-05 0.0243 0.0243 0.0243 0.0243 0.0243 0.0243 0.0243 0.0243 0.0243 0.0243 0.0243 0.0243 0.0243 0.0243 0.0243 0.0243 0.0243 0.0243 0.0243 0.0243 0.0243 0.0242 0.024 0.0237 0.023 0.017 0.011 0.0031 0.00082 7.2e-05 1.9e-06 0.0252 0.0252 0.0252 0.0252 0.0252 0.0252 0.0252 0.0252 0.0252 0.0252 0.0252 0.0252 0.0252 0.0252 0.0252 0.0252 0.0252 0.0252 0.0252 0.0252 0.0251 0.025 0.0248 0.0244 0.023 0.017 0.011 0.0028 0.00068 5.1e-05 1e-06 0.115 0.115 0.115 0.115 0.115 0.115 0.114 0.113 0.112 0.111 0.11 0.107 0.104 0.1 0.0959 0.0913 0.0865 0.0764 0.0609 0.0384 0.0232 0.0154 0.0126 0.0122 0.011 0.0036 0.0012 0.00085 0.00023 3.7e-05 2.3e-05 0.0724 0.0724 0.0724 0.0724 0.0724 0.0724 0.0724 0.0724 0.0724 0.0724 0.0723 0.0723 0.0722 0.072 0.0718 0.0714 0.071 0.0696 0.0664 0.0578 0.0461 0.0337 0.0228 0.0146 0.0067 0.0049 0.0026 0.00035 0.00029 0.00014 1.9e-05 0.0798 0.0798 0.0798 0.0798 0.0798 0.0798 0.0798 0.0798 0.0798 0.0798 0.0798 0.0797 0.0795 0.0792 0.0788 0.0783 0.0776 0.0755 0.0707 0.0585 0.0434 0.0291 0.0181 0.0112 0.0062 0.0049 0.0018 0.00039 0.00034 0.0001 7.3e-06 0.0589 0.0589 0.0589 0.0589 0.0589 0.0589 0.0589 0.0589 0.0589 0.0589 0.0589 0.0589 0.0589 0.0589 0.0589 0.0589 0.0588 0.0586 0.058 0.0555 0.0503 0.0428 0.034 0.0253 0.012 0.0025 0.0022 0.00098 0.00027 2.4e-05 6e-07 0.0606 0.0606 0.0606 0.0606 0.0606 0.0606 0.0606 0.0606 0.0606 0.0606 0.0606 0.0606 0.0606 0.0606 0.0606 0.0605 0.0605 0.0603 0.0596 0.0566 0.0508 0.0425 0.0331 0.0242 0.011 0.0025 0.0023 0.00089 0.00023 1.7e-05 3.2e-07 0.0472 0.0472 0.0472 0.0472 0.0472 0.0472 0.0472 0.0472 0.0472 0.0472 0.0472 0.0472 0.0472 0.0472 0.0472 0.0472 0.0472 0.0472 0.047 0.0464 0.0447 0.0417 0.0374 0.0325 0.022 0.0068 0.0018 0.00015 1.7e-05 4.8e-07 3.5e-09 0.0479 0.0479 0.0479 0.0479 0.0479 0.0479 0.0479 0.0479 0.0479 0.0479 0.0479 0.0479 0.0479 0.0479 0.0479 0.0479 0.0479 0.0478 0.0477 0.047 0.0452 0.042 0.0375 0.0324 0.022 0.0065 0.0017 0.00013 1.4e-05 3.7e-07 2.2e-09 0.238 0.238 0.238 0.237 0.236 0.232 0.227 0.221 0.213 0.205 0.195 0.175 0.153 0.131 0.11 0.0906 0.0737 0.0485 0.0298 0.0251 0.0227 0.0154 0.00843 0.00459 0.0031 0.0014 0.00034 0.00022 6.2e-05 9.1e-06 5.7e-06 0.157 0.157 0.157 0.157 0.157 0.157 0.156 0.156 0.156 0.155 0.155 0.152 0.149 0.143 0.136 0.127 0.117 0.0944 0.0605 0.0236 0.0123 0.0113 0.0106 0.00834 0.0034 0.0011 0.00071 8.8e-05 6.4e-05 3.3e-05 4.4e-06 0.173 0.173 0.173 0.173 0.173 0.173 0.173 0.172 0.172 0.171 0.17 0.166 0.161 0.152 0.142 0.13 0.116 0.0879 0.0504 0.0184 0.0126 0.0123 0.01 0.00667 0.0022 0.0012 0.0005 8.7e-05 7.7e-05 2.3e-05 1.7e-06 0.145 0.145 0.145 0.145 0.145 0.145 0.145 0.145 0.145 0.145 0.145 0.145 0.143 0.141 0.137 0.132 0.125 0.107 0.0757 0.0322 0.0117 0.00612 0.00556 0.00539 0.0035 0.00053 0.00038 0.00019 5.4e-05 4.7e-06 1.2e-07 0.149 0.149 0.149 0.149 0.149 0.149 0.149 0.149 0.149 0.149 0.149 0.148 0.147 0.144 0.14 0.134 0.126 0.107 0.0735 0.0297 0.0106 0.00604 0.00572 0.00542 0.0033 0.00049 0.00039 0.00017 4.5e-05 3.4e-06 6.3e-08 0.193 0.193 0.193 0.193 0.193 0.193 0.193 0.193 0.192 0.192 0.19 0.185 0.176 0.164 0.15 0.135 0.12 0.0907 0.0556 0.0214 0.00744 0.00279 0.0016 0.00143 0.0014 0.00057 0.00017 1.4e-05 1.6e-06 4.5e-08 3.4e-10 0.565 0.563 0.556 0.545 0.529 0.488 0.436 0.377 0.317 0.26 0.207 0.126 0.0778 0.0551 0.0477 0.0467 0.0463 0.04 0.022 0.0064 0.00522 0.00436 0.00259 0.0013 0.00062 0.00031 6.9e-05 4.5e-05 1.2e-05 1.8e-06 1.1e-06 0.39 0.39 0.39 0.39 0.389 0.386 0.38 0.368 0.349 0.325 0.296 0.229 0.162 0.106 0.0664 0.0414 0.0279 0.0201 0.0192 0.0103 0.00348 0.00197 0.0019 0.00165 0.00074 0.00019 0.00013 1.5e-05 1.1e-05 5.6e-06 7.6e-07 0.45 0.45 0.45 0.45 0.449 0.443 0.431 0.409 0.379 0.34 0.297 0.207 0.13 0.0763 0.0442 0.0282 0.022 0.0204 0.0173 0.00643 0.00225 0.00191 0.00173 0.00124 0.00041 0.00019 8e-05 1.3e-05 1.2e-05 3.5e-06 2.6e-07 0.543 0.543 0.543 0.543 0.542 0.535 0.512 0.471 0.415 0.351 0.288 0.179 0.103 0.0563 0.0298 0.016 0.00949 0.00595 0.00568 0.00339 0.00125 0.000494 0.000373 0.000367 0.00026 3.8e-05 2.6e-05 1.3e-05 3.8e-06 3.3e-07 8.1e-09 1.91 1.84 1.64 1.35 1.04 0.513 0.214 0.0998 0.0733 0.0713 0.0691 0.0506 0.0285 0.0141 0.0073 0.00497 0.00452 0.00434 0.00267 0.000679 0.000471 0.00041 0.00025 0.000124 5.6e-05 2.8e-05 6.2e-06 4e-06 1.1e-06 1.6e-07 1e-07
Z 93 27 2.0 2.0 2.0 4.0 2.0 2.0 4.0 4.0 6.0 2.0 2.0 4.0 4.0 6.0 6.0 8.0 2.0 2.0 4.0 4.0 6.0 4.0 2.0 2.0 4.0 1.0 2.0 119200.0 22440.0 21702.0 17626.0 5712.2 5365.5 4421.6 3859.2000000000003 3668.1 1478.9 1319.5 1070.8 812.9399999999999 767.29 426.75 414.6 336.25 272.95 212.56 118.48 109.47 10.12 9.03 54.39 35.519999999999996 25.25 4.75 0.0073 0.0073 0.0073 0.0073 0.0073 0.0073 0.0073 0.0073 0.0073 0.0073 0.0073 0.0073 0.0073 0.0073 0.0073 0.0073 0.00729 0.00729 0.00728 0.00727 0.00725 0.00723 0.00721 0.00718 0.0071 0.0069 0.0066 0.0058 0.005 0.0033 0.0013 0.0262 0.0262 0.0262 0.0262 0.0262 0.0262 0.0262 0.0262 0.0262 0.0262 0.0262 0.0262 0.0261 0.0261 0.026 0.026 0.0259 0.0258 0.0256 0.025 0.0244 0.0236 0.0228 0.0218 0.02 0.014 0.0088 0.0028 0.00092 0.00062 0.00034 0.0126 0.0126 0.0126 0.0126 0.0126 0.0126 0.0126 0.0126 0.0126 0.0126 0.0126 0.0126 0.0126 0.0126 0.0126 0.0126 0.0126 0.0126 0.0126 0.0126 0.0126 0.0126 0.0125 0.0125 0.012 0.012 0.011 0.0079 0.005 0.0017 0.00024 0.015 0.015 0.015 0.015 0.015 0.015 0.015 0.015 0.015 0.015 0.015 0.015 0.015 0.015 0.015 0.015 0.015 0.015 0.015 0.015 0.015 0.015 0.0149 0.0149 0.0149 0.014 0.012 0.0076 0.0041 0.001 8.1e-05 0.0575 0.0575 0.0574 0.0574 0.0574 0.0574 0.0573 0.0572 0.0571 0.057 0.0569 0.0565 0.0561 0.0557 0.0551 0.0545 0.0539 0.0523 0.0497 0.0444 0.0385 0.0324 0.0266 0.0212 0.013 0.0049 0.0044 0.0024 0.00064 0.00014 8.7e-05 0.0334 0.0334 0.0334 0.0334 0.0334 0.0334 0.0334 0.0334 0.0334 0.0334 0.0334 0.0334 0.0334 0.0334 0.0334 0.0334 0.0334 0.0334 0.0333 0.033 0.0324 0.0315 0.0301 0.0284 0.024 0.012 0.0044 0.0012 0.0012 0.00053 7.4e-05 0.0374 0.0374 0.0374 0.0374 0.0374 0.0374 0.0374 0.0374 0.0374 0.0374 0.0374 0.0374 0.0374 0.0374 0.0374 0.0374 0.0374 0.0373 0.0371 0.0366 0.0357 0.0342 0.0321 0.0296 0.024 0.0094 0.003 0.0016 0.0013 0.00036 2.7e-05 0.024 0.024 0.024 0.024 0.024 0.024 0.024 0.024 0.024 0.024 0.024 0.024 0.024 0.024 0.024 0.024 0.024 0.024 0.024 0.024 0.024 0.0239 0.0237 0.0234 0.022 0.017 0.011 0.0033 0.00087 7.8e-05 2.1e-06 0.0248 0.0248 0.0248 0.0248 0.0248 0.0248 0.0248 0.0248 0.0248 0.0248 0.0248 0.0248 0.0248 0.0248 0.0248 0.0248 0.0248 0.0248 0.0248 0.0248 0.0248 0.0247 0.0245 0.0242 0.023 0.017 0.011 0.0029 0.00072 5.6e-05 1.1e-06 0.113 0.113 0.113 0.113 0.113 0.113 0.112 0.111 0.11 0.109 0.108 0.106 0.102 0.0988 0.0948 0.0904 0.0858 0.076 0.0611 0.0391 0.0238 0.0157 0.0126 0.012 0.011 0.0039 0.0013 0.00088 0.00025 3.7e-05 2.4e-05 0.071 0.071 0.071 0.071 0.071 0.071 0.071 0.071 0.071 0.071 0.071 0.0709 0.0708 0.0707 0.0705 0.0701 0.0697 0.0685 0.0655 0.0575 0.0464 0.0343 0.0236 0.0154 0.0069 0.0049 0.0027 0.00037 0.00028 0.00015 2.1e-05 0.0785 0.0785 0.0785 0.0785 0.0785 0.0785 0.0785 0.0785 0.0785 0.0785 0.0785 0.0784 0.0782 0.078 0.0776 0.0771 0.0764 0.0745 0.07 0.0584 0.0439 0.0299 0.0188 0.0117 0.0062 0.0049 0.0019 0.00039 0.00034 0.00011 7.9e-06 0.0579 0.0579 0.0579 0.0579 0.0579 0.0579 0.0579 0.0579 0.0579 0.0579 0.0579 0.0579 0.0579 0.0579 0.0578 0.0578 0.0578 0.0576 0.0571 0.0548 0.05 0.0429 0.0344 0.026 0.013 0.0025 0.0022 0.001 0.00029 2.6e-05 6.7e-07 0.0596 0.0596 0.0596 0.0596 0.0596 0.0596 0.0596 0.0596 0.0596 0.0596 0.0596 0.0596 0.0595 0.0595 0.0595 0.0595 0.0594 0.0593 0.0586 0.0559 0.0505 0.0427 0.0337 0.0249 0.012 0.0025 0.0023 0.00093 0.00025 1.9e-05 3.6e-07 0.0462 0.0462 0.0462 0.0462 0.0462 0.0462 0.0462 0.0462 0.0462 0.0462 0.0462 0.0462 0.0462 0.0462 0.0462 0.0462 0.0462 0.0462 0.0461 0.0455 0.044 0.0413 0.0374 0.0327 0.023 0.0072 0.002 0.00017 1.9e-05 5.5e-07 4.1e-09 0.0469 0.0469 0.0469 0.0469 0.0469 0.0469 0.0469 0.0469 0.0469 0.0469 0.0469 0.0469 0.0469 0.0469 0.0469 0.0469 0.0469 0.0469 0.0468 0.0462 0.0445 0.0416 0.0375 0.0326 0.023 0.0069 0.0019 0.00015 1.6e-05 4.3e-07 2.6e-09 0.233 0.233 0.232 0.231 0.23 0.227 0.222 0.216 0.209 0.201 0.192 0.173 0.152 0.131 0.111 0.0919 0.0754 0.05 0.0304 0.0248 0.0229 0.0161 0.00911 0.00494 0.0031 0.0015 0.00035 0.00023 6.8e-05 9.2e-06 6e-06 0.153 0.153 0.153 0.153 0.153 0.153 0.153 0.153 0.152 0.152 0.151 0.149 0.146 0.141 0.134 0.126 0.117 0.0952 0.0625 0.0252 0.0126 0.0112 0.0107 0.00869 0.0038 0.0011 0.00075 9.4e-05 6.4e-05 3.4e-05 4.9e-06 0.169 0.169 0.169 0.169 0.169 0.169 0.169 0.169 0.168 0.167 0.166 0.163 0.158 0.15 0.141 0.129 0.117 0.0893 0.0526 0.0193 0.0126 0.0123 0.0103 0.0071 0.0024 0.0012 0.00054 8.9e-05 7.9e-05 2.5e-05 1.8e-06 0.142 0.142 0.142 0.142 0.142 0.142 0.142 0.142 0.142 0.142 0.142 0.141 0.14 0.138 0.135 0.13 0.124 0.107 0.0775 0.0344 0.0128 0.00636 0.00555 0.00545 0.0038 0.00057 0.00038 0.0002 5.8e-05 5.2e-06 1.3e-07 0.145 0.145 0.145 0.145 0.145 0.145 0.145 0.145 0.145 0.145 0.145 0.145 0.143 0.141 0.137 0.132 0.125 0.107 0.0756 0.0319 0.0116 0.00623 0.00573 0.00552 0.0035 0.00052 0.0004 0.00018 4.9e-05 3.8e-06 7.1e-08 0.182 0.182 0.182 0.182 0.182 0.182 0.182 0.182 0.182 0.181 0.18 0.176 0.17 0.16 0.149 0.136 0.122 0.0948 0.0604 0.0246 0.00894 0.00336 0.00179 0.00151 0.0015 0.00065 0.0002 1.7e-05 1.9e-06 5.6e-08 4.3e-10 0.552 0.55 0.543 0.533 0.518 0.48 0.43 0.375 0.318 0.262 0.211 0.131 0.0808 0.0561 0.0473 0.0456 0.0455 0.0404 0.0235 0.0068 0.00517 0.00452 0.00282 0.00145 0.00063 0.00034 7.4e-05 4.7e-05 1.4e-05 1.8e-06 1.2e-06 0.38 0.38 0.38 0.379 0.379 0.376 0.37 0.36 0.343 0.321 0.294 0.231 0.167 0.112 0.0713 0.0448 0.0298 0.02 0.0191 0.0111 0.00389 0.00202 0.00191 0.00172 0.00082 0.00019 0.00014 1.7e-05 1.1e-05 6e-06 8.5e-07 0.442 0.442 0.442 0.442 0.441 0.436 0.424 0.404 0.375 0.339 0.298 0.211 0.135 0.0804 0.0468 0.0294 0.0222 0.0198 0.0175 0.00695 0.00237 0.00188 0.00176 0.00131 0.00045 0.00019 8.6e-05 1.3e-05 1.2e-05 3.8e-06 2.8e-07 0.532 0.532 0.532 0.532 0.531 0.524 0.503 0.465 0.412 0.352 0.291 0.185 0.109 0.0608 0.0329 0.0178 0.0104 0.00596 0.00561 0.00359 0.0014 0.000541 0.000378 0.000371 0.00028 4.2e-05 2.6e-05 1.4e-05 4.1e-06 3.7e-07 9.3e-09 1.89 1.82 1.63 1.35 1.05 0.524 0.221 0.101 0.0714 0.0686 0.0671 0.0507 0.0296 0.015 0.00766 0.00496 0.00433 0.00419 0.00275 0.00072 0.000453 0.000411 0.000264 0.000135 5.5e-05 3e-05 6.4e-06 4.1e-06 1.2e-06 1.6e-07 1e-07
Z 94 26 2.0 2.0 2.0 4.0 2.0 2.0 4.0 4.0 6.0 2.0 2.0 4.0 4.0 6.0 6.0 8.0 2.0 2.0 4.0 4.0 6.0 6.0 2.0 2.0 4.0 2.0 122350.0 23122.0 22371.0 18071.0 5902.1 5548.5 4549.9 3977.8 3776.9 1533.7 1370.5 1106.0 842.55 794.17 446.08 433.09000000000003 346.64 281.33 216.42 119.5 109.85 7.4 6.25 53.12 33.92 23.419999999999998 0.00718 0.00718 0.00718 0.00718 0.00718 0.00718 0.00718 0.00718 0.00718 0.00718 0.00718 0.00718 0.00717 0.00717 0.00717 0.00717 0.00717 0.00717 0.00716 0.00715 0.00713 0.00711 0.00709 0.00706 0.007 0.0068 0.0065 0.0058 0.0049 0.0034 0.0014 0.0258 0.0258 0.0258 0.0258 0.0258 0.0258 0.0258 0.0258 0.0258 0.0258 0.0258 0.0257 0.0257 0.0257 0.0256 0.0256 0.0255 0.0254 0.0252 0.0247 0.0241 0.0233 0.0225 0.0216 0.02 0.014 0.009 0.0029 0.00096 0.00061 0.00035 0.0124 0.0124 0.0124 0.0124 0.0124 0.0124 0.0124 0.0124 0.0124 0.0124 0.0124 0.0124 0.0124 0.0124 0.0124 0.0124 0.0124 0.0124 0.0124 0.0124 0.0123 0.0123 0.0123 0.0123 0.012 0.012 0.011 0.0079 0.0051 0.0018 0.00026 0.0149 0.0149 0.0149 0.0149 0.0149 0.0149 0.0149 0.0149 0.0149 0.0149 0.0149 0.0149 0.0149 0.0149 0.0149 0.0149 0.0149 0.0148 0.0148 0.0148 0.0148 0.0148 0.0148 0.0147 0.0147 0.014 0.012 0.0076 0.0042 0.0011 8.6e-05 0.0565 0.0565 0.0565 0.0565 0.0565 0.0565 0.0564 0.0563 0.0562 0.0561 0.056 0.0557 0.0553 0.0548 0.0543 0.0537 0.0531 0.0517 0.0491 0.0441 0.0384 0.0325 0.0268 0.0215 0.013 0.0049 0.0043 0.0025 0.00069 0.00014 8.9e-05 0.0329 0.0329 0.0329 0.0329 0.0329 0.0329 0.0329 0.0329 0.0329 0.0329 0.0329 0.0329 0.0329 0.0329 0.0329 0.0329 0.0329 0.0328 0.0327 0.0325 0.0319 0.0311 0.0298 0.0282 0.024 0.012 0.0046 0.0012 0.0011 0.00055 7.9e-05 0.0369 0.0369 0.0369 0.0369 0.0369 0.0369 0.0369 0.0369 0.0369 0.0369 0.0369 0.0369 0.0369 0.0369 0.0369 0.0369 0.0369 0.0368 0.0367 0.0362 0.0353 0.0339 0.0319 0.0295 0.024 0.0097 0.0032 0.0016 0.0013 0.00038 2.9e-05 0.0237 0.0237 0.0237 0.0237 0.0237 0.0237 0.0237 0.0237 0.0237 0.0237 0.0237 0.0237 0.0237 0.0237 0.0237 0.0237 0.0237 0.0237 0.0237 0.0237 0.0236 0.0235 0.0234 0.0231 0.022 0.017 0.011 0.0034 0.00093 8.4e-05 2.3e-06 0.0245 0.0245 0.0245 0.0245 0.0245 0.0245 0.0245 0.0245 0.0245 0.0245 0.0245 0.0245 0.0245 0.0245 0.0245 0.0245 0.0245 0.0245 0.0245 0.0245 0.0245 0.0244 0.0242 0.0239 0.023 0.017 0.011 0.003 0.00077 6e-05 1.2e-06 0.111 0.111 0.111 0.111 0.111 0.111 0.11 0.109 0.109 0.108 0.107 0.104 0.101 0.0975 0.0936 0.0894 0.085 0.0757 0.0613 0.0397 0.0244 0.016 0.0126 0.0118 0.011 0.0041 0.0013 0.0009 0.00027 3.7e-05 2.5e-05 0.0697 0.0697 0.0697 0.0697 0.0697 0.0697 0.0697 0.0697 0.0697 0.0697 0.0697 0.0696 0.0695 0.0694 0.0692 0.0689 0.0685 0.0674 0.0647 0.0571 0.0466 0.035 0.0244 0.0161 0.0072 0.0048 0.0028 0.00038 0.00028 0.00015 2.2e-05 0.0772 0.0772 0.0772 0.0772 0.0772 0.0772 0.0772 0.0772 0.0772 0.0772 0.0772 0.0771 0.077 0.0767 0.0764 0.0759 0.0753 0.0735 0.0693 0.0583 0.0444 0.0306 0.0195 0.0122 0.0063 0.005 0.002 0.00039 0.00035 0.00011 8.5e-06 0.0569 0.0569 0.0569 0.0569 0.0569 0.0569 0.0569 0.0569 0.0569 0.0569 0.0569 0.0569 0.0569 0.0569 0.0568 0.0568 0.0568 0.0566 0.0562 0.054 0.0496 0.0429 0.0349 0.0266 0.013 0.0026 0.0022 0.0011 0.00031 2.9e-05 7.4e-07 0.0585 0.0585 0.0585 0.0585 0.0585 0.0585 0.0585 0.0585 0.0585 0.0585 0.0585 0.0585 0.0585 0.0585 0.0585 0.0585 0.0584 0.0583 0.0577 0.0553 0.0502 0.0428 0.0341 0.0255 0.012 0.0025 0.0023 0.00098 0.00026 2.1e-05 4e-07 0.0452 0.0452 0.0452 0.0452 0.0452 0.0452 0.0452 0.0452 0.0452 0.0452 0.0452 0.0452 0.0452 0.0452 0.0452 0.0452 0.0452 0.0452 0.0451 0.0447 0.0433 0.0409 0.0373 0.0329 0.024 0.0076 0.0022 0.00019 2.1e-05 6.3e-07 4.7e-09 0.046 0.046 0.046 0.046 0.046 0.046 0.046 0.046 0.046 0.046 0.046 0.046 0.046 0.046 0.0459 0.0459 0.0459 0.0459 0.0458 0.0453 0.0439 0.0412 0.0374 0.0328 0.023 0.0073 0.002 0.00017 1.8e-05 4.9e-07 3e-09 0.228 0.227 0.227 0.226 0.225 0.222 0.217 0.212 0.205 0.198 0.19 0.171 0.151 0.131 0.111 0.0931 0.0768 0.0514 0.0309 0.0244 0.023 0.0168 0.00979 0.00532 0.0031 0.0016 0.00037 0.00024 7.5e-05 9.3e-06 6.2e-06 0.15 0.15 0.15 0.15 0.15 0.15 0.149 0.149 0.149 0.149 0.148 0.146 0.143 0.138 0.132 0.125 0.116 0.0957 0.0642 0.0266 0.0129 0.0111 0.0107 0.00897 0.0041 0.0011 0.00079 0.0001 6.4e-05 3.6e-05 5.3e-06 0.166 0.166 0.166 0.166 0.166 0.166 0.166 0.165 0.165 0.164 0.163 0.16 0.155 0.148 0.139 0.129 0.117 0.0905 0.0544 0.0203 0.0126 0.0122 0.0106 0.00748 0.0026 0.0012 0.00058 9e-05 8e-05 2.6e-05 2e-06 0.139 0.139 0.139 0.139 0.139 0.139 0.139 0.139 0.139 0.139 0.139 0.139 0.138 0.136 0.133 0.128 0.122 0.107 0.0785 0.0362 0.0137 0.00658 0.0055 0.00543 0.0039 0.00061 0.00038 0.00021 6.3e-05 5.8e-06 1.5e-07 0.142 0.142 0.142 0.142 0.142 0.142 0.142 0.142 0.142 0.142 0.142 0.142 0.141 0.138 0.135 0.13 0.124 0.107 0.077 0.0338 0.0125 0.0064 0.0057 0.00556 0.0037 0.00056 0.0004 0.00019 5.3e-05 4.2e-06 8e-08 0.183 0.183 0.183 0.183 0.183 0.183 0.183 0.183 0.182 0.181 0.18 0.175 0.168 0.158 0.146 0.133 0.12 0.0939 0.0607 0.0257 0.00971 0.00368 0.00185 0.00147 0.0014 0.00067 0.00021 1.9e-05 2.1e-06 6.4e-08 5e-10 0.55 0.548 0.542 0.531 0.517 0.479 0.43 0.376 0.319 0.264 0.213 0.132 0.0814 0.0557 0.046 0.044 0.0439 0.0397 0.024 0.007 0.00498 0.0045 0.00295 0.00156 0.00063 0.00036 7.7e-05 4.8e-05 1.5e-05 1.8e-06 1.2e-06 0.376 0.376 0.376 0.375 0.375 0.373 0.367 0.357 0.341 0.32 0.294 0.233 0.169 0.115 0.0735 0.0463 0.0305 0.0196 0.0185 0.0114 0.00418 0.00203 0.00186 0.00173 0.00088 0.00019 0.00014 1.8e-05 1.1e-05 6.2e-06 9.1e-07 0.449 0.449 0.449 0.449 0.448 0.442 0.43 0.409 0.378 0.34 0.297 0.209 0.133 0.0788 0.0455 0.0282 0.0209 0.0184 0.0164 0.00688 0.00232 0.00174 0.00166 0.00127 0.00046 0.00018 8.6e-05 1.3e-05 1.1e-05 3.7e-06 2.8e-07 1.99 1.91 1.69 1.39 1.05 0.499 0.198 0.0889 0.0647 0.0631 0.061 0.0444 0.0251 0.0125 0.00635 0.00409 0.00355 0.00344 0.00233 0.000631 0.00037 0.000344 0.000232 0.000123 4.7e-05 2.7e-05 5.7e-06 3.5e-06 1.1e-06 1.3e-07 8.8e-08
Z 95 27 2.0 2.0 2.0 4.0 2.0 2.0 4.0 4.0 6.0 2.0 2.0 4.0 4.0 6.0 6.0 8.0 2.0 2.0 4.0 4.0 6.0 6.0 1.0 2.0 2.0 4.0 2.0 125569.99999999999 23827.0 23062.0 18527.0 6102.1 5741.6 4685.5 4103.599999999999 3892.5 1595.2 1428.1999999999998 1147.0 877.9000000000001 826.68 471.03 457.17 362.44 295.06 225.25 125.28999999999999 114.9 8.290000000000001 7.0 55.059999999999995 35.14 23.89 5.49 0.00705 0.00705 0.00705 0.00705 0.00705 0.00705 0.00705 0.00705 0.00705 0.00705 0.00705 0.00705 0.00705 0.00705 0.00705 0.00705 0.00705 0.00704 0.00704 0.00703 0.00701 0.00699 0.00697 0.00694 0.0069 0.0067 0.0064 0.0057 0.0049 0.0034 0.0014 0.0254 0.0254 0.0254 0.0254 0.0254 0.0254 0.0254 0.0254 0.0254 0.0254 0.0254 0.0253 0.0253 0.0253 0.0252 0.0252 0.0251 0.025 0.0248 0.0243 0.0237 0.023 0.0222 0.0214 0.019 0.014 0.0091 0.003 0.00099 0.0006 0.00036 0.0121 0.0121 0.0121 0.0121 0.0121 0.0121 0.0121 0.0121 0.0121 0.0121 0.0121 0.0121 0.0121 0.0121 0.0121 0.0121 0.0121 0.0121 0.0121 0.0121 0.0121 0.0121 0.0121 0.0121 0.012 0.012 0.011 0.0079 0.0052 0.0019 0.00028 0.0147 0.0147 0.0147 0.0147 0.0147 0.0147 0.0147 0.0147 0.0147 0.0147 0.0147 0.0147 0.0147 0.0147 0.0147 0.0147 0.0147 0.0147 0.0147 0.0147 0.0146 0.0146 0.0146 0.0145 0.014 0.013 0.012 0.0077 0.0042 0.0011 9.1e-05 0.0557 0.0557 0.0556 0.0556 0.0556 0.0556 0.0555 0.0554 0.0554 0.0552 0.0551 0.0548 0.0545 0.054 0.0535 0.053 0.0524 0.051 0.0486 0.0437 0.0382 0.0325 0.0269 0.0218 0.014 0.0049 0.0043 0.0026 0.00075 0.00013 9.1e-05 0.0324 0.0324 0.0324 0.0324 0.0324 0.0324 0.0324 0.0324 0.0324 0.0324 0.0324 0.0323 0.0323 0.0323 0.0323 0.0323 0.0323 0.0323 0.0322 0.032 0.0315 0.0306 0.0295 0.028 0.024 0.013 0.0049 0.0012 0.0011 0.00057 8.5e-05 0.0364 0.0364 0.0364 0.0364 0.0364 0.0364 0.0364 0.0364 0.0364 0.0364 0.0364 0.0364 0.0364 0.0364 0.0364 0.0364 0.0364 0.0363 0.0362 0.0357 0.0349 0.0335 0.0317 0.0294 0.024 0.01 0.0033 0.0016 0.0013 0.0004 3.1e-05 0.0233 0.0233 0.0233 0.0233 0.0233 0.0233 0.0233 0.0233 0.0233 0.0233 0.0233 0.0233 0.0233 0.0233 0.0233 0.0233 0.0233 0.0233 0.0233 0.0233 0.0233 0.0232 0.0231 0.0229 0.022 0.017 0.011 0.0035 0.00098 9.1e-05 2.5e-06 0.0242 0.0242 0.0242 0.0242 0.0242 0.0242 0.0242 0.0242 0.0242 0.0242 0.0242 0.0242 0.0242 0.0242 0.0242 0.0242 0.0242 0.0242 0.0242 0.0242 0.0242 0.0241 0.0239 0.0236 0.023 0.017 0.011 0.0032 0.00081 6.5e-05 1.3e-06 0.109 0.109 0.109 0.109 0.109 0.109 0.108 0.107 0.107 0.106 0.105 0.102 0.0994 0.0961 0.0925 0.0885 0.0843 0.0753 0.0614 0.0403 0.025 0.0163 0.0126 0.0117 0.011 0.0044 0.0013 0.00093 0.00029 3.7e-05 2.5e-05 0.0684 0.0684 0.0684 0.0684 0.0684 0.0684 0.0684 0.0684 0.0684 0.0684 0.0684 0.0684 0.0683 0.0681 0.068 0.0677 0.0673 0.0663 0.0638 0.0567 0.0467 0.0355 0.0251 0.0168 0.0075 0.0048 0.0029 0.00041 0.00028 0.00016 2.4e-05 0.076 0.076 0.076 0.076 0.076 0.076 0.076 0.076 0.076 0.076 0.0759 0.0759 0.0757 0.0755 0.0752 0.0748 0.0742 0.0725 0.0685 0.0582 0.0447 0.0313 0.0202 0.0127 0.0064 0.0051 0.0021 0.00039 0.00035 0.00012 9.1e-06 0.0559 0.0559 0.0559 0.0559 0.0559 0.0559 0.0559 0.0559 0.0559 0.0559 0.0559 0.0559 0.0559 0.0559 0.0559 0.0558 0.0558 0.0557 0.0553 0.0533 0.0492 0.043 0.0352 0.0272 0.014 0.0026 0.0022 0.0011 0.00033 3.1e-05 8.3e-07 0.0576 0.0576 0.0576 0.0576 0.0576 0.0576 0.0576 0.0576 0.0576 0.0576 0.0576 0.0576 0.0576 0.0576 0.0575 0.0575 0.0575 0.0573 0.0568 0.0546 0.0499 0.0429 0.0346 0.0262 0.013 0.0026 0.0023 0.001 0.00028 2.3e-05 4.4e-07 0.0443 0.0443 0.0443 0.0443 0.0443 0.0443 0.0443 0.0443 0.0443 0.0443 0.0443 0.0443 0.0443 0.0443 0.0443 0.0443 0.0443 0.0443 0.0443 0.0438 0.0427 0.0405 0.0371 0.033 0.024 0.008 0.0023 0.00021 2.4e-05 7.2e-07 5.5e-09 0.045 0.045 0.045 0.045 0.045 0.045 0.045 0.045 0.045 0.045 0.045 0.045 0.045 0.045 0.045 0.045 0.045 0.045 0.045 0.0445 0.0433 0.0408 0.0373 0.033 0.024 0.0077 0.0022 0.00018 2e-05 5.5e-07 3.4e-09 0.222 0.222 0.222 0.221 0.22 0.217 0.213 0.208 0.201 0.194 0.187 0.169 0.15 0.131 0.112 0.0942 0.0782 0.0529 0.0316 0.0241 0.023 0.0174 0.0105 0.00574 0.0031 0.0018 0.0004 0.00025 8.3e-05 9.4e-06 6.4e-06 0.146 0.146 0.146 0.146 0.146 0.146 0.146 0.146 0.146 0.145 0.145 0.143 0.14 0.136 0.13 0.123 0.115 0.0962 0.066 0.0283 0.0134 0.011 0.0108 0.00925 0.0044 0.0011 0.00083 0.00011 6.4e-05 3.8e-05 5.8e-06 0.162 0.162 0.162 0.162 0.162 0.162 0.162 0.162 0.162 0.161 0.16 0.157 0.153 0.146 0.138 0.128 0.117 0.0916 0.0563 0.0213 0.0126 0.0122 0.0108 0.00787 0.0029 0.0013 0.00062 9.2e-05 8.2e-05 2.8e-05 2.2e-06 0.136 0.136 0.136 0.136 0.136 0.136 0.136 0.136 0.136 0.136 0.136 0.135 0.134 0.133 0.13 0.126 0.121 0.107 0.08 0.0384 0.015 0.00694 0.00552 0.00546 0.0041 0.00066 0.00039 0.00022 6.9e-05 6.4e-06 1.7e-07 0.139 0.139 0.139 0.139 0.139 0.139 0.139 0.139 0.139 0.139 0.139 0.139 0.138 0.136 0.133 0.128 0.122 0.107 0.0785 0.0359 0.0136 0.00665 0.00569 0.0056 0.0039 0.0006 0.00041 0.00021 5.8e-05 4.7e-06 9.1e-08 0.174 0.174 0.174 0.174 0.174 0.174 0.174 0.174 0.173 0.173 0.172 0.168 0.163 0.154 0.144 0.133 0.121 0.0968 0.0646 0.0287 0.0113 0.00437 0.0021 0.00156 0.0015 0.00075 0.00024 2.2e-05 2.6e-06 7.8e-08 6.1e-10 0.187 0.187 0.187 0.187 0.187 0.187 0.187 0.186 0.186 0.185 0.183 0.177 0.168 0.157 0.144 0.131 0.117 0.0917 0.0596 0.0257 0.00991 0.00379 0.00188 0.00146 0.0014 0.00068 0.00021 1.9e-05 2.1e-06 5.6e-08 3.6e-10 0.538 0.536 0.53 0.52 0.507 0.471 0.425 0.373 0.319 0.266 0.216 0.136 0.0846 0.0571 0.046 0.0432 0.043 0.0398 0.0253 0.00753 0.00494 0.00459 0.00316 0.00172 0.00065 0.00038 8.3e-05 4.9e-05 1.7e-05 1.8e-06 1.2e-06 0.367 0.367 0.367 0.367 0.366 0.364 0.359 0.35 0.336 0.316 0.292 0.234 0.174 0.12 0.0781 0.0497 0.0326 0.0197 0.0182 0.012 0.00463 0.00211 0.00185 0.00176 0.00096 0.00019 0.00015 2e-05 1.1e-05 6.5e-06 1e-06 0.441 0.441 0.441 0.441 0.44 0.435 0.423 0.403 0.375 0.339 0.298 0.213 0.138 0.0829 0.0484 0.0297 0.0213 0.018 0.0165 0.00738 0.00247 0.00173 0.00167 0.00133 0.00051 0.00018 9.2e-05 1.3e-05 1.2e-05 4e-06 3.1e-07 1.97 1.89 1.68 1.38 1.06 0.51 0.206 0.0907 0.0632 0.0609 0.0594 0.0446 0.026 0.0133 0.00672 0.00414 0.00343 0.00332 0.00237 0.000675 0.000359 0.00034 0.000242 0.000133 4.7e-05 2.8e-05 6.1e-06 3.5e-06 1.2e-06 1.3e-07 8.9e-08
Z 96 28 2.0 2.0 2.0 4.0 2.0 2.0 4.0 4.0 6.0 2.0 2.0 4.0 4.0 6.0 6.0 8.0 2.0 2.0 4.0 4.0 6.0 6.0 1.0 2.0 2.0 4.0 1.0 2.0 128860.0 24554.0 23776.0 18994.0 6313.1 5945.599999999999 4829.0 4237.2 4015.6000000000004 1664.1 1493.2 1194.3999999999999 919.64 865.4399999999999 502.25 487.46999999999997 384.3 314.8 239.65 136.46 125.22999999999999 13.48 11.950000000000001 60.690000000000005 39.64 27.0 4.65 3.9299999999999997 0.00693 0.00693 0.00693 0.00693 0.00693 0.00693 0.00693 0.00693 0.00693 0.00693 0.00693 0.00693 0.00693 0.00693 0.00693 0.00693 0.00693 0.00692 0.00692 0.00691 0.00689 0.00687 0.00685 0.00683 0.0068 0.0066 0.0063 0.0056 0.0049 0.0034 0.0014 0.025 0.025 0.025 0.025 0.025 0.025 0.025 0.025 0.025 0.025 0.025 0.0249 0.0249 0.0249 0.0248 0.0248 0.0247 0.0246 0.0244 0.024 0.0234 0.0227 0.022 0.0211 0.019 0.014 0.0092 0.0031 0.001 0.00059 0.00036 0.0119 0.0119 0.0119 0.0119 0.0119 0.0119 0.0119 0.0119 0.0119 0.0119 0.0119 0.0119 0.0119 0.0119 0.0119 0.0119 0.0119 0.0119 0.0119 0.0119 0.0119 0.0119 0.0119 0.0119 0.0119 0.011 0.011 0.0079 0.0052 0.0019 0.0003 0.0145 0.0145 0.0145 0.0145 0.0145 0.0145 0.0145 0.0145 0.0145 0.0145 0.0145 0.0145 0.0145 0.0145 0.0145 0.0145 0.0145 0.0145 0.0145 0.0145 0.0145 0.0145 0.0144 0.0144 0.014 0.013 0.012 0.0077 0.0043 0.0011 9.6e-05 0.0548 0.0548 0.0548 0.0548 0.0548 0.0547 0.0547 0.0546 0.0545 0.0544 0.0543 0.054 0.0536 0.0532 0.0528 0.0522 0.0517 0.0503 0.048 0.0433 0.0381 0.0325 0.0271 0.0221 0.014 0.005 0.0042 0.0027 0.00081 0.00013 9.2e-05 0.0318 0.0318 0.0318 0.0318 0.0318 0.0318 0.0318 0.0318 0.0318 0.0318 0.0318 0.0318 0.0318 0.0318 0.0318 0.0318 0.0318 0.0318 0.0317 0.0315 0.031 0.0302 0.0292 0.0277 0.024 0.013 0.0051 0.0012 0.0011 0.00058 9.1e-05 0.0359 0.0359 0.0359 0.0359 0.0359 0.0359 0.0359 0.0359 0.0359 0.0359 0.0359 0.0359 0.0359 0.0359 0.0359 0.0359 0.0359 0.0358 0.0357 0.0353 0.0345 0.0332 0.0315 0.0292 0.024 0.01 0.0034 0.0016 0.0013 0.00041 3.3e-05 0.023 0.023 0.023 0.023 0.023 0.023 0.023 0.023 0.023 0.023 0.023 0.023 0.023 0.023 0.023 0.023 0.023 0.023 0.023 0.023 0.023 0.0229 0.0228 0.0226 0.022 0.017 0.012 0.0037 0.001 9.8e-05 2.7e-06 0.0239 0.0239 0.0239 0.0239 0.0239 0.0239 0.0239 0.0239 0.0239 0.0239 0.0239 0.0239 0.0239 0.0239 0.0239 0.0239 0.0239 0.0239 0.0239 0.0239 0.0238 0.0238 0.0236 0.0233 0.022 0.017 0.011 0.0033 0.00086 7e-05 1.5e-06 0.107 0.107 0.107 0.107 0.107 0.107 0.106 0.106 0.105 0.104 0.103 0.101 0.098 0.0948 0.0913 0.0875 0.0835 0.0749 0.0614 0.0408 0.0256 0.0166 0.0127 0.0116 0.011 0.0047 0.0013 0.00095 0.00032 3.7e-05 2.6e-05 0.0672 0.0672 0.0672 0.0672 0.0672 0.0672 0.0672 0.0672 0.0672 0.0672 0.0672 0.0671 0.067 0.0669 0.0668 0.0665 0.0662 0.0652 0.0629 0.0563 0.0468 0.0361 0.0258 0.0175 0.0078 0.0048 0.0031 0.00043 0.00027 0.00016 2.6e-05 0.0748 0.0748 0.0748 0.0748 0.0748 0.0748 0.0748 0.0748 0.0748 0.0748 0.0747 0.0747 0.0746 0.0744 0.0741 0.0737 0.0731 0.0715 0.0678 0.058 0.0451 0.0319 0.0209 0.0132 0.0065 0.0051 0.0022 0.00039 0.00035 0.00012 9.8e-06 0.0549 0.0549 0.0549 0.0549 0.0549 0.0549 0.0549 0.0549 0.0549 0.0549 0.0549 0.0549 0.0549 0.0549 0.0549 0.0549 0.0549 0.0548 0.0544 0.0526 0.0488 0.0429 0.0356 0.0278 0.015 0.0027 0.0022 0.0011 0.00036 3.4e-05 9.2e-07 0.0566 0.0566 0.0566 0.0566 0.0566 0.0566 0.0566 0.0566 0.0566 0.0566 0.0566 0.0566 0.0566 0.0566 0.0566 0.0566 0.0565 0.0564 0.0559 0.0539 0.0496 0.043 0.035 0.0268 0.013 0.0026 0.0023 0.0011 0.0003 2.5e-05 4.9e-07 0.0435 0.0435 0.0435 0.0435 0.0435 0.0435 0.0435 0.0435 0.0435 0.0435 0.0435 0.0435 0.0435 0.0435 0.0435 0.0435 0.0435 0.0435 0.0434 0.0431 0.042 0.04 0.037 0.0331 0.024 0.0084 0.0025 0.00023 2.7e-05 8.2e-07 6.3e-09 0.0442 0.0442 0.0442 0.0442 0.0442 0.0442 0.0442 0.0442 0.0442 0.0442 0.0442 0.0442 0.0442 0.0442 0.0442 0.0442 0.0442 0.0442 0.0441 0.0437 0.0426 0.0404 0.0372 0.0331 0.024 0.0081 0.0023 0.0002 2.3e-05 6.3e-07 3.9e-09 0.217 0.217 0.216 0.216 0.215 0.212 0.208 0.203 0.197 0.191 0.183 0.167 0.149 0.131 0.112 0.0953 0.0796 0.0544 0.0325 0.0238 0.023 0.018 0.0112 0.00621 0.0031 0.0019 0.00043 0.00026 9.1e-05 9.7e-06 6.6e-06 0.142 0.142 0.142 0.142 0.142 0.142 0.142 0.142 0.142 0.142 0.141 0.14 0.137 0.133 0.128 0.122 0.114 0.0966 0.0676 0.03 0.014 0.0109 0.0107 0.00949 0.0048 0.0011 0.00087 0.00012 6.4e-05 4e-05 6.3e-06 0.159 0.159 0.159 0.159 0.159 0.159 0.159 0.158 0.158 0.157 0.157 0.154 0.15 0.144 0.136 0.127 0.116 0.0926 0.0582 0.0225 0.0128 0.0122 0.011 0.00826 0.0031 0.0013 0.00067 9.5e-05 8.4e-05 3e-05 2.4e-06 0.132 0.132 0.132 0.132 0.132 0.132 0.132 0.132 0.132 0.132 0.132 0.132 0.131 0.129 0.127 0.124 0.119 0.106 0.0815 0.0408 0.0165 0.00741 0.00559 0.0055 0.0043 0.00073 0.00039 0.00023 7.5e-05 7.2e-06 1.9e-07 0.136 0.136 0.136 0.136 0.136 0.136 0.136 0.136 0.136 0.136 0.135 0.135 0.134 0.133 0.13 0.126 0.121 0.107 0.0801 0.0382 0.0148 0.007 0.00572 0.00566 0.0041 0.00065 0.00041 0.00022 6.3e-05 5.2e-06 1e-07 0.159 0.159 0.159 0.159 0.159 0.159 0.159 0.159 0.159 0.159 0.159 0.157 0.154 0.148 0.141 0.133 0.123 0.102 0.0708 0.0334 0.0138 0.00543 0.00251 0.00175 0.0016 0.00087 0.00029 2.7e-05 3.2e-06 1e-07 7.9e-10 0.166 0.166 0.166 0.166 0.166 0.166 0.166 0.166 0.166 0.166 0.165 0.163 0.158 0.151 0.143 0.133 0.122 0.0993 0.0678 0.0311 0.0125 0.00489 0.00232 0.00169 0.0016 0.00082 0.00026 2.4e-05 2.7e-06 7.4e-08 4.9e-10 0.516 0.515 0.509 0.501 0.489 0.456 0.415 0.367 0.317 0.267 0.221 0.143 0.0899 0.0603 0.0471 0.0432 0.0427 0.0406 0.0273 0.00842 0.00503 0.00477 0.00345 0.00195 0.00069 0.00042 9.3e-05 5.2e-05 1.9e-05 1.9e-06 1.3e-06 0.353 0.353 0.353 0.353 0.353 0.351 0.347 0.339 0.326 0.309 0.288 0.235 0.179 0.127 0.0851 0.0552 0.0363 0.0206 0.0183 0.013 0.0053 0.00229 0.00189 0.00183 0.0011 0.0002 0.00016 2.3e-05 1.1e-05 7e-06 1.1e-06 0.421 0.421 0.421 0.421 0.42 0.416 0.407 0.39 0.366 0.335 0.299 0.22 0.148 0.0921 0.055 0.0338 0.0234 0.0184 0.0173 0.0084 0.00282 0.00182 0.00177 0.00146 0.00058 0.00019 0.0001 1.4e-05 1.2e-05 4.4e-06 3.5e-07 0.516 0.516 0.516 0.516 0.515 0.509 0.49 0.455 0.406 0.35 0.294 0.193 0.118 0.0694 0.0394 0.022 0.0127 0.00589 0.00494 0.00376 0.00173 0.000668 0.000376 0.000346 0.00029 5.1e-05 2.5e-05 1.5e-05 5e-06 4.8e-07 1.3e-08 1.83 1.76 1.59 1.34 1.06 0.555 0.246 0.109 0.0684 0.062 0.0616 0.0507 0.0323 0.0176 0.00909 0.00527 0.004 0.00375 0.0029 0.000881 0.000416 0.000398 0.000298 0.00017 5.7e-05 3.5e-05 7.7e-06 4.2e-06 1.5e-06 1.6e-07 1.1e-07
Z 97 27 2.0 2.0 2.0 4.0 2.0 2.0 4.0 4.0 6.0 2.0 2.0 4.0 4.0 6.0 6.0 8.0 2.0 2.0 4.0 4.0 6.0 6.0 3.0 2.0 2.0 4.0 2.0 132210.0 25294.0 24503.0 19462.0 6523.3 6148.8 4968.6 4366.9 4134.299999999999 1728.8 1554.0 1236.6000000000001 956.12 898.82 528.02 512.27 400.87 329.26 248.62 142.39 130.35 14.53 12.84 62.79 41.010000000000005 27.509999999999998 4.6 0.00681 0.00681 0.00681 0.00681 0.00681 0.00681 0.00681 0.00681 0.00681 0.00681 0.00681 0.00681 0.00681 0.00681 0.00681 0.00681 0.00681 0.0068 0.0068 0.00679 0.00677 0.00676 0.00674 0.00671 0.0067 0.0065 0.0062 0.0056 0.0048 0.0034 0.0015 0.0246 0.0246 0.0246 0.0246 0.0246 0.0246 0.0246 0.0246 0.0246 0.0246 0.0246 0.0245 0.0245 0.0245 0.0244 0.0244 0.0243 0.0242 0.024 0.0236 0.0231 0.0224 0.0217 0.0209 0.019 0.014 0.0094 0.0032 0.0011 0.00058 0.00037 0.0117 0.0117 0.0117 0.0117 0.0117 0.0117 0.0117 0.0117 0.0117 0.0117 0.0117 0.0117 0.0117 0.0117 0.0117 0.0117 0.0117 0.0117 0.0117 0.0117 0.0117 0.0117 0.0117 0.0117 0.0117 0.011 0.01 0.0079 0.0053 0.002 0.00032 0.0143 0.0143 0.0143 0.0143 0.0143 0.0143 0.0143 0.0143 0.0143 0.0143 0.0143 0.0143 0.0143 0.0143 0.0143 0.0143 0.0143 0.0143 0.0143 0.0143 0.0143 0.0143 0.0142 0.0142 0.014 0.013 0.012 0.0078 0.0044 0.0012 0.0001 0.0539 0.0539 0.0539 0.0539 0.0539 0.0539 0.0538 0.0537 0.0537 0.0536 0.0534 0.0532 0.0528 0.0524 0.052 0.0515 0.0509 0.0497 0.0474 0.043 0.0379 0.0325 0.0272 0.0223 0.014 0.005 0.0041 0.0027 0.00086 0.00013 9.4e-05 0.0313 0.0313 0.0313 0.0313 0.0313 0.0313 0.0313 0.0313 0.0313 0.0313 0.0313 0.0313 0.0313 0.0313 0.0313 0.0313 0.0313 0.0313 0.0312 0.031 0.0305 0.0298 0.0288 0.0275 0.024 0.013 0.0054 0.0012 0.0011 0.0006 9.7e-05 0.0355 0.0355 0.0355 0.0355 0.0355 0.0355 0.0355 0.0355 0.0355 0.0355 0.0355 0.0355 0.0355 0.0355 0.0355 0.0354 0.0354 0.0354 0.0353 0.0349 0.0341 0.0329 0.0312 0.0291 0.024 0.011 0.0036 0.0015 0.0013 0.00043 3.6e-05 0.0227 0.0227 0.0227 0.0227 0.0227 0.0227 0.0227 0.0227 0.0227 0.0227 0.0227 0.0227 0.0227 0.0227 0.0227 0.0227 0.0227 0.0227 0.0227 0.0227 0.0227 0.0226 0.0225 0.0223 0.022 0.017 0.012 0.0038 0.0011 0.00011 3e-06 0.0236 0.0236 0.0236 0.0236 0.0236 0.0236 0.0236 0.0236 0.0236 0.0236 0.0236 0.0236 0.0236 0.0236 0.0236 0.0236 0.0236 0.0236 0.0236 0.0236 0.0236 0.0235 0.0233 0.0231 0.022 0.017 0.011 0.0034 0.0009 7.5e-05 1.6e-06 0.105 0.105 0.105 0.105 0.105 0.105 0.104 0.104 0.103 0.102 0.101 0.0991 0.0965 0.0935 0.0902 0.0866 0.0827 0.0744 0.0615 0.0414 0.0262 0.017 0.0128 0.0115 0.011 0.0049 0.0014 0.00096 0.00034 3.8e-05 2.6e-05 0.066 0.066 0.066 0.066 0.066 0.066 0.066 0.066 0.066 0.066 0.0659 0.0659 0.0658 0.0657 0.0656 0.0654 0.0651 0.0642 0.062 0.0558 0.0469 0.0365 0.0265 0.0182 0.0082 0.0047 0.0032 0.00046 0.00027 0.00017 2.8e-05 0.0736 0.0736 0.0736 0.0736 0.0736 0.0736 0.0736 0.0736 0.0736 0.0736 0.0736 0.0735 0.0734 0.0732 0.073 0.0726 0.0721 0.0706 0.0671 0.0578 0.0454 0.0325 0.0216 0.0137 0.0066 0.0052 0.0023 0.0004 0.00036 0.00013 1.1e-05 0.054 0.054 0.054 0.054 0.054 0.054 0.054 0.054 0.054 0.054 0.054 0.054 0.054 0.054 0.054 0.054 0.054 0.0539 0.0535 0.0519 0.0484 0.0429 0.0359 0.0283 0.015 0.0028 0.0022 0.0012 0.00038 3.7e-05 1e-06 0.0557 0.0557 0.0557 0.0557 0.0557 0.0557 0.0557 0.0557 0.0557 0.0557 0.0557 0.0557 0.0557 0.0557 0.0557 0.0557 0.0556 0.0555 0.0551 0.0532 0.0492 0.043 0.0353 0.0273 0.014 0.0027 0.0023 0.0011 0.00032 2.7e-05 5.4e-07 0.0427 0.0427 0.0427 0.0427 0.0427 0.0427 0.0427 0.0427 0.0427 0.0427 0.0427 0.0427 0.0427 0.0427 0.0427 0.0427 0.0427 0.0426 0.0426 0.0423 0.0414 0.0396 0.0368 0.0331 0.025 0.0088 0.0027 0.00025 3e-05 9.3e-07 7.2e-09 0.0434 0.0434 0.0434 0.0434 0.0434 0.0434 0.0434 0.0434 0.0434 0.0434 0.0434 0.0434 0.0434 0.0434 0.0434 0.0434 0.0434 0.0433 0.0433 0.043 0.042 0.04 0.037 0.0331 0.024 0.0084 0.0025 0.00022 2.5e-05 7.1e-07 4.5e-09 0.213 0.212 0.212 0.211 0.21 0.208 0.204 0.2 0.194 0.188 0.181 0.165 0.148 0.13 0.113 0.0961 0.0808 0.0557 0.0332 0.0235 0.0229 0.0185 0.0118 0.00669 0.0032 0.002 0.00046 0.00026 9.9e-05 1e-05 6.8e-06 0.139 0.139 0.139 0.139 0.139 0.139 0.139 0.139 0.139 0.139 0.138 0.137 0.134 0.131 0.126 0.121 0.113 0.0968 0.069 0.0316 0.0145 0.0109 0.0107 0.00967 0.0052 0.0011 0.0009 0.00013 6.3e-05 4.1e-05 6.9e-06 0.156 0.156 0.156 0.156 0.156 0.156 0.156 0.156 0.155 0.155 0.154 0.152 0.148 0.142 0.135 0.126 0.116 0.0933 0.0597 0.0236 0.0129 0.012 0.0111 0.00857 0.0034 0.0013 0.00071 9.8e-05 8.5e-05 3.1e-05 2.6e-06 0.13 0.13 0.13 0.13 0.13 0.13 0.13 0.129 0.129 0.129 0.129 0.129 0.128 0.127 0.125 0.122 0.118 0.106 0.0823 0.0425 0.0177 0.00784 0.00561 0.00547 0.0045 0.00079 0.00039 0.00025 8e-05 7.9e-06 2.2e-07 0.133 0.133 0.133 0.133 0.133 0.133 0.133 0.133 0.133 0.133 0.133 0.133 0.132 0.131 0.128 0.125 0.12 0.107 0.0809 0.0397 0.0158 0.00728 0.00569 0.00562 0.0043 0.00069 0.00041 0.00023 6.8e-05 5.7e-06 1.1e-07 0.16 0.16 0.16 0.16 0.16 0.16 0.16 0.16 0.159 0.159 0.159 0.157 0.153 0.147 0.14 0.131 0.121 0.1 0.0706 0.0343 0.0146 0.0059 0.00268 0.00176 0.0016 0.0009 0.0003 3e-05 3.6e-06 1.1e-07 9.1e-10 0.169 0.169 0.169 0.169 0.169 0.169 0.169 0.169 0.169 0.168 0.167 0.164 0.158 0.15 0.141 0.131 0.119 0.097 0.0666 0.0313 0.0131 0.0052 0.0024 0.00165 0.0015 0.00083 0.00027 2.6e-05 2.9e-06 8.2e-08 5.4e-10 0.515 0.513 0.508 0.499 0.488 0.456 0.415 0.368 0.318 0.269 0.222 0.144 0.0908 0.0603 0.0464 0.0418 0.0412 0.0396 0.0275 0.00877 0.00487 0.00468 0.00353 0.00207 0.0007 0.00043 0.0001 5.2e-05 2e-05 2e-06 1.3e-06 0.351 0.351 0.351 0.351 0.351 0.349 0.345 0.337 0.325 0.309 0.288 0.236 0.18 0.129 0.0868 0.0566 0.037 0.0203 0.0175 0.013 0.00557 0.00234 0.00182 0.00178 0.0011 0.00019 0.00016 2.4e-05 1.1e-05 7.1e-06 1.2e-06 0.427 0.427 0.427 0.427 0.426 0.422 0.412 0.394 0.369 0.336 0.299 0.219 0.146 0.0905 0.0539 0.0328 0.0224 0.0172 0.0163 0.00827 0.00282 0.00171 0.00167 0.00142 0.0006 0.00018 0.0001 1.4e-05 1.2e-05 4.4e-06 3.6e-07 1.93 1.86 1.66 1.38 1.07 0.53 0.22 0.0948 0.0609 0.0568 0.0561 0.0445 0.0275 0.0147 0.00751 0.00434 0.00328 0.00306 0.00241 0.00077 0.000343 0.000327 0.000255 0.000152 5e-05 3e-05 6.9e-06 3.6e-06 1.4e-06 1.3e-07 9.1e-08
Z 98 27 2.0 2.0 2.0 4.0 2.0 2.0 4.0 4.0 6.0 2.0 2.0 4.0 4.0 6.0 6.0 8.0 2.0 2.0 4.0 4.0 6.0 6.0 4.0 2.0 2.0 4.0 2.0 135630.0 26047.0 25242.0 19929.0 6732.5 6350.9 5103.8 4492.2 4248.1 1788.7 1609.9 1272.9 986.74 926.1999999999999 547.73 530.98 411.58 337.87 251.58 142.47 129.66 10.78 9.02 60.88 38.79 25.1 5.71 0.0067 0.0067 0.0067 0.0067 0.0067 0.0067 0.0067 0.0067 0.0067 0.0067 0.00669 0.00669 0.00669 0.00669 0.00669 0.00669 0.00669 0.00669 0.00668 0.00667 0.00666 0.00664 0.00662 0.0066 0.0065 0.0064 0.0061 0.0055 0.0048 0.0034 0.0015 0.0242 0.0242 0.0242 0.0242 0.0242 0.0242 0.0242 0.0242 0.0242 0.0242 0.0242 0.0241 0.0241 0.0241 0.024 0.024 0.024 0.0239 0.0237 0.0233 0.0227 0.0221 0.0214 0.0207 0.019 0.014 0.0095 0.0034 0.0011 0.00057 0.00038 0.0115 0.0115 0.0115 0.0115 0.0115 0.0115 0.0115 0.0115 0.0115 0.0115 0.0115 0.0115 0.0115 0.0115 0.0115 0.0115 0.0115 0.0115 0.0115 0.0115 0.0115 0.0115 0.0115 0.0115 0.011 0.011 0.01 0.0079 0.0054 0.0021 0.00034 0.0141 0.0141 0.0141 0.0141 0.0141 0.0141 0.0141 0.0141 0.0141 0.0141 0.0141 0.0141 0.0141 0.0141 0.0141 0.0141 0.0141 0.0141 0.0141 0.0141 0.0141 0.0141 0.0141 0.014 0.014 0.013 0.012 0.0078 0.0045 0.0012 0.00011 0.0531 0.0531 0.0531 0.0531 0.0531 0.053 0.053 0.0529 0.0528 0.0527 0.0526 0.0524 0.052 0.0517 0.0512 0.0508 0.0502 0.049 0.0469 0.0426 0.0377 0.0325 0.0274 0.0225 0.014 0.0051 0.0041 0.0028 0.00093 0.00013 9.5e-05 0.0308 0.0308 0.0308 0.0308 0.0308 0.0308 0.0308 0.0308 0.0308 0.0308 0.0308 0.0308 0.0308 0.0308 0.0308 0.0308 0.0308 0.0308 0.0307 0.0305 0.0301 0.0294 0.0285 0.0272 0.024 0.013 0.0056 0.0012 0.0011 0.00062 0.0001 0.035 0.035 0.035 0.035 0.035 0.035 0.035 0.035 0.035 0.035 0.035 0.035 0.035 0.035 0.035 0.035 0.035 0.0349 0.0348 0.0344 0.0337 0.0326 0.031 0.029 0.024 0.011 0.0037 0.0015 0.0013 0.00045 3.8e-05 0.0224 0.0224 0.0224 0.0224 0.0224 0.0224 0.0224 0.0224 0.0224 0.0224 0.0224 0.0224 0.0224 0.0224 0.0224 0.0224 0.0224 0.0224 0.0224 0.0224 0.0224 0.0223 0.0222 0.022 0.021 0.017 0.012 0.004 0.0012 0.00011 3.3e-06 0.0233 0.0233 0.0233 0.0233 0.0233 0.0233 0.0233 0.0233 0.0233 0.0233 0.0233 0.0233 0.0233 0.0233 0.0233 0.0233 0.0233 0.0233 0.0233 0.0233 0.0233 0.0232 0.0231 0.0228 0.022 0.017 0.012 0.0035 0.00095 8.1e-05 1.7e-06 0.104 0.103 0.103 0.103 0.103 0.103 0.103 0.102 0.101 0.101 0.0997 0.0976 0.0951 0.0923 0.0891 0.0856 0.0819 0.074 0.0615 0.0419 0.0268 0.0174 0.0129 0.0114 0.011 0.0052 0.0014 0.00098 0.00037 3.9e-05 2.6e-05 0.0648 0.0648 0.0648 0.0648 0.0648 0.0648 0.0648 0.0648 0.0648 0.0648 0.0648 0.0647 0.0647 0.0646 0.0644 0.0642 0.0639 0.0631 0.0611 0.0554 0.0469 0.037 0.0272 0.0189 0.0086 0.0047 0.0033 0.0005 0.00026 0.00017 3e-05 0.0725 0.0725 0.0725 0.0725 0.0725 0.0725 0.0725 0.0725 0.0725 0.0725 0.0725 0.0724 0.0723 0.0721 0.0719 0.0715 0.071 0.0697 0.0664 0.0575 0.0456 0.0331 0.0222 0.0143 0.0068 0.0052 0.0025 0.0004 0.00036 0.00013 1.1e-05 0.0531 0.0531 0.0531 0.0531 0.0531 0.0531 0.0531 0.0531 0.0531 0.0531 0.0531 0.0531 0.0531 0.0531 0.0531 0.0531 0.0531 0.053 0.0527 0.0512 0.048 0.0428 0.0361 0.0288 0.016 0.0029 0.0022 0.0012 0.0004 4e-05 1.1e-06 0.0548 0.0548 0.0548 0.0548 0.0548 0.0548 0.0548 0.0548 0.0548 0.0548 0.0548 0.0548 0.0548 0.0548 0.0548 0.0548 0.0548 0.0547 0.0543 0.0525 0.0488 0.043 0.0356 0.0278 0.015 0.0028 0.0023 0.0011 0.00034 2.9e-05 6e-07 0.0419 0.0419 0.0419 0.0419 0.0419 0.0419 0.0419 0.0419 0.0419 0.0419 0.0419 0.0419 0.0419 0.0419 0.0419 0.0419 0.0419 0.0419 0.0418 0.0416 0.0408 0.0391 0.0365 0.0331 0.025 0.0092 0.0028 0.00027 3.3e-05 1.1e-06 8.3e-09 0.0426 0.0426 0.0426 0.0426 0.0426 0.0426 0.0426 0.0426 0.0426 0.0426 0.0426 0.0426 0.0426 0.0426 0.0426 0.0426 0.0426 0.0426 0.0425 0.0422 0.0413 0.0396 0.0368 0.0332 0.025 0.0088 0.0026 0.00024 2.8e-05 8.1e-07 5.1e-09 0.208 0.208 0.207 0.207 0.206 0.203 0.2 0.196 0.191 0.185 0.178 0.163 0.147 0.13 0.113 0.0968 0.0819 0.0571 0.0341 0.0233 0.0227 0.0189 0.0125 0.0072 0.0032 0.0021 0.0005 0.00027 0.00011 1e-05 6.9e-06 0.136 0.136 0.136 0.136 0.136 0.136 0.136 0.136 0.136 0.136 0.135 0.134 0.132 0.129 0.124 0.119 0.112 0.0968 0.0703 0.0332 0.0152 0.0108 0.0106 0.00981 0.0055 0.0011 0.00093 0.00015 6.3e-05 4.3e-05 7.5e-06 0.153 0.153 0.153 0.153 0.153 0.153 0.153 0.153 0.152 0.152 0.151 0.149 0.146 0.14 0.134 0.125 0.116 0.094 0.0613 0.0247 0.013 0.0119 0.0112 0.00887 0.0036 0.0013 0.00075 0.0001 8.6e-05 3.3e-05 2.8e-06 0.127 0.127 0.127 0.127 0.127 0.127 0.127 0.127 0.127 0.127 0.126 0.126 0.126 0.124 0.123 0.12 0.116 0.105 0.0831 0.0444 0.0191 0.00837 0.00568 0.00546 0.0046 0.00086 0.0004 0.00026 8.7e-05 8.8e-06 2.4e-07 0.131 0.131 0.131 0.131 0.131 0.131 0.131 0.131 0.131 0.131 0.131 0.13 0.13 0.128 0.126 0.123 0.118 0.106 0.0818 0.0415 0.017 0.00766 0.0057 0.0056 0.0044 0.00075 0.00041 0.00024 7.3e-05 6.3e-06 1.3e-07 0.154 0.154 0.154 0.154 0.154 0.154 0.154 0.154 0.154 0.153 0.153 0.151 0.148 0.143 0.137 0.129 0.12 0.101 0.0729 0.0368 0.0163 0.00675 0.00302 0.00187 0.0016 0.00097 0.00034 3.4e-05 4.2e-06 1.3e-07 1.1e-09 0.162 0.162 0.162 0.162 0.162 0.162 0.162 0.162 0.162 0.162 0.161 0.158 0.154 0.147 0.139 0.13 0.119 0.0986 0.0694 0.0339 0.0146 0.00597 0.00271 0.00175 0.0016 0.0009 0.0003 2.9e-05 3.4e-06 9.8e-08 6.5e-10 0.505 0.503 0.498 0.49 0.479 0.449 0.41 0.365 0.317 0.27 0.225 0.148 0.0939 0.0621 0.0468 0.0414 0.0404 0.0392 0.0284 0.00946 0.00487 0.00468 0.00369 0.00225 0.00074 0.00046 0.00011 5.3e-05 2.2e-05 2.1e-06 1.4e-06 0.344 0.344 0.344 0.344 0.344 0.342 0.338 0.331 0.32 0.305 0.285 0.237 0.183 0.133 0.091 0.06 0.0394 0.0208 0.017 0.0134 0.00605 0.0025 0.00181 0.00177 0.0012 0.00019 0.00016 2.7e-05 1.1e-05 7.4e-06 1.3e-06 0.421 0.421 0.421 0.421 0.42 0.416 0.406 0.39 0.366 0.335 0.299 0.221 0.15 0.094 0.0565 0.0344 0.0231 0.0169 0.0162 0.00867 0.00302 0.00171 0.00165 0.00144 0.00064 0.00018 0.00011 1.4e-05 1.2e-05 4.6e-06 3.9e-07 1.91 1.84 1.65 1.37 1.07 0.54 0.228 0.0972 0.0601 0.0549 0.0545 0.0443 0.0281 0.0154 0.00794 0.00449 0.00324 0.00293 0.00241 0.000819 0.000339 0.000318 0.000259 0.000161 5.2e-05 3.1e-05 7.4e-06 3.6e-06 1.4e-06 1.4e-07 9.1e-08
Z 99 27 2.0 2.0 2.0 4.0 2.0 2.0 4.0 4.0 6.0 2.0 2.0 4.0 4.0 6.0 6.0 8.0 2.0 2.0 4.0 4.0 6.0 6.0 5.0 2.0 2.0 4.0 2.0 139110.0 26824.0 26007.0 20409.0 6953.1 6564.6 5247.2 4625.5 4369.6 1856.3 1673.6 1315.9 1024.0 960.07 573.93 556.13 428.63 352.76 260.36 148.17000000000002 134.48 11.54 9.61 62.849999999999994 40.02 25.44 5.779999999999999 0.00658 0.00658 0.00658 0.00658 0.00658 0.00658 0.00658 0.00658 0.00658 0.00658 0.00658 0.00658 0.00658 0.00658 0.00658 0.00658 0.00657 0.00657 0.00657 0.00656 0.00654 0.00653 0.00651 0.00649 0.0064 0.0063 0.006 0.0054 0.0047 0.0034 0.0015 0.0238 0.0238 0.0238 0.0238 0.0238 0.0238 0.0238 0.0238 0.0238 0.0238 0.0238 0.0238 0.0237 0.0237 0.0237 0.0236 0.0236 0.0235 0.0233 0.0229 0.0224 0.0218 0.0212 0.0204 0.019 0.014 0.0096 0.0035 0.0012 0.00056 0.00038 0.0113 0.0113 0.0113 0.0113 0.0113 0.0113 0.0113 0.0113 0.0113 0.0113 0.0113 0.0113 0.0113 0.0113 0.0113 0.0113 0.0113 0.0113 0.0113 0.0113 0.0113 0.0113 0.0113 0.0113 0.011 0.011 0.01 0.0079 0.0054 0.0022 0.00036 0.014 0.014 0.014 0.014 0.014 0.014 0.014 0.014 0.014 0.014 0.014 0.014 0.014 0.014 0.014 0.014 0.014 0.014 0.014 0.014 0.014 0.0139 0.0139 0.0139 0.0139 0.013 0.012 0.0079 0.0045 0.0013 0.00011 0.0523 0.0523 0.0523 0.0522 0.0522 0.0522 0.0522 0.0521 0.052 0.0519 0.0518 0.0516 0.0513 0.0509 0.0505 0.05 0.0495 0.0484 0.0463 0.0422 0.0375 0.0325 0.0275 0.0227 0.015 0.0052 0.004 0.0028 0.00099 0.00013 9.6e-05 0.0303 0.0303 0.0303 0.0303 0.0303 0.0303 0.0303 0.0303 0.0303 0.0303 0.0303 0.0303 0.0303 0.0303 0.0303 0.0303 0.0303 0.0303 0.0302 0.03 0.0296 0.029 0.0281 0.027 0.024 0.014 0.0059 0.0012 0.0011 0.00063 0.00011 0.0346 0.0346 0.0346 0.0346 0.0346 0.0346 0.0346 0.0346 0.0346 0.0346 0.0346 0.0346 0.0346 0.0346 0.0346 0.0345 0.0345 0.0345 0.0344 0.034 0.0333 0.0323 0.0308 0.0288 0.024 0.011 0.0039 0.0015 0.0013 0.00046 4e-05 0.0221 0.0221 0.0221 0.0221 0.0221 0.0221 0.0221 0.0221 0.0221 0.0221 0.0221 0.0221 0.0221 0.0221 0.0221 0.0221 0.0221 0.0221 0.0221 0.0221 0.0221 0.022 0.0219 0.0218 0.021 0.017 0.012 0.0041 0.0012 0.00012 3.6e-06 0.023 0.023 0.023 0.023 0.023 0.023 0.023 0.023 0.023 0.023 0.023 0.023 0.023 0.023 0.023 0.023 0.023 0.023 0.023 0.023 0.023 0.0229 0.0228 0.0226 0.022 0.017 0.012 0.0037 0.001 8.7e-05 1.9e-06 0.102 0.102 0.102 0.102 0.101 0.101 0.101 0.1 0.0996 0.0989 0.0981 0.0961 0.0937 0.091 0.088 0.0846 0.0811 0.0735 0.0614 0.0423 0.0273 0.0178 0.013 0.0113 0.011 0.0054 0.0015 0.00099 0.0004 4e-05 2.7e-05 0.0636 0.0636 0.0636 0.0636 0.0636 0.0636 0.0636 0.0636 0.0636 0.0636 0.0636 0.0636 0.0635 0.0634 0.0633 0.0631 0.0629 0.0621 0.0602 0.0549 0.0469 0.0373 0.0278 0.0196 0.009 0.0046 0.0034 0.00053 0.00026 0.00018 3.2e-05 0.0714 0.0714 0.0714 0.0714 0.0714 0.0714 0.0714 0.0714 0.0714 0.0714 0.0714 0.0713 0.0712 0.071 0.0708 0.0705 0.07 0.0688 0.0657 0.0573 0.0459 0.0336 0.0229 0.0148 0.0069 0.0052 0.0026 0.00041 0.00036 0.00014 1.2e-05 0.0523 0.0523 0.0523 0.0523 0.0523 0.0523 0.0523 0.0523 0.0523 0.0523 0.0523 0.0523 0.0523 0.0523 0.0523 0.0523 0.0522 0.0522 0.0519 0.0505 0.0475 0.0427 0.0363 0.0292 0.016 0.003 0.0022 0.0013 0.00042 4.4e-05 1.2e-06 0.054 0.054 0.054 0.054 0.054 0.054 0.054 0.054 0.054 0.054 0.054 0.054 0.054 0.054 0.054 0.0539 0.0539 0.0538 0.0535 0.0519 0.0484 0.0429 0.0359 0.0283 0.015 0.0028 0.0023 0.0012 0.00036 3.1e-05 6.6e-07 0.0411 0.0411 0.0411 0.0411 0.0411 0.0411 0.0411 0.0411 0.0411 0.0411 0.0411 0.0411 0.0411 0.0411 0.0411 0.0411 0.0411 0.0411 0.0411 0.0409 0.0401 0.0387 0.0363 0.0331 0.025 0.0096 0.003 0.0003 3.7e-05 1.2e-06 9.5e-09 0.0418 0.0418 0.0418 0.0418 0.0418 0.0418 0.0418 0.0418 0.0418 0.0418 0.0418 0.0418 0.0418 0.0418 0.0418 0.0418 0.0418 0.0418 0.0418 0.0415 0.0407 0.0391 0.0365 0.0332 0.025 0.0092 0.0028 0.00027 3.1e-05 9.1e-07 5.8e-09 0.204 0.203 0.203 0.202 0.202 0.199 0.196 0.192 0.187 0.182 0.175 0.161 0.146 0.13 0.113 0.0975 0.0829 0.0584 0.0349 0.0231 0.0225 0.0192 0.0131 0.00773 0.0033 0.0022 0.00055 0.00027 0.00012 1.1e-05 7.1e-06 0.133 0.133 0.133 0.133 0.133 0.133 0.133 0.133 0.133 0.133 0.132 0.131 0.129 0.126 0.122 0.117 0.111 0.0968 0.0715 0.0348 0.016 0.0109 0.0105 0.00991 0.0059 0.0011 0.00096 0.00016 6.3e-05 4.4e-05 8.1e-06 0.15 0.15 0.15 0.15 0.15 0.15 0.15 0.15 0.15 0.149 0.149 0.147 0.143 0.139 0.132 0.124 0.115 0.0945 0.0627 0.0259 0.0132 0.0118 0.0113 0.00915 0.0039 0.0013 0.00079 0.0001 8.7e-05 3.5e-05 3e-06 0.124 0.124 0.124 0.124 0.124 0.124 0.124 0.124 0.124 0.124 0.124 0.124 0.123 0.122 0.12 0.118 0.114 0.104 0.0838 0.0462 0.0204 0.00894 0.00577 0.00544 0.0047 0.00094 0.0004 0.00027 9.3e-05 9.6e-06 2.7e-07 0.128 0.128 0.128 0.128 0.128 0.128 0.128 0.128 0.128 0.128 0.128 0.128 0.127 0.126 0.124 0.121 0.117 0.106 0.0826 0.0432 0.0182 0.00809 0.00573 0.00558 0.0046 0.00081 0.00042 0.00025 7.8e-05 6.9e-06 1.4e-07 0.149 0.149 0.149 0.149 0.149 0.149 0.149 0.149 0.149 0.148 0.148 0.147 0.144 0.14 0.134 0.127 0.119 0.102 0.0749 0.0391 0.0179 0.00763 0.0034 0.002 0.0017 0.001 0.00037 3.9e-05 4.9e-06 1.6e-07 1.3e-09 0.156 0.156 0.156 0.156 0.156 0.156 0.156 0.156 0.156 0.156 0.155 0.153 0.149 0.144 0.137 0.128 0.119 0.0997 0.0717 0.0363 0.0162 0.00679 0.00305 0.00187 0.0016 0.00097 0.00034 3.4e-05 4e-06 1.2e-07 7.7e-10 0.495 0.493 0.488 0.481 0.47 0.442 0.405 0.362 0.317 0.271 0.227 0.151 0.097 0.064 0.0474 0.041 0.0396 0.0388 0.0292 0.0102 0.00489 0.00466 0.00383 0.00243 0.00079 0.00048 0.00012 5.4e-05 2.3e-05 2.2e-06 1.4e-06 0.337 0.337 0.337 0.337 0.337 0.336 0.332 0.326 0.315 0.301 0.283 0.237 0.186 0.137 0.0949 0.0635 0.0419 0.0214 0.0167 0.0136 0.00653 0.00268 0.0018 0.00176 0.0012 0.0002 0.00017 3e-05 1.1e-05 7.6e-06 1.4e-06 0.415 0.415 0.415 0.415 0.414 0.41 0.402 0.386 0.363 0.333 0.299 0.223 0.153 0.0974 0.0592 0.036 0.0238 0.0166 0.0159 0.00902 0.00322 0.00172 0.00163 0.00146 0.00069 0.00018 0.00011 1.5e-05 1.2e-05 4.9e-06 4.2e-07 1.89 1.82 1.64 1.37 1.07 0.549 0.235 0.0999 0.0596 0.0532 0.0529 0.044 0.0287 0.016 0.00838 0.00467 0.00323 0.00281 0.0024 0.00087 0.000339 0.000308 0.000262 0.00017 5.4e-05 3.2e-05 8e-06 3.5e-06 1.5e-06 1.4e-07 9.1e-08
Z 100 27 2.0 2.0 2.0 4.0 2.0 2.0 4.0 4.0 6.0 2.0 2.0 4.0 4.0 6.0 6.0 8.0 2.0 2.0 4.0 4.0 6.0 6.0 6.0 2.0 2.0 4.0 2.0 142680.0 27622.0 26792.0 20894.0 7179.7 6784.0 5392.6 4760.8 4492.7 1925.8000000000002 1739.0 1359.6000000000001 1061.8 994.3599999999999 600.52 581.62 446.11 368.06 269.17 153.89000000000001 139.29 12.29 10.180000000000001 64.85000000000001 41.27 25.77 5.85 0.00646 0.00646 0.00646 0.00646 0.00646 0.00646 0.00646 0.00646 0.00646 0.00646 0.00646 0.00646 0.00646 0.00646 0.00646 0.00646 0.00646 0.00646 0.00645 0.00644 0.00643 0.00642 0.0064 0.00638 0.0063 0.0062 0.0059 0.0054 0.0047 0.0034 0.0015 0.0234 0.0234 0.0234 0.0234 0.0234 0.0234 0.0234 0.0234 0.0234 0.0234 0.0234 0.0234 0.0234 0.0233 0.0233 0.0233 0.0232 0.0231 0.0229 0.0226 0.0221 0.0216 0.0209 0.0202 0.019 0.014 0.0097 0.0036 0.0012 0.00054 0.00039 0.0111 0.0111 0.0111 0.0111 0.0111 0.0111 0.0111 0.0111 0.0111 0.0111 0.0111 0.0111 0.0111 0.0111 0.0111 0.0111 0.0111 0.0111 0.0111 0.0111 0.0111 0.0111 0.0111 0.0111 0.011 0.011 0.01 0.0079 0.0055 0.0022 0.00038 0.0138 0.0138 0.0138 0.0138 0.0138 0.0138 0.0138 0.0138 0.0138 0.0138 0.0138 0.0138 0.0138 0.0138 0.0138 0.0138 0.0138 0.0138 0.0138 0.0138 0.0138 0.0138 0.0138 0.0137 0.0137 0.013 0.012 0.0079 0.0046 0.0013 0.00012 0.0515 0.0515 0.0514 0.0514 0.0514 0.0514 0.0513 0.0513 0.0512 0.0511 0.051 0.0508 0.0505 0.0502 0.0498 0.0493 0.0488 0.0477 0.0458 0.0418 0.0373 0.0324 0.0276 0.0229 0.015 0.0053 0.0039 0.0029 0.0011 0.00014 9.7e-05 0.0298 0.0298 0.0298 0.0298 0.0298 0.0298 0.0298 0.0298 0.0298 0.0298 0.0298 0.0298 0.0298 0.0298 0.0298 0.0298 0.0298 0.0298 0.0297 0.0295 0.0292 0.0286 0.0278 0.0267 0.024 0.014 0.0062 0.0013 0.0011 0.00065 0.00012 0.0341 0.0341 0.0341 0.0341 0.0341 0.0341 0.0341 0.0341 0.0341 0.0341 0.0341 0.0341 0.0341 0.0341 0.0341 0.0341 0.0341 0.0341 0.034 0.0336 0.033 0.032 0.0305 0.0287 0.024 0.011 0.004 0.0015 0.0013 0.00048 4.3e-05 0.0218 0.0218 0.0218 0.0218 0.0218 0.0218 0.0218 0.0218 0.0218 0.0218 0.0218 0.0218 0.0218 0.0218 0.0218 0.0218 0.0218 0.0218 0.0218 0.0218 0.0218 0.0218 0.0217 0.0215 0.021 0.017 0.012 0.0042 0.0013 0.00013 4e-06 0.0227 0.0227 0.0227 0.0227 0.0227 0.0227 0.0227 0.0227 0.0227 0.0227 0.0227 0.0227 0.0227 0.0227 0.0227 0.0227 0.0227 0.0227 0.0227 0.0227 0.0227 0.0226 0.0225 0.0223 0.022 0.017 0.012 0.0038 0.0011 9.3e-05 2.1e-06 0.0999 0.0999 0.0999 0.0998 0.0997 0.0995 0.0991 0.0986 0.098 0.0973 0.0965 0.0946 0.0923 0.0897 0.0868 0.0837 0.0803 0.073 0.0614 0.0427 0.0279 0.0182 0.0132 0.0112 0.011 0.0057 0.0016 0.00099 0.00042 4.2e-05 2.7e-05 0.0625 0.0625 0.0625 0.0625 0.0625 0.0625 0.0625 0.0625 0.0625 0.0625 0.0625 0.0625 0.0624 0.0623 0.0622 0.062 0.0618 0.0611 0.0594 0.0544 0.0468 0.0377 0.0284 0.0202 0.0094 0.0045 0.0035 0.00058 0.00026 0.00018 3.4e-05 0.0703 0.0703 0.0703 0.0703 0.0703 0.0703 0.0703 0.0703 0.0703 0.0703 0.0703 0.0702 0.0702 0.07 0.0698 0.0695 0.0691 0.0679 0.065 0.057 0.046 0.0341 0.0235 0.0154 0.0071 0.0052 0.0027 0.00041 0.00036 0.00015 1.3e-05 0.0515 0.0515 0.0515 0.0515 0.0515 0.0515 0.0515 0.0515 0.0515 0.0515 0.0515 0.0515 0.0515 0.0515 0.0514 0.0514 0.0514 0.0513 0.0511 0.0499 0.0471 0.0425 0.0365 0.0297 0.017 0.0031 0.0022 0.0013 0.00045 4.7e-05 1.4e-06 0.0532 0.0532 0.0532 0.0532 0.0532 0.0532 0.0532 0.0532 0.0532 0.0532 0.0532 0.0532 0.0531 0.0531 0.0531 0.0531 0.0531 0.053 0.0527 0.0512 0.048 0.0428 0.0361 0.0288 0.016 0.0029 0.0023 0.0012 0.00038 3.4e-05 7.3e-07 0.0404 0.0404 0.0404 0.0404 0.0404 0.0404 0.0404 0.0404 0.0404 0.0404 0.0404 0.0404 0.0404 0.0404 0.0404 0.0404 0.0404 0.0404 0.0404 0.0402 0.0395 0.0382 0.036 0.033 0.026 0.01 0.0032 0.00032 4.1e-05 1.3e-06 1.1e-08 0.0411 0.0411 0.0411 0.0411 0.0411 0.0411 0.0411 0.0411 0.0411 0.0411 0.0411 0.0411 0.0411 0.0411 0.0411 0.0411 0.0411 0.0411 0.041 0.0408 0.0401 0.0387 0.0363 0.0331 0.025 0.0096 0.003 0.00029 3.5e-05 1e-06 6.7e-09 0.199 0.199 0.199 0.198 0.197 0.195 0.192 0.188 0.184 0.178 0.173 0.159 0.145 0.129 0.113 0.0981 0.0838 0.0596 0.0358 0.023 0.0223 0.0195 0.0137 0.00827 0.0034 0.0023 0.0006 0.00027 0.00012 1.2e-05 7.2e-06 0.13 0.13 0.13 0.13 0.13 0.13 0.13 0.13 0.13 0.13 0.129 0.128 0.127 0.124 0.12 0.116 0.11 0.0966 0.0725 0.0364 0.0168 0.0109 0.0104 0.00997 0.0062 0.0011 0.00098 0.00018 6.3e-05 4.6e-05 8.7e-06 0.148 0.148 0.148 0.148 0.148 0.147 0.147 0.147 0.147 0.147 0.146 0.144 0.141 0.137 0.131 0.123 0.115 0.095 0.0641 0.027 0.0135 0.0117 0.0113 0.0094 0.0042 0.0013 0.00082 0.00011 8.8e-05 3.7e-05 3.3e-06 0.121 0.121 0.121 0.121 0.121 0.121 0.121 0.121 0.121 0.121 0.121 0.121 0.121 0.12 0.118 0.116 0.113 0.104 0.0843 0.0479 0.0218 0.00957 0.00589 0.00541 0.0048 0.001 0.0004 0.00028 0.0001 1.1e-05 3.1e-07 0.126 0.126 0.126 0.126 0.126 0.126 0.126 0.126 0.126 0.126 0.126 0.125 0.125 0.124 0.122 0.119 0.115 0.105 0.0832 0.0449 0.0194 0.00856 0.00578 0.00555 0.0047 0.00088 0.00042 0.00026 8.4e-05 7.5e-06 1.6e-07 0.144 0.144 0.144 0.144 0.144 0.144 0.144 0.144 0.144 0.144 0.144 0.142 0.14 0.137 0.132 0.126 0.118 0.102 0.0765 0.0413 0.0196 0.00856 0.00382 0.00215 0.0017 0.0011 0.00041 4.4e-05 5.6e-06 1.9e-07 1.5e-09 0.151 0.151 0.151 0.151 0.151 0.151 0.151 0.151 0.151 0.151 0.15 0.149 0.145 0.141 0.134 0.127 0.118 0.1 0.0736 0.0386 0.0178 0.00764 0.00342 0.002 0.0016 0.001 0.00037 3.8e-05 4.6e-06 1.4e-07 9.1e-10 0.485 0.484 0.479 0.472 0.462 0.435 0.4 0.359 0.316 0.271 0.229 0.154 0.1 0.066 0.0482 0.0408 0.0388 0.0383 0.0299 0.011 0.00495 0.00462 0.00394 0.0026 0.00085 0.0005 0.00013 5.5e-05 2.5e-05 2.3e-06 1.4e-06 0.331 0.331 0.331 0.331 0.331 0.329 0.326 0.32 0.311 0.297 0.28 0.237 0.188 0.14 0.0988 0.0669 0.0445 0.0222 0.0163 0.0139 0.00701 0.00289 0.00181 0.00174 0.0013 0.00021 0.00017 3.3e-05 1.1e-05 7.9e-06 1.5e-06 0.41 0.41 0.41 0.41 0.409 0.405 0.397 0.382 0.36 0.332 0.299 0.225 0.156 0.101 0.0617 0.0377 0.0246 0.0164 0.0157 0.00934 0.00343 0.00173 0.00161 0.00148 0.00073 0.00018 0.00012 1.5e-05 1.2e-05 5.1e-06 4.5e-07 1.87 1.81 1.63 1.37 1.07 0.558 0.242 0.103 0.0593 0.0517 0.0513 0.0437 0.0292 0.0167 0.00884 0.00488 0.00325 0.0027 0.00238 0.000921 0.000342 0.000298 0.000263 0.000177 5.7e-05 3.2e-05 8.6e-06 3.5e-06 1.6e-06 1.5e-07 9.1e-08
DENSITY
Z 1 1 19.2 1.0 13.6
Z 2 1 41.8 2.0 24.59
Z 3 2 40.0 2.0 -1.0 58.0 5.392
Z 4 2 63.7 2.0 -2.0 115.0 9.322
Z 5 2 76.0 2.0 -3.0 192.0 11.386
Z 6 3 81.0 2.0 2.0 -2.0 288.0 16.59 11.26
Z 7 3 82.0 2.0 2.0 3.0 403.0 20.33 14.53
Z 8 3 95.0 2.0 2.0 4.0 538.0 28.48 13.62
Z 9 3 115.0 2.0 2.0 5.0 694.0 37.85 17.42
Z 10 4 137.0 2.0 2.0 2.0 4.0 870.1 48.47 21.66 21.56
Z 11 5 149.0 2.0 2.0 2.0 4.0 -1.0 1075.0 66.0 34.0 34.0 5.139
Z 12 5 156.0 2.0 2.0 2.0 4.0 -2.0 1308.0 92.0 54.0 54.0 7.646
Z 13 5 166.0 2.0 2.0 2.0 4.0 -3.0 1564.0 121.0 77.0 77.0 9.075
Z 14 6 173.0 2.0 2.0 2.0 4.0 2.0 -2.0 1844.0 154.0 104.0 104.0 13.46 8.151
Z 15 6 173.0 2.0 2.0 2.0 4.0 2.0 -3.0 2148.0 191.0 135.0 134.0 16.15 10.49
Z 16 6 180.0 2.0 2.0 2.0 4.0 2.0 -4.0 2476.0 232.0 170.0 168.0 20.2 10.36
Z 17 6 174.0 2.0 2.0 2.0 4.0 2.0 5.0 2829.0 277.0 208.0 206.0 24.54 12.97
Z 18 7 188.0 2.0 2.0 2.0 4.0 2.0 2.0 4.0 3206.3 326.5 250.6 248.5 29.24 15.94 15.76
Z 19 8 190.0 2.0 2.0 2.0 4.0 2.0 2.0 4.0 -1.0 3610.0 381.0 299.0 296.0 37.0 19.0 18.7 4.341
Z 20 8 191.0 2.0 2.0 2.0 4.0 2.0 2.0 4.0 -2.0 4041.0 441.0 353.0 349.0 46.0 28.0 28.0 6.113
Z 21 8 216.0 2.0 2.0 2.0 4.0 2.0 2.0 4.0 -3.0 4494.0 503.0 408.0 403.0 55.0 33.0 33.0 7.027
Z 22 9 233.0 2.0 2.0 2.0 4.0 2.0 2.0 4.0 2.0 -2.0 4970.0 567.0 465.0 459.0 64.0 39.0 38.0 8.0 6.82
Z 23 9 245.0 2.0 2.0 2.0 4.0 2.0 2.0 4.0 3.0 -2.0 5470.0 633.0 525.0 518.0 72.0 44.0 43.0 8.0 6.74
Z 24 9 257.0 2.0 2.0 2.0 4.0 2.0 2.0 4.0 4.0 -2.0 5995.0 702.0 589.0 580.0 80.0 49.0 48.0 8.25 7.508
Z 25 9 272.0 2.0 2.0 2.0 4.0 2.0 2.0 4.0 5.0 -2.0 6544.0 755.0 656.0 645.0 89.0 55.0 53.0 9.0 7.434
Z 26 9 286.0 2.0 2.0 2.0 4.0 2.0 2.0 4.0 6.0 -2.0 7117.0 851.0 726.0 713.0 98.0 61.0 59.0 9.0 7.87
Z 27 9 297.0 2.0 2.0 2.0 4.0 2.0 2.0 4.0 7.0 -2.0 7715.0 931.0 800.0 785.0 107.0 68.0 66.0 9.0 7.864
Z 28 10 311.0 2.0 2.0 2.0 4.0 2.0 2.0 4.0 4.0 4.0 -2.0 8338.0 1015.0 877.0 860.0 117.0 75.0 73.0 10.0 10.0 7.635
Z 29 10 322.0 2.0 2.0 2.0 4.0 2.0 2.0 4.0 4.0 6.0 -1.0 8986.0 1103.0 958.0 938.0 127.0 82.0 80.0 11.0 10.4 7.726
Z 30 10 330.0 2.0 2.0 2.0 4.0 2.0 2.0 4.0 4.0 6.0 -2.0 9663.0 1198.0 1047.0 1024.0 141.0 94.0 91.0 12.0 11.2 9.394
Z 31 10 334.0 2.0 2.0 2.0 4.0 2.0 2.0 4.0 4.0 6.0 -3.0 10371.0 1302.0 1146.0 1119.0 162.0 111.0 107.0 21.0 20.0 9.333
Z 32 11 350.0 2.0 2.0 2.0 4.0 2.0 2.0 4.0 4.0 6.0 2.0 -2.0 11107.0 1413.0 1251.0 1220.0 184.0 130.0 125.0 33.0 32.0 14.3 7.9
Z 33 11 347.0 2.0 2.0 2.0 4.0 2.0 2.0 4.0 4.0 6.0 2.0 -3.0 11871.0 1531.0 1362.0 1327.0 208.0 151.0 145.0 46.0 45.0 17.0 9.81
Z 34 11 348.0 2.0 2.0 2.0 4.0 2.0 2.0 4.0 4.0 6.0 2.0 -4.0 12662.0 1656.0 1479.0 1439.0 234.0 173.0 166.0 61.0 60.0 20.15 9.75
Z 35 11 343.0 2.0 2.0 2.0 4.0 2.0 2.0 4.0 4.0 6.0 2.0 5.0 13481.0 1787.0 1602.0 1556.0 262.0 197.0 189.0 77.0 76.0 23.8 11.85
Z 36 12 352.0 2.0 2.0 2.0 4.0 2.0 2.0 4.0 4.0 6.0 2.0 2.0 4.0 14327.0 1924.6 1730.9 1678.4 292.8 222.2 214.4 95.0 93.8 27.51 14.65 14.0
Z 37 13 363.0 2.0 2.0 2.0 4.0 2.0 2.0 4.0 4.0 6.0 2.0 2.0 4.0 -1.0 15203.0 2068.0 1867.0 1807.0 325.0 251.0 242.0 116.0 114.0 32.0 16.0 15.3 4.18
Z 38 13 366.0 2.0 2.0 2.0 4.0 2.0 2.0 4.0 4.0 6.0 2.0 2.0 4.0 -2.0 16108.0 2219.0 2010.0 1943.0 361.0 283.0 273.0 139.0 137.0 40.0 23.0 22.0 5.69
Z 39 13 379.0 2.0 2.0 2.0 4.0 2.0 2.0 4.0 4.0 6.0 2.0 2.0 4.0 -3.0 17041.0 2375.0 2158.0 2083.0 397.0 315.0 304.0 163.0 161.0 48.0 30.0 29.0 6.45
Z 40 13 393.0 2.0 2.0 2.0 4.0 2.0 2.0 4.0 4.0 6.0 2.0 2.0 4.0 -4.0 18002.0 2536.0 2311.0 2227.0 434.0 348.0 335.0 187.0 185.0 56.0 35.0 33.0 7.725
Z 41 14 417.0 2.0 2.0 2.0 4.0 2.0 2.0 4.0 4.0 6.0 2.0 2.0 4.0 2.0 -3.0 18990.0 2702.0 2469.0 2375.0 472.0 382.0 367.0 212.0 209.0 62.0 40.0 38.0 7.17 7.073
Z 42 13 424.0 2.0 2.0 2.0 4.0 2.0 2.0 4.0 4.0 6.0 2.0 2.0 4.0 -6.0 20006.0 2872.0 2632.0 2527.0 511.0 416.0 399.0 237.0 234.0 68.0 45.0 42.0 8.317
Z 43 14 428.0 2.0 2.0 2.0 4.0 2.0 2.0 4.0 4.0 6.0 2.0 2.0 4.0 3.0 -4.0 21050.0 3048.0 2800.0 2683.0 551.0 451.0 432.0 263.0 259.0 74.0 49.0 45.0 8.6 8.27
Z 44 14 441.0 2.0 2.0 2.0 4.0 2.0 2.0 4.0 4.0 6.0 2.0 2.0 4.0 5.0 -3.0 22123.0 3230.0 2973.0 2844.0 592.0 488.0 466.0 290.0 286.0 81.0 53.0 49.0 8.5 8.123
Z 45 14 449.0 2.0 2.0 2.0 4.0 2.0 2.0 4.0 4.0 6.0 2.0 2.0 4.0 6.0 -3.0 23225.0 3418.0 3152.0 3010.0 634.0 526.0 501.0 318.0 313.0 87.0 58.0 53.0 9.56 8.86
Z 46 14 470.0 2.0 2.0 2.0 4.0 2.0 2.0 4.0 4.0 6.0 2.0 2.0 4.0 8.0 -2.0 24357.0 3611.0 3337.0 3180.0 677.0 565.0 537.0 347.0 342.0 93.0 63.0 57.0 8.56 8.34
Z 47 15 470.0 2.0 2.0 2.0 4.0 2.0 2.0 4.0 4.0 6.0 2.0 2.0 4.0 4.0 6.0 -1.0 25520.0 3812.0 3530.0 3357.0 724.0 608.0 577.0 379.0 373.0 101.0 69.0 63.0 11.0 10.0 7.58
Z 48 15 469.0 2.0 2.0 2.0 4.0 2.0 2.0 4.0 4.0 6.0 2.0 2.0 4.0 4.0 6.0 -2.0 26715.0 4022.0 3732.0 3542.0 775.0 655.0 621.0 415.0 408.0 112.0 78.0 71.0 14.0 13.0 8.99
Z 49 15 488.0 2.0 2.0 2.0 4.0 2.0 2.0 4.0 4.0 6.0 2.0 2.0 4.0 4.0 6.0 -3.0 27944.0 4242.0 3943.0 3735.0 830.0 707.0 669.0 455.0 447.0 126.0 90.0 82.0 21.0 20.0 8.597
Z 50 16 488.0 2.0 2.0 2.0 4.0 2.0 2.0 4.0 4.0 6.0 2.0 2.0 4.0 4.0 6.0 2.0 -2.0 29204.0 4469.0 4160.0 3933.0 888.0 761.0 719.0 497.0 489.0 141.0 102.0 93.0 29.0 28.0 12.0 7.34
Z 51 16 487.0 2.0 2.0 2.0 4.0 2.0 2.0 4.0 4.0 6.0 2.0 2.0 4.0 4.0 6.0 2.0 -3.0 30496.0 4703.0 4385.0 4137.0 949.0 817.0 771.0 542.0 533.0 157.0 114.0 104.0 38.0 37.0 15.0 8.64
Z 52 16 485.0 2.0 2.0 2.0 4.0 2.0 2.0 4.0 4.0 6.0 2.0 2.0 4.0 4.0 6.0 2.0 -4.0 31820.0 4945.0 4618.0 4347.0 1012.0 876.0 825.0 589.0 578.0 174.0 127.0 117.0 48.0 46.0 17.84 9.01
Z 53 16 491.0 2.0 2.0 2.0 4.0 2.0 2.0 4.0 4.0 6.0 2.0 2.0 4.0 4.0 6.0 2.0 5.0 33176.0 5195.0 4858.0 4563.0 1078.0 937.0 881.0 638.0 626.0 193.0 141.0 131.0 58.0 56.0 20.61 10.45
Z 54 17 482.0 2.0 2.0 2.0 4.0 2.0 2.0 4.0 4.0 6.0 2.0 2.0 4.0 4.0 6.0 2.0 2.0 4.0 34565.0 5453.2 5107.2 4787.3 1148.7 1002.1 940.6 689.0 676.4 213.2 157.0 145.5 69.5 67.5 23.39 13.43 12.13
Z 55 18 488.0 2.0 2.0 2.0 4.0 2.0 2.0 4.0 4.0 6.0 2.0 2.0 4.0 4.0 6.0 2.0 2.0 4.0 -1.0 35987.0 5717.0 5362.0 5014.0 1220.0 1068.0 1000.0 742.0 728.0 233.0 174.0 164.0 81.0 79.0 25.0 14.0 12.3 3.89
Z 56 18 491.0 2.0 2.0 2.0 4.0 2.0 2.0 4.0 4.0 6.0 2.0 2.0 4.0 4.0 6.0 2.0 2.0 4.0 -2.0 37442.0 5991.0 5626.0 5249.0 1293.0 1138.0 1063.0 797.0 782.0 254.0 193.0 181.0 94.0 92.0 31.0 18.0 16.0 5.21
Z 57 18 501.0 2.0 2.0 2.0 4.0 2.0 2.0 4.0 4.0 6.0 2.0 2.0 4.0 4.0 6.0 2.0 2.0 4.0 -3.0 38928.0 6269.0 5894.0 5486.0 1365.0 1207.0 1124.0 851.0 834.0 273.0 210.0 196.0 105.0 103.0 36.0 22.0 19.0 5.637
Z 58 19 523.0 2.0 2.0 2.0 4.0 2.0 2.0 4.0 4.0 6.0 2.0 2.0 4.0 4.0 6.0 1.0 2.0 2.0 4.0 -3.0 40446.0 6552.0 6167.0 5726.0 1437.0 1275.0 1184.0 903.0 885.0 291.0 225.0 209.0 114.0 111.0 6.0 39.0 25.0 22.0 5.767
Z 59 19 535.0 2.0 2.0 2.0 4.0 2.0 2.0 4.0 4.0 6.0 2.0 2.0 4.0 4.0 6.0 2.0 2.0 2.0 4.0 -3.0 41995.0 6839.0 6444.0 5968.0 1509.0 1342.0 1244.0 954.0 934.0 307.0 238.0 220.0 121.0 117.0 6.0 41.0 27.0 24.0 5.613
Z 60 19 546.0 2.0 2.0 2.0 4.0 2.0 2.0 4.0 4.0 6.0 2.0 2.0 4.0 4.0 6.0 3.0 2.0 2.0 4.0 -3.0 43575.0 7132.0 6727.0 6213.0 1580.0 1408.0 1303.0 1005.0 983.0 321.0 250.0 230.0 126.0 122.0 6.0 42.0 28.0 25.0 5.66
Z 61 19 560.0 2.0 2.0 2.0 4.0 2.0 2.0 4.0 4.0 6.0 2.0 2.0 4.0 4.0 6.0 4.0 2.0 2.0 4.0 -3.0 45188.0 7432.0 7017.0 6464.0 1653.0 1476.0 1362.0 1057.0 1032.0 335.0 261.0 240.0 131.0 127.0 6.0 43.0 28.0 25.0 5.7
Z 62 19 574.0 2.0 2.0 2.0 4.0 2.0 2.0 4.0 4.0 6.0 2.0 2.0 4.0 4.0 6.0 6.0 2.0 2.0 4.0 -2.0 46837.0 7740.0 7315.0 6720.0 1728.0 1546.0 1422.0 1110.0 1083.0 349.0 273.0 251.0 137.0 132.0 6.0 44.0 29.0 25.0 5.63
Z 63 19 580.0 2.0 2.0 2.0 4.0 2.0 2.0 4.0 4.0 6.0 2.0 2.0 4.0 4.0 6.0 7.0 2.0 2.0 4.0 -2.0 48522.0 8056.0 7621.0 6981.0 1805.0 1618.0 1484.0 1164.0 1135.0 364.0 286.0 262.0 143.0 137.0 6.0 45.0 30.0 26.0 5.68
Z 64 19 591.0 2.0 2.0 2.0 4.0 2.0 2.0 4.0 4.0 6.0 2.0 2.0 4.0 4.0 6.0 7.0 2.0 2.0 4.0 -3.0 50243.0 8380.0 7935.0 7247.0 1884.0 1692.0 1547.0 1220.0 1189.0 380.0 300.0 273.0 150.0 143.0 6.0 46.0 31.0 27.0 6.107
Z 65 19 614.0 2.0 2.0 2.0 4.0 2.0 2.0 4.0 4.0 6.0 2.0 2.0 4.0 4.0 6.0 8.0 2.0 2.0 4.0 -3.0 51999.0 8711.0 8256.0 7518.0 1965.0 1768.0 1612.0 1277.0 1243.0 398.0 315.0 285.0 157.0 150.0 6.0 48.0 32.0 28.0 5.9
Z 66 19 628.0 2.0 2.0 2.0 4.0 2.0 2.0 4.0 4.0 6.0 2.0 2.0 4.0 4.0 6.0 9.0 2.0 2.0 4.0 -3.0 53792.0 9050.0 8585.0 7794.0 2048.0 1846.0 1678.0 1335.0 1298.0 416.0 331.0 297.0 164.0 157.0 6.0 50.0 33.0 28.0 5.953
Z 67 19 650.0 2.0 2.0 2.0 4.0 2.0 2.0 4.0 4.0 6.0 2.0 2.0 4.0 4.0 6.0 10.0 2.0 2.0 4.0 -3.0 55622.0 9398.0 8922.0 8075.0 2133.0 1926.0 1746.0 1395.0 1354.0 434.0 348.0 310.0 172.0 164.0 6.0 52.0 34.0 29.0 6.013
Z 68 19 658.0 2.0 2.0 2.0 4.0 2.0 2.0 4.0 4.0 6.0 2.0 2.0 4.0 4.0 6.0 11.0 2.0 2.0 4.0 -3.0 57489.0 9754.0 9267.0 8361.0 2220.0 2008.0 1815.0 1456.0 1412.0 452.0 365.0 323.0 181.0 172.0 6.0 54.0 35.0 30.0 6.067
Z 69 19 674.0 2.0 2.0 2.0 4.0 2.0 2.0 4.0 4.0 6.0 2.0 2.0 4.0 4.0 6.0 12.0 2.0 2.0 4.0 -3.0 59393.0 10118.0 9620.0 8651.0 2309.0 2092.0 1885.0 1518.0 1471.0 471.0 382.0 336.0 190.0 181.0 7.0 56.0 36.0 30.0 6.453
Z 70 20 684.0 2.0 2.0 2.0 4.0 2.0 2.0 4.0 4.0 6.0 2.0 2.0 4.0 4.0 6.0 6.0 8.0 2.0 2.0 4.0 -2.0 61335.0 10490.0 9981.0 8946.0 2401.0 2178.0 1956.0 1580.0 1531.0 490.0 399.0 349.0 200.0 190.0 8.0 7.0 58.0 37.0 31.0 6.25
Z 71 20 694.0 2.0 2.0 2.0 4.0 2.0 2.0 4.0 4.0 6.0 2.0 2.0 4.0 4.0 6.0 6.0 8.0 2.0 2.0 4.0 -3.0 63320.0 10876.0 10355.0 9250.0 2499.0 2270.0 2032.0 1647.0 1596.0 514.0 420.0 366.0 213.0 202.0 13.0 12.0 62.0 39.0 32.0 6.867
Z 72 20 705.0 2.0 2.0 2.0 4.0 2.0 2.0 4.0 4.0 6.0 2.0 2.0 4.0 4.0 6.0 6.0 8.0 2.0 2.0 4.0 -4.0 65350.0 11275.0 10742.0 9564.0 2604.0 2369.0 2113.0 1720.0 1665.0 542.0 444.0 386.0 229.0 217.0 21.0 20.0 68.0 43.0 35.0 7.25
Z 73 20 718.0 2.0 2.0 2.0 4.0 2.0 2.0 4.0 4.0 6.0 2.0 2.0 4.0 4.0 6.0 6.0 8.0 2.0 2.0 4.0 -5.0 67419.0 11684.0 11139.0 9884.0 2712.0 2472.0 2197.0 1796.0 1737.0 570.0 469.0 407.0 245.0 232.0 30.0 28.0 74.0 47.0 38.0 8.14
Z 74 20 727.0 2.0 2.0 2.0 4.0 2.0 2.0 4.0 4.0 6.0 2.0 2.0 4.0 4.0 6.0 6.0 8.0 2.0 2.0 4.0 -6.0 69529.0 12103.0 11546.0 10209.0 2823.0 2577.0 2283.0 1874.0 1811.0 599.0 495.0 428.0 261.0 248.0 38.0 36.0 80.0 51.0 41.0 8.667
Z 75 21 736.0 2.0 2.0 2.0 4.0 2.0 2.0 4.0 4.0 6.0 2.0 2.0 4.0 4.0 6.0 6.0 8.0 2.0 2.0 4.0 3.0 -4.0 71681.0 12532.0 11963.0 10540.0 2937.0 2686.0 2371.0 1953.0 1887.0 629.0 522.0 450.0 278.0 264.0 47.0 45.0 86.0 56.0 45.0 9.6 8.75
Z 76 21 746.0 2.0 2.0 2.0 4.0 2.0 2.0 4.0 4.0 6.0 2.0 2.0 4.0 4.0 6.0 6.0 8.0 2.0 2.0 4.0 5.0 -3.0 73876.0 12972.0 12390.0 10876.0 3054.0 2797.0 2461.0 2035.0 1964.0 660.0 551.0 473.0 295.0 280.0 56.0 54.0 92.0 61.0 49.0 9.6 8.867
Z 77 21 757.0 2.0 2.0 2.0 4.0 2.0 2.0 4.0 4.0 6.0 2.0 2.0 4.0 4.0 6.0 6.0 8.0 2.0 2.0 4.0 6.0 -3.0 76115.0 13422.0 12828.0 11219.0 3175.0 2912.0 2554.0 2119.0 2044.0 693.0 581.0 497.0 314.0 298.0 67.0 64.0 99.0 66.0 53.0 9.6 9.267
Z 78 21 790.0 2.0 2.0 2.0 4.0 2.0 2.0 4.0 4.0 6.0 2.0 2.0 4.0 4.0 6.0 6.0 8.0 2.0 2.0 4.0 8.0 -2.0 78399.0 13883.0 13277.0 11567.0 3300.0 3030.0 2649.0 2206.0 2126.0 727.0 612.0 522.0 335.0 318.0 78.0 75.0 106.0 71.0 57.0 9.6 9.3
Z 79 22 790.0 2.0 2.0 2.0 4.0 2.0 2.0 4.0 4.0 6.0 2.0 2.0 4.0 4.0 6.0 6.0 8.0 2.0 2.0 4.0 4.0 6.0 -1.0 80729.0 14356.0 13738.0 11923.0 3430.0 3153.0 2748.0 2295.0 2210.0 764.0 645.0 548.0 357.0 339.0 91.0 87.0 114.0 76.0 61.0 12.5 11.1 9.23
Z 80 22 800.0 2.0 2.0 2.0 4.0 2.0 2.0 4.0 4.0 6.0 2.0 2.0 4.0 4.0 6.0 6.0 8.0 2.0 2.0 4.0 4.0 7.0 -1.0 83108.0 14845.0 14214.0 12288.0 3567.0 3283.0 2852.0 2390.0 2300.0 806.0 683.0 579.0 382.0 363.0 107.0 103.0 125.0 85.0 68.0 14.0 11.771 10.4
Z 81 23 810.0 2.0 2.0 2.0 4.0 2.0 2.0 4.0 4.0 6.0 2.0 2.0 4.0 4.0 6.0 6.0 8.0 2.0 2.0 4.0 4.0 6.0 2.0 -1.0 85536.0 15350.0 14704.0 12662.0 3710.0 3420.0 2961.0 2490.0 2394.0 852.0 726.0 615.0 411.0 391.0 127.0 123.0 139.0 98.0 79.0 21.0 19.0 8.0 6.11
Z 82 23 823.0 2.0 2.0 2.0 4.0 2.0 2.0 4.0 4.0 6.0 2.0 2.0 4.0 4.0 6.0 6.0 8.0 2.0 2.0 4.0 4.0 6.0 2.0 -2.0 88011.0 15867.0 15206.0 13041.0 3857.0 3560.0 3072.0 2592.0 2490.0 899.0 769.0 651.0 441.0 419.0 148.0 144.0 153.0 111.0 90.0 27.0 25.0 10.0 7.42
Z 83 23 823.0 2.0 2.0 2.0 4.0 2.0 2.0 4.0 4.0 6.0 2.0 2.0 4.0 4.0 6.0 6.0 8.0 2.0 2.0 4.0 4.0 6.0 2.0 -3.0 90534.0 16396.0 15719.0 13426.0 4007.0 3704.0 3185.0 2696.0 2588.0 946.0 813.0 687.0 472.0 448.0 170.0 165.0 167.0 125.0 101.0 34.0 32.0 12.0 7.29
Z 84 23 830.0 2.0 2.0 2.0 4.0 2.0 2.0 4.0 4.0 6.0 2.0 2.0 4.0 4.0 6.0 6.0 8.0 2.0 2.0 4.0 4.0 6.0 4.0 -2.0 93106.0 16937.0 16244.0 13816.0 4161.0 3852.0 3301.0 2802.0 2687.0 994.0 858.0 724.0 503.0 478.0 193.0 187.0 181.0 139.0 112.0 41.0 38.0 11.715 8.43
Z 85 24 825.0 2.0 2.0 2.0 4.0 2.0 2.0 4.0 4.0 6.0 2.0 2.0 4.0 4.0 6.0 6.0 8.0 2.0 2.0 4.0 4.0 6.0 2.0 2.0 3.0 95729.0 17490.0 16782.0 14212.0 4320.0 4005.0 3420.0 2910.0 2788.0 1044.0 904.0 761.0 535.0 508.0 217.0 211.0 196.0 153.0 123.0 48.0 44.0 19.0 11.0 9.3
Z 86 24 794.0 2.0 2.0 2.0 4.0 2.0 2.0 4.0 4.0 6.0 2.0 2.0 4.0 4.0 6.0 6.0 8.0 2.0 2.0 4.0 4.0 6.0 2.0 2.0 4.0 98404.0 18055.0 17334.0 14615.0 4483.0 4162.0 3452.0 3019.0 2890.0 1096.0 951.0 798.0 567.0 538.0 242.0 235.0 212.0 167.0 134.0 55.0 51.0 24.0 14.0 10.7
Z 87 25 827.0 2.0 2.0 2.0 4.0 2.0 2.0 4.0 4.0 6.0 2.0 2.0 4.0 4.0 6.0 6.0 8.0 2.0 2.0 4.0 4.0 6.0 2.0 2.0 4.0 -1.0 101134.0 18637.0 17903.0 15028.0 4652.0 4324.0 3666.0 3134.0 2998.0 1153.0 1003.0 839.0 603.0 572.0 268.0 260.0 231.0 183.0 147.0 65.0 61.0 33.0 19.0 14.0 4.0
Z 88 25 826.0 2.0 2.0 2.0 4.0 2.0 2.0 4.0 4.0 6.0 2.0 2.0 4.0 4.0 6.0 6.0 8.0 2.0 2.0 4.0 4.0 6.0 2.0 2.0 4.0 -2.0 103919.0 19237.0 18488.0 15449.0 4827.0 4491.0 3793.0 3254.0 3111.0 1214.0 1060.0 884.0 642.0 609.0 296.0 287.0 253.0 201.0 161.0 77.0 73.0 40.0 25.0 19.0 5.28
Z 89 25 841.0 2.0 2.0 2.0 4.0 2.0 2.0 4.0 4.0 6.0 2.0 2.0 4.0 4.0 6.0 6.0 8.0 2.0 2.0 4.0 4.0 6.0 2.0 2.0 4.0 -3.0 106759.0 19850.0 19086.0 15874.0 5005.0 4661.0 3921.0 3374.0 3223.0 1274.0 1116.0 928.0 680.0 645.0 322.0 313.0 274.0 218.0 174.0 88.0 83.0 45.0 29.0 22.0 6.1
Z 90 25 847.0 2.0 2.0 2.0 4.0 2.0 2.0 4.0 4.0 6.0 2.0 2.0 4.0 4.0 6.0 6.0 8.0 2.0 2.0 4.0 4.0 6.0 2.0 2.0 4.0 -4.0 109654.0 20475.0 19696.0 16303.0 5185.0 4833.0 4049.0 3494.0 3335.0 1333.0 1171.0 970.0 717.0 679.0 347.0 338.0 293.0 233.0 185.0 97.0 91.0 50.0 33.0 25.0 6.0
Z 91 26 878.0 2.0 2.0 2.0 4.0 2.0 2.0 4.0 4.0 6.0 2.0 2.0 4.0 4.0 6.0 6.0 8.0 2.0 2.0 4.0 4.0 6.0 1.0 2.0 2.0 4.0 -4.0 112604.0 21112.0 20318.0 16735.0 5368.0 5008.0 4178.0 3613.0 3446.0 1390.0 1225.0 1011.0 752.0 712.0 372.0 362.0 312.0 248.0 195.0 104.0 97.0 6.0 50.0 32.0 24.0 6.0
Z 92 26 890.0 2.0 2.0 2.0 4.0 2.0 2.0 4.0 4.0 6.0 2.0 2.0 4.0 4.0 6.0 6.0 8.0 2.0 2.0 4.0 4.0 6.0 3.0 2.0 2.0 4.0 -3.0 115611.0 21762.0 20953.0 17171.0 5553.0 5187.0 4308.0 3733.0 3557.0 1446.0 1278.0 1050.0 785.0 743.0 396.0 386.0 329.0 261.0 203.0 110.0 101.0 6.0 52.0 34.0 24.0 6.033
Z 93 26 902.0 2.0 2.0 2.0 4.0 2.0 2.0 4.0 4.0 6.0 2.0 2.0 4.0 4.0 6.0 6.0 8.0 2.0 2.0 4.0 4.0 6.0 4.0 2.0 2.0 4.0 -3.0 118676.0 22427.0 21602.0 17612.0 5742.0 5370.0 4440.0 3854.0 3669.0 1504.0 1331.0 1089.0 819.0 774.0 421.0 410.0 346.0 274.0 211.0 116.0 106.0 6.0 54.0 35.0 25.0 6.0
Z 94 26 921.0 2.0 2.0 2.0 4.0 2.0 2.0 4.0 4.0 6.0 2.0 2.0 4.0 4.0 6.0 6.0 8.0 2.0 2.0 4.0 4.0 6.0 5.0 2.0 2.0 4.0 -3.0 121800.0 23109.0 22267.0 18059.0 5936.0 5557.0 4574.0 3977.0 3783.0 1563.0 1384.0 1128.0 853.0 805.0 446.0 434.0 356.0 287.0 219.0 122.0 111.0 6.0 53.0 34.0 23.0 6.0
Z 95 26 934.0 2.0 2.0 2.0 4.0 2.0 2.0 4.0 4.0 6.0 2.0 2.0 4.0 4.0 6.0 6.0 8.0 2.0 2.0 4.0 4.0 6.0 6.0 2.0 2.0 4.0 -3.0 124984.0 23803.0 22949.0 18512.0 6135.0 5748.0 4710.0 4102.0 3898.0 1623.0 1439.0 1167.0 887.0 836.0 467.0 452.0 355.0 301.0 220.0 123.0 112.0 6.0 54.0 44.0 36.0 6.0
Z 96 26 939.0 2.0 2.0 2.0 4.0 2.0 2.0 4.0 4.0 6.0 2.0 2.0 4.0 4.0 6.0 6.0 8.0 2.0 2.0 4.0 4.0 6.0 7.0 2.0 2.0 4.0 -3.0 128261.0 24523.0 23654.0 18974.0 6313.0 5946.0 4828.0 4236.0 4014.0 1664.0 1493.0 1194.0 919.0 864.0 494.0 479.0 384.0 314.0 239.0 126.0 119.0 11.0 60.0 39.0 27.0 5.667
Z 97 26 952.0 2.0 2.0 2.0 4.0 2.0 2.0 4.0 4.0 6.0 2.0 2.0 4.0 4.0 6.0 6.0 8.0 2.0 2.0 4.0 4.0 6.0 8.0 2.0 2.0 4.0 -3.0 131586.0 25260.0 24372.0 19440.0 6523.0 6149.0 4968.0 4366.0 4133.0 1729.0 1554.0 1236.0 955.0 898.0 520.0 504.0 401.0 329.0 248.0 142.0 124.0 12.0 63.0 41.0 27.0 5.333
Z 98 26 966.0 2.0 2.0 2.0 4.0 2.0 2.0 4.0 4.0 6.0 2.0 2.0 4.0 4.0 6.0 6.0 8.0 2.0 2.0 4.0 4.0 6.0 9.0 2.0 2.0 4.0 -3.0 134967.0 26008.0 25103.0 19907.0 6733.0 6352.0 5103.0 4492.0 4247.0 1789.0 1610.0 1273.0 987.0 925.0 546.0 529.0 412.0 338.0 251.0 142.0 129.0 9.0 61.0 39.0 25.0 7.0
Z 99 26 65.1 2.0 2.0 2.0 4.0 2.0 2.0 4.0 4.0 6.0 2.0 2.0 4.0 4.0 6.0 6.0 8.0 2.0 2.0 4.0 4.0 6.0 10.0 2.0 2.0 4.0 -3.0 138440.0 26781.0 25859.0 20383.0 6954.0 6566.0 5247.0 4225.0 4369.0 1857.0 1674.0 1316.0 1024.0 959.0 573.0 554.0 429.0 353.0 260.0 148.0 135.0 9.0 63.0 40.0 25.0 7.0
Z 100 26 64.2 2.0 2.0 2.0 4.0 2.0 2.0 4.0 4.0 6.0 2.0 2.0 4.0 4.0 6.0 6.0 8.0 2.0 2.0 4.0 4.0 6.0 11.0 2.0 2.0 4.0 -3.0 141962.0 27581.0 26642.0 20872.0 7187.0 6791.0 5399.0 4767.0 4498.0 1933.0 1746.0 1366.0 1068.0 1000.0 606.0 587.0 453.0 375.0 275.0 160.0 145.0 15.0 69.0 45.0 29.0 6.0
